State_UT,Year,Month,Alert_Status,Alert_Probability_Percent,Prediction_Confidence,Model
Andaman and Nicobar Islands,2011,1,No Alert,0.0,Very Low,XGBoost
Andaman and Nicobar Islands,2011,2,No Alert,0.0,Very Low,XGBoost
Andaman and Nicobar Islands,2011,3,No Alert,0.01,Very Low,XGBoost
Andaman and Nicobar Islands,2011,4,No Alert,0.01,Very Low,XGBoost
Andaman and Nicobar Islands,2011,5,No Alert,0.01,Very Low,XGBoost
Andaman and Nicobar Islands,2011,6,No Alert,0.01,Very Low,XGBoost
Andaman and Nicobar Islands,2011,7,No Alert,0.01,Very Low,XGBoost
Andaman and Nicobar Islands,2011,8,No Alert,0.01,Very Low,XGBoost
Andaman and Nicobar Islands,2011,9,No Alert,0.01,Very Low,XGBoost
Andaman and Nicobar Islands,2011,10,No Alert,0.01,Very Low,XGBoost
Andaman and Nicobar Islands,2011,11,No Alert,0.01,Very Low,XGBoost
Andaman and Nicobar Islands,2011,12,No Alert,0.01,Very Low,XGBoost
Andaman and Nicobar Islands,2012,1,No Alert,0.0,Very Low,XGBoost
Andaman and Nicobar Islands,2012,2,No Alert,0.0,Very Low,XGBoost
Andaman and Nicobar Islands,2012,3,No Alert,0.01,Very Low,XGBoost
Andaman and Nicobar Islands,2012,4,No Alert,0.03,Very Low,XGBoost
Andaman and Nicobar Islands,2012,5,No Alert,0.01,Very Low,XGBoost
Andaman and Nicobar Islands,2012,6,No Alert,0.01,Very Low,XGBoost
Andaman and Nicobar Islands,2012,7,No Alert,0.01,Very Low,XGBoost
Andaman and Nicobar Islands,2012,8,No Alert,0.01,Very Low,XGBoost
Andaman and Nicobar Islands,2012,9,No Alert,0.02,Very Low,XGBoost
Andaman and Nicobar Islands,2012,10,No Alert,0.01,Very Low,XGBoost
Andaman and Nicobar Islands,2012,11,No Alert,0.01,Very Low,XGBoost
Andaman and Nicobar Islands,2012,12,No Alert,0.01,Very Low,XGBoost
Andaman and Nicobar Islands,2013,1,No Alert,0.0,Very Low,XGBoost
Andaman and Nicobar Islands,2013,2,No Alert,0.0,Very Low,XGBoost
Andaman and Nicobar Islands,2013,3,No Alert,0.0,Very Low,XGBoost
Andaman and Nicobar Islands,2013,4,No Alert,0.05,Very Low,XGBoost
Andaman and Nicobar Islands,2013,5,No Alert,0.01,Very Low,XGBoost
Andaman and Nicobar Islands,2013,6,No Alert,0.01,Very Low,XGBoost
Andaman and Nicobar Islands,2013,7,No Alert,0.01,Very Low,XGBoost
Andaman and Nicobar Islands,2013,8,No Alert,0.02,Very Low,XGBoost
Andaman and Nicobar Islands,2013,9,No Alert,0.01,Very Low,XGBoost
Andaman and Nicobar Islands,2013,10,No Alert,0.02,Very Low,XGBoost
Andaman and Nicobar Islands,2013,11,No Alert,0.01,Very Low,XGBoost
Andaman and Nicobar Islands,2013,12,No Alert,0.0,Very Low,XGBoost
Andaman and Nicobar Islands,2014,1,No Alert,0.0,Very Low,XGBoost
Andaman and Nicobar Islands,2014,2,No Alert,0.0,Very Low,XGBoost
Andaman and Nicobar Islands,2014,3,No Alert,0.01,Very Low,XGBoost
Andaman and Nicobar Islands,2014,4,No Alert,0.16,Very Low,XGBoost
Andaman and Nicobar Islands,2014,5,No Alert,0.01,Very Low,XGBoost
Andaman and Nicobar Islands,2014,6,No Alert,0.01,Very Low,XGBoost
Andaman and Nicobar Islands,2014,7,No Alert,0.01,Very Low,XGBoost
Andaman and Nicobar Islands,2014,8,No Alert,0.01,Very Low,XGBoost
Andaman and Nicobar Islands,2014,9,No Alert,0.02,Very Low,XGBoost
Andaman and Nicobar Islands,2014,10,No Alert,0.01,Very Low,XGBoost
Andaman and Nicobar Islands,2014,11,No Alert,0.01,Very Low,XGBoost
Andaman and Nicobar Islands,2014,12,No Alert,0.01,Very Low,XGBoost
Andaman and Nicobar Islands,2015,1,No Alert,0.0,Very Low,XGBoost
Andaman and Nicobar Islands,2015,2,No Alert,0.0,Very Low,XGBoost
Andaman and Nicobar Islands,2015,3,No Alert,0.01,Very Low,XGBoost
Andaman and Nicobar Islands,2015,4,No Alert,0.02,Very Low,XGBoost
Andaman and Nicobar Islands,2015,5,No Alert,0.01,Very Low,XGBoost
Andaman and Nicobar Islands,2015,6,No Alert,0.01,Very Low,XGBoost
Andaman and Nicobar Islands,2015,7,No Alert,0.01,Very Low,XGBoost
Andaman and Nicobar Islands,2015,8,No Alert,0.02,Very Low,XGBoost
Andaman and Nicobar Islands,2015,9,No Alert,0.02,Very Low,XGBoost
Andaman and Nicobar Islands,2015,10,No Alert,0.01,Very Low,XGBoost
Andaman and Nicobar Islands,2015,11,No Alert,0.01,Very Low,XGBoost
Andaman and Nicobar Islands,2015,12,No Alert,0.01,Very Low,XGBoost
Andaman and Nicobar Islands,2016,1,No Alert,0.01,Very Low,XGBoost
Andaman and Nicobar Islands,2016,2,No Alert,0.01,Very Low,XGBoost
Andaman and Nicobar Islands,2016,3,No Alert,0.03,Very Low,XGBoost
Andaman and Nicobar Islands,2016,4,No Alert,0.18,Very Low,XGBoost
Andaman and Nicobar Islands,2016,5,No Alert,0.02,Very Low,XGBoost
Andaman and Nicobar Islands,2016,6,No Alert,0.01,Very Low,XGBoost
Andaman and Nicobar Islands,2016,7,No Alert,0.01,Very Low,XGBoost
Andaman and Nicobar Islands,2016,8,No Alert,0.02,Very Low,XGBoost
Andaman and Nicobar Islands,2016,9,No Alert,0.02,Very Low,XGBoost
Andaman and Nicobar Islands,2016,10,No Alert,0.04,Very Low,XGBoost
Andaman and Nicobar Islands,2016,11,No Alert,0.01,Very Low,XGBoost
Andaman and Nicobar Islands,2016,12,No Alert,0.02,Very Low,XGBoost
Andaman and Nicobar Islands,2017,1,No Alert,0.01,Very Low,XGBoost
Andaman and Nicobar Islands,2017,2,No Alert,0.01,Very Low,XGBoost
Andaman and Nicobar Islands,2017,3,No Alert,0.01,Very Low,XGBoost
Andaman and Nicobar Islands,2017,4,No Alert,0.04,Very Low,XGBoost
Andaman and Nicobar Islands,2017,5,No Alert,0.01,Very Low,XGBoost
Andaman and Nicobar Islands,2017,6,No Alert,0.01,Very Low,XGBoost
Andaman and Nicobar Islands,2017,7,No Alert,0.01,Very Low,XGBoost
Andaman and Nicobar Islands,2017,8,No Alert,0.02,Very Low,XGBoost
Andaman and Nicobar Islands,2017,9,No Alert,0.02,Very Low,XGBoost
Andaman and Nicobar Islands,2017,10,No Alert,0.03,Very Low,XGBoost
Andaman and Nicobar Islands,2017,11,No Alert,0.01,Very Low,XGBoost
Andaman and Nicobar Islands,2017,12,No Alert,0.02,Very Low,XGBoost
Andaman and Nicobar Islands,2018,1,No Alert,0.01,Very Low,XGBoost
Andaman and Nicobar Islands,2018,2,No Alert,0.01,Very Low,XGBoost
Andaman and Nicobar Islands,2018,3,No Alert,0.01,Very Low,XGBoost
Andaman and Nicobar Islands,2018,4,No Alert,0.03,Very Low,XGBoost
Andaman and Nicobar Islands,2018,5,No Alert,0.01,Very Low,XGBoost
Andaman and Nicobar Islands,2018,6,No Alert,0.01,Very Low,XGBoost
Andaman and Nicobar Islands,2018,7,No Alert,0.01,Very Low,XGBoost
Andaman and Nicobar Islands,2018,8,No Alert,0.02,Very Low,XGBoost
Andaman and Nicobar Islands,2018,9,No Alert,0.03,Very Low,XGBoost
Andaman and Nicobar Islands,2018,10,No Alert,0.02,Very Low,XGBoost
Andaman and Nicobar Islands,2018,11,No Alert,0.02,Very Low,XGBoost
Andaman and Nicobar Islands,2018,12,No Alert,0.02,Very Low,XGBoost
Andaman and Nicobar Islands,2019,1,No Alert,0.01,Very Low,XGBoost
Andaman and Nicobar Islands,2019,2,No Alert,0.01,Very Low,XGBoost
Andaman and Nicobar Islands,2019,3,No Alert,0.01,Very Low,XGBoost
Andaman and Nicobar Islands,2019,4,No Alert,0.05,Very Low,XGBoost
Andaman and Nicobar Islands,2019,5,No Alert,0.03,Very Low,XGBoost
Andaman and Nicobar Islands,2019,6,No Alert,0.01,Very Low,XGBoost
Andaman and Nicobar Islands,2019,7,No Alert,0.01,Very Low,XGBoost
Andaman and Nicobar Islands,2019,8,No Alert,0.02,Very Low,XGBoost
Andaman and Nicobar Islands,2019,9,No Alert,0.02,Very Low,XGBoost
Andaman and Nicobar Islands,2019,10,No Alert,0.01,Very Low,XGBoost
Andaman and Nicobar Islands,2019,11,No Alert,0.01,Very Low,XGBoost
Andaman and Nicobar Islands,2019,12,No Alert,0.01,Very Low,XGBoost
Andaman and Nicobar Islands,2020,1,No Alert,0.01,Very Low,XGBoost
Andaman and Nicobar Islands,2020,2,No Alert,0.01,Very Low,XGBoost
Andaman and Nicobar Islands,2020,3,No Alert,0.01,Very Low,XGBoost
Andaman and Nicobar Islands,2020,4,No Alert,0.02,Very Low,XGBoost
Andaman and Nicobar Islands,2020,5,No Alert,0.01,Very Low,XGBoost
Andaman and Nicobar Islands,2020,6,No Alert,0.0,Very Low,XGBoost
Andaman and Nicobar Islands,2020,7,No Alert,0.01,Very Low,XGBoost
Andaman and Nicobar Islands,2020,8,No Alert,0.01,Very Low,XGBoost
Andaman and Nicobar Islands,2020,9,No Alert,0.01,Very Low,XGBoost
Andaman and Nicobar Islands,2020,10,No Alert,0.02,Very Low,XGBoost
Andaman and Nicobar Islands,2020,11,No Alert,0.01,Very Low,XGBoost
Andaman and Nicobar Islands,2020,12,No Alert,0.01,Very Low,XGBoost
Andaman and Nicobar Islands,2021,1,No Alert,0.0,Very Low,XGBoost
Andaman and Nicobar Islands,2021,2,No Alert,0.01,Very Low,XGBoost
Andaman and Nicobar Islands,2021,3,No Alert,0.01,Very Low,XGBoost
Andaman and Nicobar Islands,2021,4,No Alert,0.07,Very Low,XGBoost
Andaman and Nicobar Islands,2021,5,No Alert,0.01,Very Low,XGBoost
Andaman and Nicobar Islands,2021,6,No Alert,0.01,Very Low,XGBoost
Andaman and Nicobar Islands,2021,7,No Alert,0.01,Very Low,XGBoost
Andaman and Nicobar Islands,2021,8,No Alert,0.01,Very Low,XGBoost
Andaman and Nicobar Islands,2021,9,No Alert,0.02,Very Low,XGBoost
Andaman and Nicobar Islands,2021,10,No Alert,0.02,Very Low,XGBoost
Andaman and Nicobar Islands,2021,11,No Alert,0.01,Very Low,XGBoost
Andaman and Nicobar Islands,2021,12,No Alert,0.02,Very Low,XGBoost
Andaman and Nicobar Islands,2022,1,No Alert,0.01,Very Low,XGBoost
Andaman and Nicobar Islands,2022,2,No Alert,0.01,Very Low,XGBoost
Andaman and Nicobar Islands,2022,3,No Alert,0.01,Very Low,XGBoost
Andaman and Nicobar Islands,2022,4,No Alert,0.02,Very Low,XGBoost
Andaman and Nicobar Islands,2022,5,No Alert,0.01,Very Low,XGBoost
Andaman and Nicobar Islands,2022,6,No Alert,0.0,Very Low,XGBoost
Andaman and Nicobar Islands,2022,7,No Alert,0.01,Very Low,XGBoost
Andaman and Nicobar Islands,2022,8,No Alert,0.01,Very Low,XGBoost
Andaman and Nicobar Islands,2022,9,No Alert,0.01,Very Low,XGBoost
Andaman and Nicobar Islands,2022,10,No Alert,0.02,Very Low,XGBoost
Andaman and Nicobar Islands,2022,11,No Alert,0.02,Very Low,XGBoost
Andaman and Nicobar Islands,2022,12,No Alert,0.02,Very Low,XGBoost
Andaman and Nicobar Islands,2023,1,No Alert,0.01,Very Low,XGBoost
Andaman and Nicobar Islands,2023,2,No Alert,0.01,Very Low,XGBoost
Andaman and Nicobar Islands,2023,3,No Alert,0.01,Very Low,XGBoost
Andaman and Nicobar Islands,2023,4,No Alert,0.13,Very Low,XGBoost
Andaman and Nicobar Islands,2023,5,No Alert,0.01,Very Low,XGBoost
Andaman and Nicobar Islands,2023,6,No Alert,0.01,Very Low,XGBoost
Andaman and Nicobar Islands,2023,7,No Alert,0.01,Very Low,XGBoost
Andaman and Nicobar Islands,2023,8,No Alert,0.01,Very Low,XGBoost
Andaman and Nicobar Islands,2023,9,No Alert,0.02,Very Low,XGBoost
Andaman and Nicobar Islands,2023,10,No Alert,0.03,Very Low,XGBoost
Andaman and Nicobar Islands,2023,11,No Alert,0.01,Very Low,XGBoost
Andaman and Nicobar Islands,2023,12,No Alert,0.01,Very Low,XGBoost
Andaman and Nicobar Islands,2024,1,No Alert,0.01,Very Low,XGBoost
Andaman and Nicobar Islands,2024,2,No Alert,0.01,Very Low,XGBoost
Andaman and Nicobar Islands,2024,3,No Alert,0.01,Very Low,XGBoost
Andaman and Nicobar Islands,2024,4,No Alert,0.09,Very Low,XGBoost
Andaman and Nicobar Islands,2024,5,No Alert,0.0,Very Low,XGBoost
Andaman and Nicobar Islands,2024,6,No Alert,0.0,Very Low,XGBoost
Andaman and Nicobar Islands,2024,7,No Alert,0.0,Very Low,XGBoost
Andaman and Nicobar Islands,2024,8,No Alert,0.01,Very Low,XGBoost
Andaman and Nicobar Islands,2024,9,No Alert,0.01,Very Low,XGBoost
Andaman and Nicobar Islands,2024,10,No Alert,0.01,Very Low,XGBoost
Andaman and Nicobar Islands,2024,11,No Alert,0.01,Very Low,XGBoost
Andaman and Nicobar Islands,2024,12,No Alert,0.01,Very Low,XGBoost
Andaman and Nicobar Islands,2025,1,No Alert,0.01,Very Low,XGBoost
Andaman and Nicobar Islands,2025,2,No Alert,0.01,Very Low,XGBoost
Andaman and Nicobar Islands,2025,3,No Alert,0.01,Very Low,XGBoost
Andaman and Nicobar Islands,2025,4,No Alert,0.03,Very Low,XGBoost
Andaman and Nicobar Islands,2025,5,No Alert,0.01,Very Low,XGBoost
Andaman and Nicobar Islands,2025,6,No Alert,0.0,Very Low,XGBoost
Andaman and Nicobar Islands,2025,7,No Alert,0.0,Very Low,XGBoost
Andaman and Nicobar Islands,2025,8,No Alert,0.01,Very Low,XGBoost
Andaman and Nicobar Islands,2025,9,No Alert,0.01,Very Low,XGBoost
Andaman and Nicobar Islands,2025,10,No Alert,0.01,Very Low,XGBoost
Andaman and Nicobar Islands,2025,11,No Alert,0.01,Very Low,XGBoost
Andaman and Nicobar Islands,2025,12,No Alert,0.01,Very Low,XGBoost
Andhra Pradesh,2011,1,No Alert,0.0,Very Low,XGBoost
Andhra Pradesh,2011,2,No Alert,0.0,Very Low,XGBoost
Andhra Pradesh,2011,3,No Alert,0.0,Very Low,XGBoost
Andhra Pradesh,2011,4,No Alert,0.01,Very Low,XGBoost
Andhra Pradesh,2011,5,No Alert,4.73,Very Low,XGBoost
Andhra Pradesh,2011,6,No Alert,0.1,Very Low,XGBoost
Andhra Pradesh,2011,7,No Alert,0.24,Very Low,XGBoost
Andhra Pradesh,2011,8,No Alert,0.07,Very Low,XGBoost
Andhra Pradesh,2011,9,No Alert,0.05,Very Low,XGBoost
Andhra Pradesh,2011,10,No Alert,0.0,Very Low,XGBoost
Andhra Pradesh,2011,11,No Alert,0.0,Very Low,XGBoost
Andhra Pradesh,2011,12,No Alert,0.0,Very Low,XGBoost
Andhra Pradesh,2012,1,No Alert,0.0,Very Low,XGBoost
Andhra Pradesh,2012,2,No Alert,0.0,Very Low,XGBoost
Andhra Pradesh,2012,3,No Alert,0.0,Very Low,XGBoost
Andhra Pradesh,2012,4,No Alert,0.3,Very Low,XGBoost
Andhra Pradesh,2012,5,No Alert,42.0,Low,XGBoost
Andhra Pradesh,2012,6,Alert,99.74,High,XGBoost
Andhra Pradesh,2012,7,No Alert,0.18,Very Low,XGBoost
Andhra Pradesh,2012,8,No Alert,0.15,Very Low,XGBoost
Andhra Pradesh,2012,9,No Alert,0.03,Very Low,XGBoost
Andhra Pradesh,2012,10,No Alert,0.0,Very Low,XGBoost
Andhra Pradesh,2012,11,No Alert,0.0,Very Low,XGBoost
Andhra Pradesh,2012,12,No Alert,0.0,Very Low,XGBoost
Andhra Pradesh,2013,1,No Alert,0.0,Very Low,XGBoost
Andhra Pradesh,2013,2,No Alert,0.0,Very Low,XGBoost
Andhra Pradesh,2013,3,No Alert,0.0,Very Low,XGBoost
Andhra Pradesh,2013,4,No Alert,27.79,Low,XGBoost
Andhra Pradesh,2013,5,Alert,99.95,High,XGBoost
Andhra Pradesh,2013,6,No Alert,0.23,Very Low,XGBoost
Andhra Pradesh,2013,7,No Alert,0.14,Very Low,XGBoost
Andhra Pradesh,2013,8,No Alert,0.19,Very Low,XGBoost
Andhra Pradesh,2013,9,No Alert,0.01,Very Low,XGBoost
Andhra Pradesh,2013,10,No Alert,0.01,Very Low,XGBoost
Andhra Pradesh,2013,11,No Alert,0.01,Very Low,XGBoost
Andhra Pradesh,2013,12,No Alert,0.0,Very Low,XGBoost
Andhra Pradesh,2014,1,No Alert,0.0,Very Low,XGBoost
Andhra Pradesh,2014,2,No Alert,0.0,Very Low,XGBoost
Andhra Pradesh,2014,3,No Alert,9.44,Very Low,XGBoost
Andhra Pradesh,2014,4,No Alert,28.67,Low,XGBoost
Andhra Pradesh,2014,5,Alert,99.96,High,XGBoost
Andhra Pradesh,2014,6,Alert,97.74,High,XGBoost
Andhra Pradesh,2014,7,No Alert,0.2,Very Low,XGBoost
Andhra Pradesh,2014,8,No Alert,0.08,Very Low,XGBoost
Andhra Pradesh,2014,9,No Alert,0.01,Very Low,XGBoost
Andhra Pradesh,2014,10,No Alert,0.0,Very Low,XGBoost
Andhra Pradesh,2014,11,No Alert,0.0,Very Low,XGBoost
Andhra Pradesh,2014,12,No Alert,0.01,Very Low,XGBoost
Andhra Pradesh,2015,1,No Alert,0.0,Very Low,XGBoost
Andhra Pradesh,2015,2,No Alert,0.0,Very Low,XGBoost
Andhra Pradesh,2015,3,No Alert,0.01,Very Low,XGBoost
Andhra Pradesh,2015,4,Alert,66.59,Moderate,XGBoost
Andhra Pradesh,2015,5,Alert,99.97,High,XGBoost
Andhra Pradesh,2015,6,Alert,99.33,High,XGBoost
Andhra Pradesh,2015,7,No Alert,0.37,Very Low,XGBoost
Andhra Pradesh,2015,8,No Alert,0.02,Very Low,XGBoost
Andhra Pradesh,2015,9,No Alert,0.01,Very Low,XGBoost
Andhra Pradesh,2015,10,No Alert,0.01,Very Low,XGBoost
Andhra Pradesh,2015,11,No Alert,0.01,Very Low,XGBoost
Andhra Pradesh,2015,12,No Alert,0.01,Very Low,XGBoost
Andhra Pradesh,2016,1,No Alert,0.0,Very Low,XGBoost
Andhra Pradesh,2016,2,No Alert,0.01,Very Low,XGBoost
Andhra Pradesh,2016,3,Alert,96.63,High,XGBoost
Andhra Pradesh,2016,4,Alert,99.73,High,XGBoost
Andhra Pradesh,2016,5,Alert,99.99,High,XGBoost
Andhra Pradesh,2016,6,Alert,99.64,High,XGBoost
Andhra Pradesh,2016,7,No Alert,0.13,Very Low,XGBoost
Andhra Pradesh,2016,8,Alert,99.6,High,XGBoost
Andhra Pradesh,2016,9,No Alert,0.08,Very Low,XGBoost
Andhra Pradesh,2016,10,No Alert,0.02,Very Low,XGBoost
Andhra Pradesh,2016,11,No Alert,0.01,Very Low,XGBoost
Andhra Pradesh,2016,12,No Alert,0.01,Very Low,XGBoost
Andhra Pradesh,2017,1,No Alert,0.01,Very Low,XGBoost
Andhra Pradesh,2017,2,No Alert,0.0,Very Low,XGBoost
Andhra Pradesh,2017,3,No Alert,0.02,Very Low,XGBoost
Andhra Pradesh,2017,4,No Alert,48.42,Low,XGBoost
Andhra Pradesh,2017,5,Alert,99.98,High,XGBoost
Andhra Pradesh,2017,6,Alert,99.83,High,XGBoost
Andhra Pradesh,2017,7,No Alert,0.28,Very Low,XGBoost
Andhra Pradesh,2017,8,No Alert,0.04,Very Low,XGBoost
Andhra Pradesh,2017,9,No Alert,0.01,Very Low,XGBoost
Andhra Pradesh,2017,10,No Alert,0.01,Very Low,XGBoost
Andhra Pradesh,2017,11,No Alert,0.0,Very Low,XGBoost
Andhra Pradesh,2017,12,No Alert,0.01,Very Low,XGBoost
Andhra Pradesh,2018,1,No Alert,0.0,Very Low,XGBoost
Andhra Pradesh,2018,2,No Alert,0.01,Very Low,XGBoost
Andhra Pradesh,2018,3,No Alert,0.01,Very Low,XGBoost
Andhra Pradesh,2018,4,No Alert,22.69,Low,XGBoost
Andhra Pradesh,2018,5,No Alert,11.46,Very Low,XGBoost
Andhra Pradesh,2018,6,Alert,98.97,High,XGBoost
Andhra Pradesh,2018,7,No Alert,0.27,Very Low,XGBoost
Andhra Pradesh,2018,8,No Alert,0.18,Very Low,XGBoost
Andhra Pradesh,2018,9,No Alert,0.01,Very Low,XGBoost
Andhra Pradesh,2018,10,No Alert,0.01,Very Low,XGBoost
Andhra Pradesh,2018,11,No Alert,0.01,Very Low,XGBoost
Andhra Pradesh,2018,12,No Alert,0.01,Very Low,XGBoost
Andhra Pradesh,2019,1,No Alert,0.0,Very Low,XGBoost
Andhra Pradesh,2019,2,No Alert,0.01,Very Low,XGBoost
Andhra Pradesh,2019,3,Alert,96.74,High,XGBoost
Andhra Pradesh,2019,4,Alert,65.42,Moderate,XGBoost
Andhra Pradesh,2019,5,Alert,99.59,High,XGBoost
Andhra Pradesh,2019,6,Alert,99.12,High,XGBoost
Andhra Pradesh,2019,7,No Alert,0.16,Very Low,XGBoost
Andhra Pradesh,2019,8,No Alert,0.29,Very Low,XGBoost
Andhra Pradesh,2019,9,No Alert,0.01,Very Low,XGBoost
Andhra Pradesh,2019,10,No Alert,0.01,Very Low,XGBoost
Andhra Pradesh,2019,11,No Alert,0.01,Very Low,XGBoost
Andhra Pradesh,2019,12,No Alert,0.01,Very Low,XGBoost
Andhra Pradesh,2020,1,No Alert,0.0,Very Low,XGBoost
Andhra Pradesh,2020,2,No Alert,0.0,Very Low,XGBoost
Andhra Pradesh,2020,3,No Alert,0.01,Very Low,XGBoost
Andhra Pradesh,2020,4,No Alert,20.11,Low,XGBoost
Andhra Pradesh,2020,5,No Alert,42.79,Low,XGBoost
Andhra Pradesh,2020,6,No Alert,3.25,Very Low,XGBoost
Andhra Pradesh,2020,7,No Alert,0.0,Very Low,XGBoost
Andhra Pradesh,2020,8,No Alert,0.04,Very Low,XGBoost
Andhra Pradesh,2020,9,No Alert,0.01,Very Low,XGBoost
Andhra Pradesh,2020,10,No Alert,0.01,Very Low,XGBoost
Andhra Pradesh,2020,11,No Alert,0.01,Very Low,XGBoost
Andhra Pradesh,2020,12,No Alert,0.01,Very Low,XGBoost
Andhra Pradesh,2021,1,No Alert,0.01,Very Low,XGBoost
Andhra Pradesh,2021,2,No Alert,0.0,Very Low,XGBoost
Andhra Pradesh,2021,3,Alert,97.26,High,XGBoost
Andhra Pradesh,2021,4,No Alert,16.4,Very Low,XGBoost
Andhra Pradesh,2021,5,No Alert,1.63,Very Low,XGBoost
Andhra Pradesh,2021,6,No Alert,0.09,Very Low,XGBoost
Andhra Pradesh,2021,7,No Alert,0.03,Very Low,XGBoost
Andhra Pradesh,2021,8,No Alert,0.01,Very Low,XGBoost
Andhra Pradesh,2021,9,No Alert,0.01,Very Low,XGBoost
Andhra Pradesh,2021,10,No Alert,0.0,Very Low,XGBoost
Andhra Pradesh,2021,11,No Alert,0.01,Very Low,XGBoost
Andhra Pradesh,2021,12,No Alert,0.01,Very Low,XGBoost
Andhra Pradesh,2022,1,No Alert,0.0,Very Low,XGBoost
Andhra Pradesh,2022,2,No Alert,0.0,Very Low,XGBoost
Andhra Pradesh,2022,3,No Alert,12.79,Very Low,XGBoost
Andhra Pradesh,2022,4,No Alert,17.84,Very Low,XGBoost
Andhra Pradesh,2022,5,Alert,75.66,Moderate,XGBoost
Andhra Pradesh,2022,6,No Alert,44.51,Low,XGBoost
Andhra Pradesh,2022,7,No Alert,0.04,Very Low,XGBoost
Andhra Pradesh,2022,8,No Alert,0.03,Very Low,XGBoost
Andhra Pradesh,2022,9,No Alert,0.01,Very Low,XGBoost
Andhra Pradesh,2022,10,No Alert,0.01,Very Low,XGBoost
Andhra Pradesh,2022,11,No Alert,0.01,Very Low,XGBoost
Andhra Pradesh,2022,12,No Alert,0.01,Very Low,XGBoost
Andhra Pradesh,2023,1,No Alert,0.01,Very Low,XGBoost
Andhra Pradesh,2023,2,No Alert,0.01,Very Low,XGBoost
Andhra Pradesh,2023,3,No Alert,0.0,Very Low,XGBoost
Andhra Pradesh,2023,4,No Alert,21.32,Low,XGBoost
Andhra Pradesh,2023,5,Alert,98.56,High,XGBoost
Andhra Pradesh,2023,6,Alert,86.29,High,XGBoost
Andhra Pradesh,2023,7,No Alert,0.06,Very Low,XGBoost
Andhra Pradesh,2023,8,No Alert,0.02,Very Low,XGBoost
Andhra Pradesh,2023,9,No Alert,0.02,Very Low,XGBoost
Andhra Pradesh,2023,10,No Alert,0.01,Very Low,XGBoost
Andhra Pradesh,2023,11,No Alert,0.01,Very Low,XGBoost
Andhra Pradesh,2023,12,No Alert,0.01,Very Low,XGBoost
Andhra Pradesh,2024,1,No Alert,0.0,Very Low,XGBoost
Andhra Pradesh,2024,2,No Alert,0.01,Very Low,XGBoost
Andhra Pradesh,2024,3,No Alert,0.01,Very Low,XGBoost
Andhra Pradesh,2024,4,Alert,96.72,High,XGBoost
Andhra Pradesh,2024,5,Alert,96.64,High,XGBoost
Andhra Pradesh,2024,6,Alert,51.04,Moderate,XGBoost
Andhra Pradesh,2024,7,No Alert,0.02,Very Low,XGBoost
Andhra Pradesh,2024,8,No Alert,0.01,Very Low,XGBoost
Andhra Pradesh,2024,9,No Alert,0.02,Very Low,XGBoost
Andhra Pradesh,2024,10,No Alert,0.0,Very Low,XGBoost
Andhra Pradesh,2024,11,No Alert,0.01,Very Low,XGBoost
Andhra Pradesh,2024,12,No Alert,0.01,Very Low,XGBoost
Andhra Pradesh,2025,1,No Alert,0.01,Very Low,XGBoost
Andhra Pradesh,2025,2,No Alert,0.0,Very Low,XGBoost
Andhra Pradesh,2025,3,Alert,93.48,High,XGBoost
Andhra Pradesh,2025,4,No Alert,10.34,Very Low,XGBoost
Andhra Pradesh,2025,5,No Alert,36.3,Low,XGBoost
Andhra Pradesh,2025,6,No Alert,0.01,Very Low,XGBoost
Andhra Pradesh,2025,7,No Alert,0.06,Very Low,XGBoost
Andhra Pradesh,2025,8,No Alert,0.01,Very Low,XGBoost
Andhra Pradesh,2025,9,No Alert,0.02,Very Low,XGBoost
Andhra Pradesh,2025,10,No Alert,0.0,Very Low,XGBoost
Andhra Pradesh,2025,11,No Alert,0.01,Very Low,XGBoost
Andhra Pradesh,2025,12,No Alert,0.01,Very Low,XGBoost
Arunachal Pradesh,2011,1,No Alert,0.02,Very Low,XGBoost
Arunachal Pradesh,2011,2,No Alert,0.02,Very Low,XGBoost
Arunachal Pradesh,2011,3,No Alert,0.01,Very Low,XGBoost
Arunachal Pradesh,2011,4,No Alert,0.04,Very Low,XGBoost
Arunachal Pradesh,2011,5,No Alert,0.0,Very Low,XGBoost
Arunachal Pradesh,2011,6,No Alert,0.01,Very Low,XGBoost
Arunachal Pradesh,2011,7,No Alert,0.0,Very Low,XGBoost
Arunachal Pradesh,2011,8,No Alert,0.01,Very Low,XGBoost
Arunachal Pradesh,2011,9,No Alert,0.01,Very Low,XGBoost
Arunachal Pradesh,2011,10,No Alert,0.02,Very Low,XGBoost
Arunachal Pradesh,2011,11,No Alert,0.02,Very Low,XGBoost
Arunachal Pradesh,2011,12,No Alert,0.02,Very Low,XGBoost
Arunachal Pradesh,2012,1,No Alert,0.02,Very Low,XGBoost
Arunachal Pradesh,2012,2,No Alert,0.02,Very Low,XGBoost
Arunachal Pradesh,2012,3,No Alert,0.02,Very Low,XGBoost
Arunachal Pradesh,2012,4,No Alert,0.03,Very Low,XGBoost
Arunachal Pradesh,2012,5,No Alert,0.0,Very Low,XGBoost
Arunachal Pradesh,2012,6,No Alert,0.01,Very Low,XGBoost
Arunachal Pradesh,2012,7,No Alert,0.01,Very Low,XGBoost
Arunachal Pradesh,2012,8,No Alert,0.01,Very Low,XGBoost
Arunachal Pradesh,2012,9,No Alert,0.01,Very Low,XGBoost
Arunachal Pradesh,2012,10,No Alert,0.02,Very Low,XGBoost
Arunachal Pradesh,2012,11,No Alert,0.02,Very Low,XGBoost
Arunachal Pradesh,2012,12,No Alert,0.02,Very Low,XGBoost
Arunachal Pradesh,2013,1,No Alert,0.02,Very Low,XGBoost
Arunachal Pradesh,2013,2,No Alert,0.02,Very Low,XGBoost
Arunachal Pradesh,2013,3,No Alert,0.02,Very Low,XGBoost
Arunachal Pradesh,2013,4,No Alert,0.03,Very Low,XGBoost
Arunachal Pradesh,2013,5,No Alert,0.01,Very Low,XGBoost
Arunachal Pradesh,2013,6,No Alert,0.0,Very Low,XGBoost
Arunachal Pradesh,2013,7,No Alert,0.0,Very Low,XGBoost
Arunachal Pradesh,2013,8,No Alert,0.0,Very Low,XGBoost
Arunachal Pradesh,2013,9,No Alert,0.01,Very Low,XGBoost
Arunachal Pradesh,2013,10,No Alert,0.01,Very Low,XGBoost
Arunachal Pradesh,2013,11,No Alert,0.02,Very Low,XGBoost
Arunachal Pradesh,2013,12,No Alert,0.02,Very Low,XGBoost
Arunachal Pradesh,2014,1,No Alert,0.02,Very Low,XGBoost
Arunachal Pradesh,2014,2,No Alert,0.01,Very Low,XGBoost
Arunachal Pradesh,2014,3,No Alert,0.03,Very Low,XGBoost
Arunachal Pradesh,2014,4,No Alert,0.06,Very Low,XGBoost
Arunachal Pradesh,2014,5,No Alert,0.01,Very Low,XGBoost
Arunachal Pradesh,2014,6,No Alert,0.0,Very Low,XGBoost
Arunachal Pradesh,2014,7,No Alert,0.0,Very Low,XGBoost
Arunachal Pradesh,2014,8,No Alert,0.0,Very Low,XGBoost
Arunachal Pradesh,2014,9,No Alert,0.01,Very Low,XGBoost
Arunachal Pradesh,2014,10,No Alert,0.02,Very Low,XGBoost
Arunachal Pradesh,2014,11,No Alert,0.02,Very Low,XGBoost
Arunachal Pradesh,2014,12,No Alert,0.02,Very Low,XGBoost
Arunachal Pradesh,2015,1,No Alert,0.02,Very Low,XGBoost
Arunachal Pradesh,2015,2,No Alert,0.01,Very Low,XGBoost
Arunachal Pradesh,2015,3,No Alert,0.03,Very Low,XGBoost
Arunachal Pradesh,2015,4,No Alert,0.03,Very Low,XGBoost
Arunachal Pradesh,2015,5,No Alert,0.01,Very Low,XGBoost
Arunachal Pradesh,2015,6,No Alert,0.0,Very Low,XGBoost
Arunachal Pradesh,2015,7,No Alert,0.0,Very Low,XGBoost
Arunachal Pradesh,2015,8,No Alert,0.01,Very Low,XGBoost
Arunachal Pradesh,2015,9,No Alert,0.01,Very Low,XGBoost
Arunachal Pradesh,2015,10,No Alert,0.02,Very Low,XGBoost
Arunachal Pradesh,2015,11,No Alert,0.02,Very Low,XGBoost
Arunachal Pradesh,2015,12,No Alert,0.02,Very Low,XGBoost
Arunachal Pradesh,2016,1,No Alert,0.02,Very Low,XGBoost
Arunachal Pradesh,2016,2,No Alert,0.02,Very Low,XGBoost
Arunachal Pradesh,2016,3,No Alert,0.02,Very Low,XGBoost
Arunachal Pradesh,2016,4,No Alert,0.03,Very Low,XGBoost
Arunachal Pradesh,2016,5,No Alert,0.01,Very Low,XGBoost
Arunachal Pradesh,2016,6,No Alert,0.0,Very Low,XGBoost
Arunachal Pradesh,2016,7,No Alert,0.0,Very Low,XGBoost
Arunachal Pradesh,2016,8,No Alert,0.01,Very Low,XGBoost
Arunachal Pradesh,2016,9,No Alert,0.01,Very Low,XGBoost
Arunachal Pradesh,2016,10,No Alert,0.02,Very Low,XGBoost
Arunachal Pradesh,2016,11,No Alert,0.03,Very Low,XGBoost
Arunachal Pradesh,2016,12,No Alert,0.02,Very Low,XGBoost
Arunachal Pradesh,2017,1,No Alert,0.02,Very Low,XGBoost
Arunachal Pradesh,2017,2,No Alert,0.02,Very Low,XGBoost
Arunachal Pradesh,2017,3,No Alert,0.01,Very Low,XGBoost
Arunachal Pradesh,2017,4,No Alert,0.04,Very Low,XGBoost
Arunachal Pradesh,2017,5,No Alert,0.01,Very Low,XGBoost
Arunachal Pradesh,2017,6,No Alert,0.0,Very Low,XGBoost
Arunachal Pradesh,2017,7,No Alert,0.0,Very Low,XGBoost
Arunachal Pradesh,2017,8,No Alert,0.01,Very Low,XGBoost
Arunachal Pradesh,2017,9,No Alert,0.01,Very Low,XGBoost
Arunachal Pradesh,2017,10,No Alert,0.03,Very Low,XGBoost
Arunachal Pradesh,2017,11,No Alert,0.03,Very Low,XGBoost
Arunachal Pradesh,2017,12,No Alert,0.03,Very Low,XGBoost
Arunachal Pradesh,2018,1,No Alert,0.02,Very Low,XGBoost
Arunachal Pradesh,2018,2,No Alert,0.01,Very Low,XGBoost
Arunachal Pradesh,2018,3,No Alert,0.02,Very Low,XGBoost
Arunachal Pradesh,2018,4,No Alert,0.04,Very Low,XGBoost
Arunachal Pradesh,2018,5,No Alert,0.01,Very Low,XGBoost
Arunachal Pradesh,2018,6,No Alert,0.0,Very Low,XGBoost
Arunachal Pradesh,2018,7,No Alert,0.01,Very Low,XGBoost
Arunachal Pradesh,2018,8,No Alert,0.02,Very Low,XGBoost
Arunachal Pradesh,2018,9,No Alert,0.01,Very Low,XGBoost
Arunachal Pradesh,2018,10,No Alert,0.02,Very Low,XGBoost
Arunachal Pradesh,2018,11,No Alert,0.03,Very Low,XGBoost
Arunachal Pradesh,2018,12,No Alert,0.02,Very Low,XGBoost
Arunachal Pradesh,2019,1,No Alert,0.02,Very Low,XGBoost
Arunachal Pradesh,2019,2,No Alert,0.01,Very Low,XGBoost
Arunachal Pradesh,2019,3,No Alert,0.02,Very Low,XGBoost
Arunachal Pradesh,2019,4,No Alert,0.03,Very Low,XGBoost
Arunachal Pradesh,2019,5,No Alert,0.01,Very Low,XGBoost
Arunachal Pradesh,2019,6,No Alert,0.0,Very Low,XGBoost
Arunachal Pradesh,2019,7,No Alert,0.0,Very Low,XGBoost
Arunachal Pradesh,2019,8,No Alert,0.01,Very Low,XGBoost
Arunachal Pradesh,2019,9,No Alert,0.02,Very Low,XGBoost
Arunachal Pradesh,2019,10,No Alert,0.02,Very Low,XGBoost
Arunachal Pradesh,2019,11,No Alert,0.02,Very Low,XGBoost
Arunachal Pradesh,2019,12,No Alert,0.02,Very Low,XGBoost
Arunachal Pradesh,2020,1,No Alert,0.02,Very Low,XGBoost
Arunachal Pradesh,2020,2,No Alert,0.02,Very Low,XGBoost
Arunachal Pradesh,2020,3,No Alert,0.02,Very Low,XGBoost
Arunachal Pradesh,2020,4,No Alert,0.04,Very Low,XGBoost
Arunachal Pradesh,2020,5,No Alert,0.01,Very Low,XGBoost
Arunachal Pradesh,2020,6,No Alert,0.0,Very Low,XGBoost
Arunachal Pradesh,2020,7,No Alert,0.0,Very Low,XGBoost
Arunachal Pradesh,2020,8,No Alert,0.01,Very Low,XGBoost
Arunachal Pradesh,2020,9,No Alert,0.01,Very Low,XGBoost
Arunachal Pradesh,2020,10,No Alert,0.03,Very Low,XGBoost
Arunachal Pradesh,2020,11,No Alert,0.02,Very Low,XGBoost
Arunachal Pradesh,2020,12,No Alert,0.02,Very Low,XGBoost
Arunachal Pradesh,2021,1,No Alert,0.02,Very Low,XGBoost
Arunachal Pradesh,2021,2,No Alert,0.02,Very Low,XGBoost
Arunachal Pradesh,2021,3,No Alert,0.03,Very Low,XGBoost
Arunachal Pradesh,2021,4,No Alert,0.07,Very Low,XGBoost
Arunachal Pradesh,2021,5,No Alert,0.01,Very Low,XGBoost
Arunachal Pradesh,2021,6,No Alert,0.0,Very Low,XGBoost
Arunachal Pradesh,2021,7,No Alert,0.0,Very Low,XGBoost
Arunachal Pradesh,2021,8,No Alert,0.0,Very Low,XGBoost
Arunachal Pradesh,2021,9,No Alert,0.01,Very Low,XGBoost
Arunachal Pradesh,2021,10,No Alert,0.02,Very Low,XGBoost
Arunachal Pradesh,2021,11,No Alert,0.03,Very Low,XGBoost
Arunachal Pradesh,2021,12,No Alert,0.02,Very Low,XGBoost
Arunachal Pradesh,2022,1,No Alert,0.02,Very Low,XGBoost
Arunachal Pradesh,2022,2,No Alert,0.02,Very Low,XGBoost
Arunachal Pradesh,2022,3,No Alert,0.03,Very Low,XGBoost
Arunachal Pradesh,2022,4,No Alert,0.03,Very Low,XGBoost
Arunachal Pradesh,2022,5,No Alert,0.0,Very Low,XGBoost
Arunachal Pradesh,2022,6,No Alert,0.0,Very Low,XGBoost
Arunachal Pradesh,2022,7,No Alert,0.0,Very Low,XGBoost
Arunachal Pradesh,2022,8,No Alert,0.0,Very Low,XGBoost
Arunachal Pradesh,2022,9,No Alert,0.01,Very Low,XGBoost
Arunachal Pradesh,2022,10,No Alert,0.02,Very Low,XGBoost
Arunachal Pradesh,2022,11,No Alert,0.03,Very Low,XGBoost
Arunachal Pradesh,2022,12,No Alert,0.02,Very Low,XGBoost
Arunachal Pradesh,2023,1,No Alert,0.02,Very Low,XGBoost
Arunachal Pradesh,2023,2,No Alert,0.02,Very Low,XGBoost
Arunachal Pradesh,2023,3,No Alert,0.02,Very Low,XGBoost
Arunachal Pradesh,2023,4,No Alert,0.05,Very Low,XGBoost
Arunachal Pradesh,2023,5,No Alert,0.01,Very Low,XGBoost
Arunachal Pradesh,2023,6,No Alert,0.0,Very Low,XGBoost
Arunachal Pradesh,2023,7,No Alert,0.0,Very Low,XGBoost
Arunachal Pradesh,2023,8,No Alert,0.0,Very Low,XGBoost
Arunachal Pradesh,2023,9,No Alert,0.01,Very Low,XGBoost
Arunachal Pradesh,2023,10,No Alert,0.02,Very Low,XGBoost
Arunachal Pradesh,2023,11,No Alert,0.02,Very Low,XGBoost
Arunachal Pradesh,2023,12,No Alert,0.02,Very Low,XGBoost
Arunachal Pradesh,2024,1,No Alert,0.02,Very Low,XGBoost
Arunachal Pradesh,2024,2,No Alert,0.02,Very Low,XGBoost
Arunachal Pradesh,2024,3,No Alert,0.01,Very Low,XGBoost
Arunachal Pradesh,2024,4,No Alert,0.02,Very Low,XGBoost
Arunachal Pradesh,2024,5,No Alert,0.0,Very Low,XGBoost
Arunachal Pradesh,2024,6,No Alert,0.0,Very Low,XGBoost
Arunachal Pradesh,2024,7,No Alert,0.01,Very Low,XGBoost
Arunachal Pradesh,2024,8,No Alert,0.01,Very Low,XGBoost
Arunachal Pradesh,2024,9,No Alert,0.0,Very Low,XGBoost
Arunachal Pradesh,2024,10,No Alert,0.01,Very Low,XGBoost
Arunachal Pradesh,2024,11,No Alert,0.01,Very Low,XGBoost
Arunachal Pradesh,2024,12,No Alert,0.01,Very Low,XGBoost
Arunachal Pradesh,2025,1,No Alert,0.01,Very Low,XGBoost
Arunachal Pradesh,2025,2,No Alert,0.01,Very Low,XGBoost
Arunachal Pradesh,2025,3,No Alert,0.01,Very Low,XGBoost
Arunachal Pradesh,2025,4,No Alert,0.03,Very Low,XGBoost
Arunachal Pradesh,2025,5,No Alert,0.0,Very Low,XGBoost
Arunachal Pradesh,2025,6,No Alert,0.0,Very Low,XGBoost
Arunachal Pradesh,2025,7,No Alert,0.01,Very Low,XGBoost
Arunachal Pradesh,2025,8,No Alert,0.01,Very Low,XGBoost
Arunachal Pradesh,2025,9,No Alert,0.01,Very Low,XGBoost
Arunachal Pradesh,2025,10,No Alert,0.01,Very Low,XGBoost
Arunachal Pradesh,2025,11,No Alert,0.01,Very Low,XGBoost
Arunachal Pradesh,2025,12,No Alert,0.02,Very Low,XGBoost
Assam,2011,1,No Alert,0.01,Very Low,XGBoost
Assam,2011,2,No Alert,0.01,Very Low,XGBoost
Assam,2011,3,No Alert,0.01,Very Low,XGBoost
Assam,2011,4,No Alert,0.02,Very Low,XGBoost
Assam,2011,5,No Alert,0.0,Very Low,XGBoost
Assam,2011,6,No Alert,0.01,Very Low,XGBoost
Assam,2011,7,No Alert,0.01,Very Low,XGBoost
Assam,2011,8,No Alert,0.01,Very Low,XGBoost
Assam,2011,9,No Alert,0.01,Very Low,XGBoost
Assam,2011,10,No Alert,0.01,Very Low,XGBoost
Assam,2011,11,No Alert,0.01,Very Low,XGBoost
Assam,2011,12,No Alert,0.01,Very Low,XGBoost
Assam,2012,1,No Alert,0.0,Very Low,XGBoost
Assam,2012,2,No Alert,0.01,Very Low,XGBoost
Assam,2012,3,No Alert,0.01,Very Low,XGBoost
Assam,2012,4,No Alert,0.02,Very Low,XGBoost
Assam,2012,5,No Alert,0.0,Very Low,XGBoost
Assam,2012,6,No Alert,0.01,Very Low,XGBoost
Assam,2012,7,No Alert,0.01,Very Low,XGBoost
Assam,2012,8,No Alert,0.03,Very Low,XGBoost
Assam,2012,9,No Alert,0.0,Very Low,XGBoost
Assam,2012,10,No Alert,0.01,Very Low,XGBoost
Assam,2012,11,No Alert,0.01,Very Low,XGBoost
Assam,2012,12,No Alert,0.01,Very Low,XGBoost
Assam,2013,1,No Alert,0.01,Very Low,XGBoost
Assam,2013,2,No Alert,0.01,Very Low,XGBoost
Assam,2013,3,No Alert,0.01,Very Low,XGBoost
Assam,2013,4,No Alert,0.02,Very Low,XGBoost
Assam,2013,5,No Alert,0.0,Very Low,XGBoost
Assam,2013,6,No Alert,0.02,Very Low,XGBoost
Assam,2013,7,No Alert,0.01,Very Low,XGBoost
Assam,2013,8,No Alert,0.01,Very Low,XGBoost
Assam,2013,9,No Alert,0.01,Very Low,XGBoost
Assam,2013,10,No Alert,0.01,Very Low,XGBoost
Assam,2013,11,No Alert,0.01,Very Low,XGBoost
Assam,2013,12,No Alert,0.01,Very Low,XGBoost
Assam,2014,1,No Alert,0.01,Very Low,XGBoost
Assam,2014,2,No Alert,0.01,Very Low,XGBoost
Assam,2014,3,No Alert,0.01,Very Low,XGBoost
Assam,2014,4,No Alert,0.07,Very Low,XGBoost
Assam,2014,5,No Alert,0.0,Very Low,XGBoost
Assam,2014,6,No Alert,0.02,Very Low,XGBoost
Assam,2014,7,No Alert,0.02,Very Low,XGBoost
Assam,2014,8,No Alert,0.01,Very Low,XGBoost
Assam,2014,9,No Alert,0.0,Very Low,XGBoost
Assam,2014,10,No Alert,0.01,Very Low,XGBoost
Assam,2014,11,No Alert,0.01,Very Low,XGBoost
Assam,2014,12,No Alert,0.01,Very Low,XGBoost
Assam,2015,1,No Alert,0.01,Very Low,XGBoost
Assam,2015,2,No Alert,0.01,Very Low,XGBoost
Assam,2015,3,No Alert,0.03,Very Low,XGBoost
Assam,2015,4,No Alert,0.03,Very Low,XGBoost
Assam,2015,5,No Alert,0.0,Very Low,XGBoost
Assam,2015,6,No Alert,0.0,Very Low,XGBoost
Assam,2015,7,No Alert,0.02,Very Low,XGBoost
Assam,2015,8,No Alert,0.01,Very Low,XGBoost
Assam,2015,9,No Alert,0.01,Very Low,XGBoost
Assam,2015,10,No Alert,0.01,Very Low,XGBoost
Assam,2015,11,No Alert,0.01,Very Low,XGBoost
Assam,2015,12,No Alert,0.01,Very Low,XGBoost
Assam,2016,1,No Alert,0.01,Very Low,XGBoost
Assam,2016,2,No Alert,0.01,Very Low,XGBoost
Assam,2016,3,No Alert,0.01,Very Low,XGBoost
Assam,2016,4,No Alert,0.02,Very Low,XGBoost
Assam,2016,5,No Alert,0.0,Very Low,XGBoost
Assam,2016,6,No Alert,0.01,Very Low,XGBoost
Assam,2016,7,No Alert,0.01,Very Low,XGBoost
Assam,2016,8,No Alert,0.06,Very Low,XGBoost
Assam,2016,9,No Alert,0.02,Very Low,XGBoost
Assam,2016,10,No Alert,0.01,Very Low,XGBoost
Assam,2016,11,No Alert,0.01,Very Low,XGBoost
Assam,2016,12,No Alert,0.01,Very Low,XGBoost
Assam,2017,1,No Alert,0.01,Very Low,XGBoost
Assam,2017,2,No Alert,0.01,Very Low,XGBoost
Assam,2017,3,No Alert,0.01,Very Low,XGBoost
Assam,2017,4,No Alert,0.02,Very Low,XGBoost
Assam,2017,5,No Alert,0.0,Very Low,XGBoost
Assam,2017,6,No Alert,0.01,Very Low,XGBoost
Assam,2017,7,No Alert,0.02,Very Low,XGBoost
Assam,2017,8,No Alert,0.03,Very Low,XGBoost
Assam,2017,9,No Alert,0.02,Very Low,XGBoost
Assam,2017,10,No Alert,0.01,Very Low,XGBoost
Assam,2017,11,No Alert,0.01,Very Low,XGBoost
Assam,2017,12,No Alert,0.01,Very Low,XGBoost
Assam,2018,1,No Alert,0.01,Very Low,XGBoost
Assam,2018,2,No Alert,0.01,Very Low,XGBoost
Assam,2018,3,No Alert,0.01,Very Low,XGBoost
Assam,2018,4,No Alert,0.04,Very Low,XGBoost
Assam,2018,5,No Alert,0.0,Very Low,XGBoost
Assam,2018,6,No Alert,0.01,Very Low,XGBoost
Assam,2018,7,No Alert,0.03,Very Low,XGBoost
Assam,2018,8,No Alert,0.06,Very Low,XGBoost
Assam,2018,9,No Alert,0.01,Very Low,XGBoost
Assam,2018,10,No Alert,0.01,Very Low,XGBoost
Assam,2018,11,No Alert,0.01,Very Low,XGBoost
Assam,2018,12,No Alert,0.01,Very Low,XGBoost
Assam,2019,1,No Alert,0.01,Very Low,XGBoost
Assam,2019,2,No Alert,0.01,Very Low,XGBoost
Assam,2019,3,No Alert,0.01,Very Low,XGBoost
Assam,2019,4,No Alert,0.04,Very Low,XGBoost
Assam,2019,5,No Alert,0.0,Very Low,XGBoost
Assam,2019,6,No Alert,0.01,Very Low,XGBoost
Assam,2019,7,No Alert,0.02,Very Low,XGBoost
Assam,2019,8,No Alert,0.07,Very Low,XGBoost
Assam,2019,9,No Alert,0.01,Very Low,XGBoost
Assam,2019,10,No Alert,0.01,Very Low,XGBoost
Assam,2019,11,No Alert,0.01,Very Low,XGBoost
Assam,2019,12,No Alert,0.01,Very Low,XGBoost
Assam,2020,1,No Alert,0.01,Very Low,XGBoost
Assam,2020,2,No Alert,0.01,Very Low,XGBoost
Assam,2020,3,No Alert,0.01,Very Low,XGBoost
Assam,2020,4,No Alert,0.03,Very Low,XGBoost
Assam,2020,5,No Alert,0.0,Very Low,XGBoost
Assam,2020,6,No Alert,0.0,Very Low,XGBoost
Assam,2020,7,No Alert,0.01,Very Low,XGBoost
Assam,2020,8,No Alert,0.04,Very Low,XGBoost
Assam,2020,9,No Alert,0.01,Very Low,XGBoost
Assam,2020,10,No Alert,0.0,Very Low,XGBoost
Assam,2020,11,No Alert,0.01,Very Low,XGBoost
Assam,2020,12,No Alert,0.02,Very Low,XGBoost
Assam,2021,1,No Alert,0.01,Very Low,XGBoost
Assam,2021,2,No Alert,0.01,Very Low,XGBoost
Assam,2021,3,No Alert,0.01,Very Low,XGBoost
Assam,2021,4,No Alert,0.04,Very Low,XGBoost
Assam,2021,5,No Alert,0.0,Very Low,XGBoost
Assam,2021,6,No Alert,0.0,Very Low,XGBoost
Assam,2021,7,No Alert,0.01,Very Low,XGBoost
Assam,2021,8,No Alert,0.01,Very Low,XGBoost
Assam,2021,9,No Alert,0.01,Very Low,XGBoost
Assam,2021,10,No Alert,0.01,Very Low,XGBoost
Assam,2021,11,No Alert,0.01,Very Low,XGBoost
Assam,2021,12,No Alert,0.01,Very Low,XGBoost
Assam,2022,1,No Alert,0.01,Very Low,XGBoost
Assam,2022,2,No Alert,0.01,Very Low,XGBoost
Assam,2022,3,No Alert,0.01,Very Low,XGBoost
Assam,2022,4,No Alert,0.02,Very Low,XGBoost
Assam,2022,5,No Alert,0.0,Very Low,XGBoost
Assam,2022,6,No Alert,0.0,Very Low,XGBoost
Assam,2022,7,No Alert,0.01,Very Low,XGBoost
Assam,2022,8,No Alert,0.03,Very Low,XGBoost
Assam,2022,9,No Alert,0.01,Very Low,XGBoost
Assam,2022,10,No Alert,0.01,Very Low,XGBoost
Assam,2022,11,No Alert,0.01,Very Low,XGBoost
Assam,2022,12,No Alert,0.01,Very Low,XGBoost
Assam,2023,1,No Alert,0.01,Very Low,XGBoost
Assam,2023,2,No Alert,0.01,Very Low,XGBoost
Assam,2023,3,No Alert,0.01,Very Low,XGBoost
Assam,2023,4,No Alert,0.03,Very Low,XGBoost
Assam,2023,5,No Alert,0.0,Very Low,XGBoost
Assam,2023,6,No Alert,0.0,Very Low,XGBoost
Assam,2023,7,No Alert,0.01,Very Low,XGBoost
Assam,2023,8,No Alert,0.02,Very Low,XGBoost
Assam,2023,9,No Alert,0.02,Very Low,XGBoost
Assam,2023,10,No Alert,0.01,Very Low,XGBoost
Assam,2023,11,No Alert,0.01,Very Low,XGBoost
Assam,2023,12,No Alert,0.01,Very Low,XGBoost
Assam,2024,1,No Alert,0.01,Very Low,XGBoost
Assam,2024,2,No Alert,0.01,Very Low,XGBoost
Assam,2024,3,No Alert,0.02,Very Low,XGBoost
Assam,2024,4,No Alert,0.02,Very Low,XGBoost
Assam,2024,5,No Alert,0.0,Very Low,XGBoost
Assam,2024,6,No Alert,0.0,Very Low,XGBoost
Assam,2024,7,No Alert,0.02,Very Low,XGBoost
Assam,2024,8,No Alert,0.01,Very Low,XGBoost
Assam,2024,9,No Alert,0.01,Very Low,XGBoost
Assam,2024,10,No Alert,0.01,Very Low,XGBoost
Assam,2024,11,No Alert,0.01,Very Low,XGBoost
Assam,2024,12,No Alert,0.02,Very Low,XGBoost
Assam,2025,1,No Alert,0.01,Very Low,XGBoost
Assam,2025,2,No Alert,0.01,Very Low,XGBoost
Assam,2025,3,No Alert,0.01,Very Low,XGBoost
Assam,2025,4,No Alert,0.03,Very Low,XGBoost
Assam,2025,5,No Alert,0.01,Very Low,XGBoost
Assam,2025,6,No Alert,0.01,Very Low,XGBoost
Assam,2025,7,No Alert,0.04,Very Low,XGBoost
Assam,2025,8,No Alert,0.01,Very Low,XGBoost
Assam,2025,9,No Alert,0.01,Very Low,XGBoost
Assam,2025,10,No Alert,0.02,Very Low,XGBoost
Assam,2025,11,No Alert,0.01,Very Low,XGBoost
Assam,2025,12,No Alert,0.02,Very Low,XGBoost
Bihar,2011,1,No Alert,0.01,Very Low,XGBoost
Bihar,2011,2,No Alert,0.02,Very Low,XGBoost
Bihar,2011,3,No Alert,0.04,Very Low,XGBoost
Bihar,2011,4,No Alert,7.37,Very Low,XGBoost
Bihar,2011,5,No Alert,12.88,Very Low,XGBoost
Bihar,2011,6,Alert,96.94,High,XGBoost
Bihar,2011,7,No Alert,0.03,Very Low,XGBoost
Bihar,2011,8,No Alert,0.02,Very Low,XGBoost
Bihar,2011,9,No Alert,0.01,Very Low,XGBoost
Bihar,2011,10,No Alert,0.02,Very Low,XGBoost
Bihar,2011,11,No Alert,0.02,Very Low,XGBoost
Bihar,2011,12,No Alert,0.02,Very Low,XGBoost
Bihar,2012,1,No Alert,0.01,Very Low,XGBoost
Bihar,2012,2,No Alert,0.01,Very Low,XGBoost
Bihar,2012,3,No Alert,0.02,Very Low,XGBoost
Bihar,2012,4,No Alert,9.86,Very Low,XGBoost
Bihar,2012,5,Alert,99.6,High,XGBoost
Bihar,2012,6,Alert,99.99,High,XGBoost
Bihar,2012,7,No Alert,0.05,Very Low,XGBoost
Bihar,2012,8,No Alert,0.05,Very Low,XGBoost
Bihar,2012,9,No Alert,0.01,Very Low,XGBoost
Bihar,2012,10,No Alert,0.01,Very Low,XGBoost
Bihar,2012,11,No Alert,0.02,Very Low,XGBoost
Bihar,2012,12,No Alert,0.02,Very Low,XGBoost
Bihar,2013,1,No Alert,0.01,Very Low,XGBoost
Bihar,2013,2,No Alert,0.01,Very Low,XGBoost
Bihar,2013,3,No Alert,0.04,Very Low,XGBoost
Bihar,2013,4,Alert,99.79,High,XGBoost
Bihar,2013,5,Alert,99.94,High,XGBoost
Bihar,2013,6,No Alert,0.05,Very Low,XGBoost
Bihar,2013,7,No Alert,0.05,Very Low,XGBoost
Bihar,2013,8,No Alert,0.04,Very Low,XGBoost
Bihar,2013,9,No Alert,0.03,Very Low,XGBoost
Bihar,2013,10,No Alert,0.01,Very Low,XGBoost
Bihar,2013,11,No Alert,0.03,Very Low,XGBoost
Bihar,2013,12,No Alert,0.01,Very Low,XGBoost
Bihar,2014,1,No Alert,0.01,Very Low,XGBoost
Bihar,2014,2,No Alert,0.01,Very Low,XGBoost
Bihar,2014,3,No Alert,0.03,Very Low,XGBoost
Bihar,2014,4,No Alert,39.98,Low,XGBoost
Bihar,2014,5,Alert,99.95,High,XGBoost
Bihar,2014,6,Alert,99.29,High,XGBoost
Bihar,2014,7,No Alert,0.07,Very Low,XGBoost
Bihar,2014,8,No Alert,0.16,Very Low,XGBoost
Bihar,2014,9,No Alert,0.01,Very Low,XGBoost
Bihar,2014,10,No Alert,0.02,Very Low,XGBoost
Bihar,2014,11,No Alert,0.03,Very Low,XGBoost
Bihar,2014,12,No Alert,0.03,Very Low,XGBoost
Bihar,2015,1,No Alert,0.01,Very Low,XGBoost
Bihar,2015,2,No Alert,0.01,Very Low,XGBoost
Bihar,2015,3,No Alert,0.04,Very Low,XGBoost
Bihar,2015,4,Alert,87.55,High,XGBoost
Bihar,2015,5,Alert,99.92,High,XGBoost
Bihar,2015,6,Alert,99.98,High,XGBoost
Bihar,2015,7,No Alert,0.2,Very Low,XGBoost
Bihar,2015,8,No Alert,0.13,Very Low,XGBoost
Bihar,2015,9,No Alert,0.04,Very Low,XGBoost
Bihar,2015,10,No Alert,0.02,Very Low,XGBoost
Bihar,2015,11,No Alert,0.02,Very Low,XGBoost
Bihar,2015,12,No Alert,0.02,Very Low,XGBoost
Bihar,2016,1,No Alert,0.01,Very Low,XGBoost
Bihar,2016,2,No Alert,0.01,Very Low,XGBoost
Bihar,2016,3,No Alert,0.12,Very Low,XGBoost
Bihar,2016,4,Alert,99.56,High,XGBoost
Bihar,2016,5,Alert,99.29,High,XGBoost
Bihar,2016,6,Alert,96.93,High,XGBoost
Bihar,2016,7,No Alert,0.09,Very Low,XGBoost
Bihar,2016,8,No Alert,0.12,Very Low,XGBoost
Bihar,2016,9,No Alert,0.03,Very Low,XGBoost
Bihar,2016,10,No Alert,0.01,Very Low,XGBoost
Bihar,2016,11,No Alert,0.03,Very Low,XGBoost
Bihar,2016,12,No Alert,0.03,Very Low,XGBoost
Bihar,2017,1,No Alert,0.01,Very Low,XGBoost
Bihar,2017,2,No Alert,0.02,Very Low,XGBoost
Bihar,2017,3,Alert,99.96,High,XGBoost
Bihar,2017,4,Alert,57.94,Moderate,XGBoost
Bihar,2017,5,Alert,99.86,High,XGBoost
Bihar,2017,6,Alert,99.95,High,XGBoost
Bihar,2017,7,No Alert,0.04,Very Low,XGBoost
Bihar,2017,8,No Alert,0.11,Very Low,XGBoost
Bihar,2017,9,No Alert,0.08,Very Low,XGBoost
Bihar,2017,10,No Alert,0.01,Very Low,XGBoost
Bihar,2017,11,No Alert,0.02,Very Low,XGBoost
Bihar,2017,12,No Alert,0.03,Very Low,XGBoost
Bihar,2018,1,No Alert,0.02,Very Low,XGBoost
Bihar,2018,2,No Alert,0.01,Very Low,XGBoost
Bihar,2018,3,No Alert,0.13,Very Low,XGBoost
Bihar,2018,4,Alert,65.0,Moderate,XGBoost
Bihar,2018,5,Alert,99.91,High,XGBoost
Bihar,2018,6,Alert,99.98,High,XGBoost
Bihar,2018,7,No Alert,0.2,Very Low,XGBoost
Bihar,2018,8,No Alert,0.09,Very Low,XGBoost
Bihar,2018,9,No Alert,0.05,Very Low,XGBoost
Bihar,2018,10,No Alert,0.02,Very Low,XGBoost
Bihar,2018,11,No Alert,0.03,Very Low,XGBoost
Bihar,2018,12,No Alert,0.03,Very Low,XGBoost
Bihar,2019,1,No Alert,0.01,Very Low,XGBoost
Bihar,2019,2,No Alert,0.02,Very Low,XGBoost
Bihar,2019,3,No Alert,0.05,Very Low,XGBoost
Bihar,2019,4,Alert,99.97,High,XGBoost
Bihar,2019,5,Alert,99.94,High,XGBoost
Bihar,2019,6,Alert,100.0,High,XGBoost
Bihar,2019,7,No Alert,0.16,Very Low,XGBoost
Bihar,2019,8,No Alert,0.18,Very Low,XGBoost
Bihar,2019,9,No Alert,0.02,Very Low,XGBoost
Bihar,2019,10,No Alert,0.02,Very Low,XGBoost
Bihar,2019,11,No Alert,0.02,Very Low,XGBoost
Bihar,2019,12,No Alert,0.02,Very Low,XGBoost
Bihar,2020,1,No Alert,0.01,Very Low,XGBoost
Bihar,2020,2,No Alert,0.01,Very Low,XGBoost
Bihar,2020,3,No Alert,0.01,Very Low,XGBoost
Bihar,2020,4,No Alert,0.04,Very Low,XGBoost
Bihar,2020,5,Alert,99.48,High,XGBoost
Bihar,2020,6,No Alert,0.03,Very Low,XGBoost
Bihar,2020,7,No Alert,0.03,Very Low,XGBoost
Bihar,2020,8,No Alert,0.16,Very Low,XGBoost
Bihar,2020,9,No Alert,0.03,Very Low,XGBoost
Bihar,2020,10,No Alert,0.01,Very Low,XGBoost
Bihar,2020,11,No Alert,0.02,Very Low,XGBoost
Bihar,2020,12,No Alert,0.03,Very Low,XGBoost
Bihar,2021,1,No Alert,0.02,Very Low,XGBoost
Bihar,2021,2,No Alert,0.02,Very Low,XGBoost
Bihar,2021,3,No Alert,0.09,Very Low,XGBoost
Bihar,2021,4,Alert,68.15,Moderate,XGBoost
Bihar,2021,5,No Alert,6.86,Very Low,XGBoost
Bihar,2021,6,No Alert,0.01,Very Low,XGBoost
Bihar,2021,7,No Alert,0.08,Very Low,XGBoost
Bihar,2021,8,No Alert,0.06,Very Low,XGBoost
Bihar,2021,9,No Alert,0.02,Very Low,XGBoost
Bihar,2021,10,No Alert,0.01,Very Low,XGBoost
Bihar,2021,11,No Alert,0.02,Very Low,XGBoost
Bihar,2021,12,No Alert,0.02,Very Low,XGBoost
Bihar,2022,1,No Alert,0.01,Very Low,XGBoost
Bihar,2022,2,No Alert,0.01,Very Low,XGBoost
Bihar,2022,3,No Alert,0.03,Very Low,XGBoost
Bihar,2022,4,Alert,94.74,High,XGBoost
Bihar,2022,5,Alert,60.01,Moderate,XGBoost
Bihar,2022,6,Alert,97.51,High,XGBoost
Bihar,2022,7,No Alert,0.03,Very Low,XGBoost
Bihar,2022,8,No Alert,0.1,Very Low,XGBoost
Bihar,2022,9,No Alert,0.03,Very Low,XGBoost
Bihar,2022,10,No Alert,0.02,Very Low,XGBoost
Bihar,2022,11,No Alert,0.03,Very Low,XGBoost
Bihar,2022,12,No Alert,0.03,Very Low,XGBoost
Bihar,2023,1,No Alert,0.02,Very Low,XGBoost
Bihar,2023,2,No Alert,0.01,Very Low,XGBoost
Bihar,2023,3,No Alert,0.03,Very Low,XGBoost
Bihar,2023,4,Alert,99.93,High,XGBoost
Bihar,2023,5,Alert,79.6,Moderate,XGBoost
Bihar,2023,6,Alert,99.7,High,XGBoost
Bihar,2023,7,No Alert,0.03,Very Low,XGBoost
Bihar,2023,8,No Alert,0.15,Very Low,XGBoost
Bihar,2023,9,No Alert,0.03,Very Low,XGBoost
Bihar,2023,10,No Alert,0.02,Very Low,XGBoost
Bihar,2023,11,No Alert,0.03,Very Low,XGBoost
Bihar,2023,12,No Alert,0.03,Very Low,XGBoost
Bihar,2024,1,No Alert,0.01,Very Low,XGBoost
Bihar,2024,2,No Alert,0.01,Very Low,XGBoost
Bihar,2024,3,No Alert,0.02,Very Low,XGBoost
Bihar,2024,4,Alert,71.24,Moderate,XGBoost
Bihar,2024,5,Alert,89.94,High,XGBoost
Bihar,2024,6,Alert,99.14,High,XGBoost
Bihar,2024,7,No Alert,0.1,Very Low,XGBoost
Bihar,2024,8,No Alert,0.01,Very Low,XGBoost
Bihar,2024,9,No Alert,0.01,Very Low,XGBoost
Bihar,2024,10,No Alert,0.01,Very Low,XGBoost
Bihar,2024,11,No Alert,0.03,Very Low,XGBoost
Bihar,2024,12,No Alert,0.02,Very Low,XGBoost
Bihar,2025,1,No Alert,0.03,Very Low,XGBoost
Bihar,2025,2,No Alert,0.02,Very Low,XGBoost
Bihar,2025,3,No Alert,0.09,Very Low,XGBoost
Bihar,2025,4,Alert,83.12,High,XGBoost
Bihar,2025,5,No Alert,8.82,Very Low,XGBoost
Bihar,2025,6,No Alert,14.18,Very Low,XGBoost
Bihar,2025,7,No Alert,0.04,Very Low,XGBoost
Bihar,2025,8,No Alert,0.02,Very Low,XGBoost
Bihar,2025,9,No Alert,0.02,Very Low,XGBoost
Bihar,2025,10,No Alert,0.01,Very Low,XGBoost
Bihar,2025,11,No Alert,0.04,Very Low,XGBoost
Bihar,2025,12,No Alert,0.03,Very Low,XGBoost
Chandigarh,2011,1,No Alert,0.02,Very Low,XGBoost
Chandigarh,2011,2,No Alert,0.01,Very Low,XGBoost
Chandigarh,2011,3,No Alert,0.03,Very Low,XGBoost
Chandigarh,2011,4,No Alert,0.12,Very Low,XGBoost
Chandigarh,2011,5,No Alert,0.13,Very Low,XGBoost
Chandigarh,2011,6,No Alert,0.01,Very Low,XGBoost
Chandigarh,2011,7,No Alert,0.05,Very Low,XGBoost
Chandigarh,2011,8,No Alert,0.03,Very Low,XGBoost
Chandigarh,2011,9,No Alert,0.02,Very Low,XGBoost
Chandigarh,2011,10,No Alert,0.06,Very Low,XGBoost
Chandigarh,2011,11,No Alert,0.02,Very Low,XGBoost
Chandigarh,2011,12,No Alert,0.02,Very Low,XGBoost
Chandigarh,2012,1,No Alert,0.01,Very Low,XGBoost
Chandigarh,2012,2,No Alert,0.02,Very Low,XGBoost
Chandigarh,2012,3,No Alert,0.04,Very Low,XGBoost
Chandigarh,2012,4,No Alert,0.13,Very Low,XGBoost
Chandigarh,2012,5,Alert,99.98,High,XGBoost
Chandigarh,2012,6,Alert,98.77,High,XGBoost
Chandigarh,2012,7,Alert,99.84,High,XGBoost
Chandigarh,2012,8,No Alert,0.01,Very Low,XGBoost
Chandigarh,2012,9,No Alert,0.01,Very Low,XGBoost
Chandigarh,2012,10,No Alert,0.04,Very Low,XGBoost
Chandigarh,2012,11,No Alert,0.03,Very Low,XGBoost
Chandigarh,2012,12,No Alert,0.02,Very Low,XGBoost
Chandigarh,2013,1,No Alert,0.02,Very Low,XGBoost
Chandigarh,2013,2,No Alert,0.01,Very Low,XGBoost
Chandigarh,2013,3,No Alert,0.03,Very Low,XGBoost
Chandigarh,2013,4,No Alert,0.11,Very Low,XGBoost
Chandigarh,2013,5,Alert,99.95,High,XGBoost
Chandigarh,2013,6,Alert,99.53,High,XGBoost
Chandigarh,2013,7,No Alert,0.14,Very Low,XGBoost
Chandigarh,2013,8,No Alert,0.04,Very Low,XGBoost
Chandigarh,2013,9,No Alert,0.02,Very Low,XGBoost
Chandigarh,2013,10,No Alert,0.02,Very Low,XGBoost
Chandigarh,2013,11,No Alert,0.02,Very Low,XGBoost
Chandigarh,2013,12,No Alert,0.02,Very Low,XGBoost
Chandigarh,2014,1,No Alert,0.03,Very Low,XGBoost
Chandigarh,2014,2,No Alert,0.01,Very Low,XGBoost
Chandigarh,2014,3,No Alert,0.02,Very Low,XGBoost
Chandigarh,2014,4,Alert,99.97,High,XGBoost
Chandigarh,2014,5,Alert,99.69,High,XGBoost
Chandigarh,2014,6,Alert,99.98,High,XGBoost
Chandigarh,2014,7,No Alert,0.15,Very Low,XGBoost
Chandigarh,2014,8,No Alert,0.24,Very Low,XGBoost
Chandigarh,2014,9,No Alert,0.03,Very Low,XGBoost
Chandigarh,2014,10,No Alert,0.03,Very Low,XGBoost
Chandigarh,2014,11,No Alert,0.04,Very Low,XGBoost
Chandigarh,2014,12,No Alert,0.03,Very Low,XGBoost
Chandigarh,2015,1,No Alert,0.03,Very Low,XGBoost
Chandigarh,2015,2,No Alert,0.01,Very Low,XGBoost
Chandigarh,2015,3,No Alert,0.02,Very Low,XGBoost
Chandigarh,2015,4,No Alert,0.15,Very Low,XGBoost
Chandigarh,2015,5,Alert,99.86,High,XGBoost
Chandigarh,2015,6,Alert,98.32,High,XGBoost
Chandigarh,2015,7,No Alert,0.03,Very Low,XGBoost
Chandigarh,2015,8,No Alert,0.04,Very Low,XGBoost
Chandigarh,2015,9,No Alert,0.04,Very Low,XGBoost
Chandigarh,2015,10,No Alert,0.04,Very Low,XGBoost
Chandigarh,2015,11,No Alert,0.04,Very Low,XGBoost
Chandigarh,2015,12,No Alert,0.03,Very Low,XGBoost
Chandigarh,2016,1,No Alert,0.04,Very Low,XGBoost
Chandigarh,2016,2,No Alert,0.01,Very Low,XGBoost
Chandigarh,2016,3,No Alert,0.05,Very Low,XGBoost
Chandigarh,2016,4,Alert,99.98,High,XGBoost
Chandigarh,2016,5,Alert,99.95,High,XGBoost
Chandigarh,2016,6,Alert,99.96,High,XGBoost
Chandigarh,2016,7,No Alert,0.24,Very Low,XGBoost
Chandigarh,2016,8,No Alert,0.03,Very Low,XGBoost
Chandigarh,2016,9,No Alert,0.11,Very Low,XGBoost
Chandigarh,2016,10,No Alert,0.08,Very Low,XGBoost
Chandigarh,2016,11,No Alert,0.04,Very Low,XGBoost
Chandigarh,2016,12,No Alert,0.04,Very Low,XGBoost
Chandigarh,2017,1,No Alert,0.02,Very Low,XGBoost
Chandigarh,2017,2,No Alert,0.02,Very Low,XGBoost
Chandigarh,2017,3,No Alert,0.12,Very Low,XGBoost
Chandigarh,2017,4,Alert,99.99,High,XGBoost
Chandigarh,2017,5,Alert,99.9,High,XGBoost
Chandigarh,2017,6,Alert,100.0,High,XGBoost
Chandigarh,2017,7,No Alert,0.1,Very Low,XGBoost
Chandigarh,2017,8,No Alert,0.17,Very Low,XGBoost
Chandigarh,2017,9,No Alert,0.04,Very Low,XGBoost
Chandigarh,2017,10,No Alert,0.05,Very Low,XGBoost
Chandigarh,2017,11,No Alert,0.03,Very Low,XGBoost
Chandigarh,2017,12,No Alert,0.03,Very Low,XGBoost
Chandigarh,2018,1,No Alert,0.02,Very Low,XGBoost
Chandigarh,2018,2,No Alert,0.03,Very Low,XGBoost
Chandigarh,2018,3,No Alert,0.07,Very Low,XGBoost
Chandigarh,2018,4,Alert,99.96,High,XGBoost
Chandigarh,2018,5,Alert,99.92,High,XGBoost
Chandigarh,2018,6,Alert,99.98,High,XGBoost
Chandigarh,2018,7,No Alert,0.25,Very Low,XGBoost
Chandigarh,2018,8,No Alert,0.21,Very Low,XGBoost
Chandigarh,2018,9,No Alert,0.01,Very Low,XGBoost
Chandigarh,2018,10,No Alert,0.03,Very Low,XGBoost
Chandigarh,2018,11,No Alert,0.03,Very Low,XGBoost
Chandigarh,2018,12,No Alert,0.03,Very Low,XGBoost
Chandigarh,2019,1,No Alert,0.02,Very Low,XGBoost
Chandigarh,2019,2,No Alert,0.01,Very Low,XGBoost
Chandigarh,2019,3,No Alert,0.04,Very Low,XGBoost
Chandigarh,2019,4,Alert,99.99,High,XGBoost
Chandigarh,2019,5,Alert,99.99,High,XGBoost
Chandigarh,2019,6,Alert,99.83,High,XGBoost
Chandigarh,2019,7,No Alert,0.04,Very Low,XGBoost
Chandigarh,2019,8,No Alert,0.11,Very Low,XGBoost
Chandigarh,2019,9,No Alert,0.01,Very Low,XGBoost
Chandigarh,2019,10,No Alert,0.03,Very Low,XGBoost
Chandigarh,2019,11,No Alert,0.04,Very Low,XGBoost
Chandigarh,2019,12,No Alert,0.03,Very Low,XGBoost
Chandigarh,2020,1,No Alert,0.01,Very Low,XGBoost
Chandigarh,2020,2,No Alert,0.02,Very Low,XGBoost
Chandigarh,2020,3,No Alert,0.03,Very Low,XGBoost
Chandigarh,2020,4,No Alert,0.23,Very Low,XGBoost
Chandigarh,2020,5,Alert,99.87,High,XGBoost
Chandigarh,2020,6,No Alert,8.73,Very Low,XGBoost
Chandigarh,2020,7,No Alert,0.2,Very Low,XGBoost
Chandigarh,2020,8,No Alert,0.07,Very Low,XGBoost
Chandigarh,2020,9,No Alert,0.03,Very Low,XGBoost
Chandigarh,2020,10,No Alert,0.05,Very Low,XGBoost
Chandigarh,2020,11,No Alert,0.03,Very Low,XGBoost
Chandigarh,2020,12,No Alert,0.04,Very Low,XGBoost
Chandigarh,2021,1,No Alert,0.02,Very Low,XGBoost
Chandigarh,2021,2,No Alert,0.03,Very Low,XGBoost
Chandigarh,2021,3,No Alert,0.13,Very Low,XGBoost
Chandigarh,2021,4,Alert,99.98,High,XGBoost
Chandigarh,2021,5,No Alert,14.99,Very Low,XGBoost
Chandigarh,2021,6,No Alert,7.52,Very Low,XGBoost
Chandigarh,2021,7,Alert,90.89,High,XGBoost
Chandigarh,2021,8,No Alert,0.08,Very Low,XGBoost
Chandigarh,2021,9,No Alert,0.01,Very Low,XGBoost
Chandigarh,2021,10,No Alert,0.02,Very Low,XGBoost
Chandigarh,2021,11,No Alert,0.03,Very Low,XGBoost
Chandigarh,2021,12,No Alert,0.03,Very Low,XGBoost
Chandigarh,2022,1,No Alert,0.02,Very Low,XGBoost
Chandigarh,2022,2,No Alert,0.01,Very Low,XGBoost
Chandigarh,2022,3,No Alert,0.08,Very Low,XGBoost
Chandigarh,2022,4,Alert,96.91,High,XGBoost
Chandigarh,2022,5,Alert,98.27,High,XGBoost
Chandigarh,2022,6,Alert,98.95,High,XGBoost
Chandigarh,2022,7,No Alert,0.03,Very Low,XGBoost
Chandigarh,2022,8,No Alert,0.09,Very Low,XGBoost
Chandigarh,2022,9,No Alert,0.01,Very Low,XGBoost
Chandigarh,2022,10,No Alert,0.03,Very Low,XGBoost
Chandigarh,2022,11,No Alert,0.04,Very Low,XGBoost
Chandigarh,2022,12,No Alert,0.03,Very Low,XGBoost
Chandigarh,2023,1,No Alert,0.02,Very Low,XGBoost
Chandigarh,2023,2,No Alert,0.03,Very Low,XGBoost
Chandigarh,2023,3,No Alert,0.04,Very Low,XGBoost
Chandigarh,2023,4,Alert,99.91,High,XGBoost
Chandigarh,2023,5,Alert,99.41,High,XGBoost
Chandigarh,2023,6,No Alert,5.28,Very Low,XGBoost
Chandigarh,2023,7,No Alert,0.02,Very Low,XGBoost
Chandigarh,2023,8,No Alert,0.24,Very Low,XGBoost
Chandigarh,2023,9,No Alert,0.01,Very Low,XGBoost
Chandigarh,2023,10,No Alert,0.02,Very Low,XGBoost
Chandigarh,2023,11,No Alert,0.02,Very Low,XGBoost
Chandigarh,2023,12,No Alert,0.03,Very Low,XGBoost
Chandigarh,2024,1,No Alert,0.03,Very Low,XGBoost
Chandigarh,2024,2,No Alert,0.03,Very Low,XGBoost
Chandigarh,2024,3,No Alert,0.04,Very Low,XGBoost
Chandigarh,2024,4,No Alert,0.34,Very Low,XGBoost
Chandigarh,2024,5,Alert,99.3,High,XGBoost
Chandigarh,2024,6,Alert,95.32,High,XGBoost
Chandigarh,2024,7,No Alert,0.06,Very Low,XGBoost
Chandigarh,2024,8,No Alert,0.02,Very Low,XGBoost
Chandigarh,2024,9,No Alert,0.01,Very Low,XGBoost
Chandigarh,2024,10,No Alert,0.06,Very Low,XGBoost
Chandigarh,2024,11,No Alert,0.05,Very Low,XGBoost
Chandigarh,2024,12,No Alert,0.04,Very Low,XGBoost
Chandigarh,2025,1,No Alert,0.03,Very Low,XGBoost
Chandigarh,2025,2,No Alert,0.03,Very Low,XGBoost
Chandigarh,2025,3,No Alert,0.05,Very Low,XGBoost
Chandigarh,2025,4,No Alert,0.26,Very Low,XGBoost
Chandigarh,2025,5,No Alert,0.87,Very Low,XGBoost
Chandigarh,2025,6,Alert,99.35,High,XGBoost
Chandigarh,2025,7,No Alert,0.03,Very Low,XGBoost
Chandigarh,2025,8,No Alert,0.01,Very Low,XGBoost
Chandigarh,2025,9,No Alert,0.01,Very Low,XGBoost
Chandigarh,2025,10,No Alert,0.02,Very Low,XGBoost
Chandigarh,2025,11,No Alert,0.03,Very Low,XGBoost
Chandigarh,2025,12,No Alert,0.03,Very Low,XGBoost
Chhattisgarh,2011,1,No Alert,0.01,Very Low,XGBoost
Chhattisgarh,2011,2,No Alert,0.01,Very Low,XGBoost
Chhattisgarh,2011,3,No Alert,0.02,Very Low,XGBoost
Chhattisgarh,2011,4,No Alert,0.01,Very Low,XGBoost
Chhattisgarh,2011,5,No Alert,5.48,Very Low,XGBoost
Chhattisgarh,2011,6,Alert,95.79,High,XGBoost
Chhattisgarh,2011,7,No Alert,0.01,Very Low,XGBoost
Chhattisgarh,2011,8,No Alert,0.02,Very Low,XGBoost
Chhattisgarh,2011,9,No Alert,0.02,Very Low,XGBoost
Chhattisgarh,2011,10,No Alert,0.01,Very Low,XGBoost
Chhattisgarh,2011,11,No Alert,0.01,Very Low,XGBoost
Chhattisgarh,2011,12,No Alert,0.01,Very Low,XGBoost
Chhattisgarh,2012,1,No Alert,0.0,Very Low,XGBoost
Chhattisgarh,2012,2,No Alert,0.01,Very Low,XGBoost
Chhattisgarh,2012,3,No Alert,0.04,Very Low,XGBoost
Chhattisgarh,2012,4,No Alert,11.16,Very Low,XGBoost
Chhattisgarh,2012,5,Alert,99.71,High,XGBoost
Chhattisgarh,2012,6,Alert,99.99,High,XGBoost
Chhattisgarh,2012,7,No Alert,0.03,Very Low,XGBoost
Chhattisgarh,2012,8,No Alert,0.03,Very Low,XGBoost
Chhattisgarh,2012,9,No Alert,0.01,Very Low,XGBoost
Chhattisgarh,2012,10,No Alert,0.01,Very Low,XGBoost
Chhattisgarh,2012,11,No Alert,0.01,Very Low,XGBoost
Chhattisgarh,2012,12,No Alert,0.01,Very Low,XGBoost
Chhattisgarh,2013,1,No Alert,0.01,Very Low,XGBoost
Chhattisgarh,2013,2,No Alert,0.01,Very Low,XGBoost
Chhattisgarh,2013,3,No Alert,0.03,Very Low,XGBoost
Chhattisgarh,2013,4,No Alert,10.28,Very Low,XGBoost
Chhattisgarh,2013,5,Alert,99.88,High,XGBoost
Chhattisgarh,2013,6,Alert,98.88,High,XGBoost
Chhattisgarh,2013,7,No Alert,0.04,Very Low,XGBoost
Chhattisgarh,2013,8,No Alert,0.04,Very Low,XGBoost
Chhattisgarh,2013,9,No Alert,0.02,Very Low,XGBoost
Chhattisgarh,2013,10,No Alert,0.0,Very Low,XGBoost
Chhattisgarh,2013,11,No Alert,0.01,Very Low,XGBoost
Chhattisgarh,2013,12,No Alert,0.01,Very Low,XGBoost
Chhattisgarh,2014,1,No Alert,0.01,Very Low,XGBoost
Chhattisgarh,2014,2,No Alert,0.01,Very Low,XGBoost
Chhattisgarh,2014,3,No Alert,0.03,Very Low,XGBoost
Chhattisgarh,2014,4,No Alert,38.25,Low,XGBoost
Chhattisgarh,2014,5,Alert,99.73,High,XGBoost
Chhattisgarh,2014,6,Alert,99.92,High,XGBoost
Chhattisgarh,2014,7,No Alert,0.09,Very Low,XGBoost
Chhattisgarh,2014,8,No Alert,0.03,Very Low,XGBoost
Chhattisgarh,2014,9,No Alert,0.03,Very Low,XGBoost
Chhattisgarh,2014,10,No Alert,0.01,Very Low,XGBoost
Chhattisgarh,2014,11,No Alert,0.01,Very Low,XGBoost
Chhattisgarh,2014,12,No Alert,0.01,Very Low,XGBoost
Chhattisgarh,2015,1,No Alert,0.01,Very Low,XGBoost
Chhattisgarh,2015,2,No Alert,0.01,Very Low,XGBoost
Chhattisgarh,2015,3,No Alert,0.03,Very Low,XGBoost
Chhattisgarh,2015,4,No Alert,38.19,Low,XGBoost
Chhattisgarh,2015,5,Alert,99.75,High,XGBoost
Chhattisgarh,2015,6,Alert,99.85,High,XGBoost
Chhattisgarh,2015,7,No Alert,0.08,Very Low,XGBoost
Chhattisgarh,2015,8,No Alert,0.03,Very Low,XGBoost
Chhattisgarh,2015,9,No Alert,0.01,Very Low,XGBoost
Chhattisgarh,2015,10,No Alert,0.01,Very Low,XGBoost
Chhattisgarh,2015,11,No Alert,0.01,Very Low,XGBoost
Chhattisgarh,2015,12,No Alert,0.01,Very Low,XGBoost
Chhattisgarh,2016,1,No Alert,0.02,Very Low,XGBoost
Chhattisgarh,2016,2,No Alert,0.02,Very Low,XGBoost
Chhattisgarh,2016,3,No Alert,0.02,Very Low,XGBoost
Chhattisgarh,2016,4,Alert,99.82,High,XGBoost
Chhattisgarh,2016,5,Alert,79.75,Moderate,XGBoost
Chhattisgarh,2016,6,Alert,99.85,High,XGBoost
Chhattisgarh,2016,7,No Alert,0.03,Very Low,XGBoost
Chhattisgarh,2016,8,No Alert,0.05,Very Low,XGBoost
Chhattisgarh,2016,9,No Alert,0.01,Very Low,XGBoost
Chhattisgarh,2016,10,No Alert,0.01,Very Low,XGBoost
Chhattisgarh,2016,11,No Alert,0.01,Very Low,XGBoost
Chhattisgarh,2016,12,No Alert,0.01,Very Low,XGBoost
Chhattisgarh,2017,1,No Alert,0.01,Very Low,XGBoost
Chhattisgarh,2017,2,No Alert,0.01,Very Low,XGBoost
Chhattisgarh,2017,3,Alert,99.92,High,XGBoost
Chhattisgarh,2017,4,No Alert,31.42,Low,XGBoost
Chhattisgarh,2017,5,Alert,99.93,High,XGBoost
Chhattisgarh,2017,6,Alert,98.79,High,XGBoost
Chhattisgarh,2017,7,No Alert,0.06,Very Low,XGBoost
Chhattisgarh,2017,8,No Alert,0.02,Very Low,XGBoost
Chhattisgarh,2017,9,No Alert,0.01,Very Low,XGBoost
Chhattisgarh,2017,10,No Alert,0.01,Very Low,XGBoost
Chhattisgarh,2017,11,No Alert,0.01,Very Low,XGBoost
Chhattisgarh,2017,12,No Alert,0.02,Very Low,XGBoost
Chhattisgarh,2018,1,No Alert,0.01,Very Low,XGBoost
Chhattisgarh,2018,2,No Alert,0.01,Very Low,XGBoost
Chhattisgarh,2018,3,No Alert,0.06,Very Low,XGBoost
Chhattisgarh,2018,4,No Alert,35.44,Low,XGBoost
Chhattisgarh,2018,5,Alert,74.45,Moderate,XGBoost
Chhattisgarh,2018,6,Alert,91.61,High,XGBoost
Chhattisgarh,2018,7,No Alert,0.09,Very Low,XGBoost
Chhattisgarh,2018,8,No Alert,0.13,Very Low,XGBoost
Chhattisgarh,2018,9,No Alert,0.01,Very Low,XGBoost
Chhattisgarh,2018,10,No Alert,0.01,Very Low,XGBoost
Chhattisgarh,2018,11,No Alert,0.01,Very Low,XGBoost
Chhattisgarh,2018,12,No Alert,0.01,Very Low,XGBoost
Chhattisgarh,2019,1,No Alert,0.0,Very Low,XGBoost
Chhattisgarh,2019,2,No Alert,0.01,Very Low,XGBoost
Chhattisgarh,2019,3,Alert,99.61,High,XGBoost
Chhattisgarh,2019,4,Alert,99.81,High,XGBoost
Chhattisgarh,2019,5,Alert,99.82,High,XGBoost
Chhattisgarh,2019,6,Alert,99.96,High,XGBoost
Chhattisgarh,2019,7,No Alert,0.03,Very Low,XGBoost
Chhattisgarh,2019,8,No Alert,0.08,Very Low,XGBoost
Chhattisgarh,2019,9,No Alert,0.01,Very Low,XGBoost
Chhattisgarh,2019,10,No Alert,0.01,Very Low,XGBoost
Chhattisgarh,2019,11,No Alert,0.01,Very Low,XGBoost
Chhattisgarh,2019,12,No Alert,0.01,Very Low,XGBoost
Chhattisgarh,2020,1,No Alert,0.01,Very Low,XGBoost
Chhattisgarh,2020,2,No Alert,0.0,Very Low,XGBoost
Chhattisgarh,2020,3,No Alert,0.01,Very Low,XGBoost
Chhattisgarh,2020,4,No Alert,0.03,Very Low,XGBoost
Chhattisgarh,2020,5,Alert,57.43,Moderate,XGBoost
Chhattisgarh,2020,6,No Alert,0.03,Very Low,XGBoost
Chhattisgarh,2020,7,No Alert,0.01,Very Low,XGBoost
Chhattisgarh,2020,8,No Alert,0.05,Very Low,XGBoost
Chhattisgarh,2020,9,No Alert,0.01,Very Low,XGBoost
Chhattisgarh,2020,10,No Alert,0.0,Very Low,XGBoost
Chhattisgarh,2020,11,No Alert,0.01,Very Low,XGBoost
Chhattisgarh,2020,12,No Alert,0.01,Very Low,XGBoost
Chhattisgarh,2021,1,No Alert,0.01,Very Low,XGBoost
Chhattisgarh,2021,2,No Alert,0.01,Very Low,XGBoost
Chhattisgarh,2021,3,Alert,98.83,High,XGBoost
Chhattisgarh,2021,4,No Alert,6.93,Very Low,XGBoost
Chhattisgarh,2021,5,No Alert,8.53,Very Low,XGBoost
Chhattisgarh,2021,6,No Alert,13.16,Very Low,XGBoost
Chhattisgarh,2021,7,No Alert,0.01,Very Low,XGBoost
Chhattisgarh,2021,8,No Alert,0.01,Very Low,XGBoost
Chhattisgarh,2021,9,No Alert,0.01,Very Low,XGBoost
Chhattisgarh,2021,10,No Alert,0.01,Very Low,XGBoost
Chhattisgarh,2021,11,No Alert,0.01,Very Low,XGBoost
Chhattisgarh,2021,12,No Alert,0.01,Very Low,XGBoost
Chhattisgarh,2022,1,No Alert,0.01,Very Low,XGBoost
Chhattisgarh,2022,2,No Alert,0.01,Very Low,XGBoost
Chhattisgarh,2022,3,Alert,98.87,High,XGBoost
Chhattisgarh,2022,4,Alert,97.78,High,XGBoost
Chhattisgarh,2022,5,Alert,80.61,High,XGBoost
Chhattisgarh,2022,6,Alert,98.93,High,XGBoost
Chhattisgarh,2022,7,No Alert,0.01,Very Low,XGBoost
Chhattisgarh,2022,8,No Alert,0.02,Very Low,XGBoost
Chhattisgarh,2022,9,No Alert,0.01,Very Low,XGBoost
Chhattisgarh,2022,10,No Alert,0.01,Very Low,XGBoost
Chhattisgarh,2022,11,No Alert,0.01,Very Low,XGBoost
Chhattisgarh,2022,12,No Alert,0.01,Very Low,XGBoost
Chhattisgarh,2023,1,No Alert,0.01,Very Low,XGBoost
Chhattisgarh,2023,2,No Alert,0.02,Very Low,XGBoost
Chhattisgarh,2023,3,No Alert,0.03,Very Low,XGBoost
Chhattisgarh,2023,4,Alert,77.19,Moderate,XGBoost
Chhattisgarh,2023,5,No Alert,10.63,Very Low,XGBoost
Chhattisgarh,2023,6,Alert,84.11,High,XGBoost
Chhattisgarh,2023,7,No Alert,0.01,Very Low,XGBoost
Chhattisgarh,2023,8,No Alert,0.03,Very Low,XGBoost
Chhattisgarh,2023,9,No Alert,0.01,Very Low,XGBoost
Chhattisgarh,2023,10,No Alert,0.01,Very Low,XGBoost
Chhattisgarh,2023,11,No Alert,0.01,Very Low,XGBoost
Chhattisgarh,2023,12,No Alert,0.01,Very Low,XGBoost
Chhattisgarh,2024,1,No Alert,0.01,Very Low,XGBoost
Chhattisgarh,2024,2,No Alert,0.01,Very Low,XGBoost
Chhattisgarh,2024,3,No Alert,0.05,Very Low,XGBoost
Chhattisgarh,2024,4,No Alert,18.26,Very Low,XGBoost
Chhattisgarh,2024,5,Alert,99.46,High,XGBoost
Chhattisgarh,2024,6,Alert,99.83,High,XGBoost
Chhattisgarh,2024,7,No Alert,0.02,Very Low,XGBoost
Chhattisgarh,2024,8,No Alert,0.01,Very Low,XGBoost
Chhattisgarh,2024,9,No Alert,0.01,Very Low,XGBoost
Chhattisgarh,2024,10,No Alert,0.01,Very Low,XGBoost
Chhattisgarh,2024,11,No Alert,0.02,Very Low,XGBoost
Chhattisgarh,2024,12,No Alert,0.01,Very Low,XGBoost
Chhattisgarh,2025,1,No Alert,0.01,Very Low,XGBoost
Chhattisgarh,2025,2,No Alert,0.03,Very Low,XGBoost
Chhattisgarh,2025,3,Alert,94.49,High,XGBoost
Chhattisgarh,2025,4,Alert,96.48,High,XGBoost
Chhattisgarh,2025,5,No Alert,40.78,Low,XGBoost
Chhattisgarh,2025,6,Alert,54.39,Moderate,XGBoost
Chhattisgarh,2025,7,No Alert,0.02,Very Low,XGBoost
Chhattisgarh,2025,8,No Alert,0.01,Very Low,XGBoost
Chhattisgarh,2025,9,No Alert,0.01,Very Low,XGBoost
Chhattisgarh,2025,10,No Alert,0.01,Very Low,XGBoost
Chhattisgarh,2025,11,No Alert,0.01,Very Low,XGBoost
Chhattisgarh,2025,12,No Alert,0.02,Very Low,XGBoost
Dadra and Nagar Haveli and Daman and Diu,2011,1,No Alert,0.01,Very Low,XGBoost
Dadra and Nagar Haveli and Daman and Diu,2011,2,No Alert,0.01,Very Low,XGBoost
Dadra and Nagar Haveli and Daman and Diu,2011,3,Alert,99.06,High,XGBoost
Dadra and Nagar Haveli and Daman and Diu,2011,4,No Alert,0.12,Very Low,XGBoost
Dadra and Nagar Haveli and Daman and Diu,2011,5,No Alert,0.02,Very Low,XGBoost
Dadra and Nagar Haveli and Daman and Diu,2011,6,No Alert,0.02,Very Low,XGBoost
Dadra and Nagar Haveli and Daman and Diu,2011,7,No Alert,0.02,Very Low,XGBoost
Dadra and Nagar Haveli and Daman and Diu,2011,8,No Alert,0.03,Very Low,XGBoost
Dadra and Nagar Haveli and Daman and Diu,2011,9,No Alert,0.01,Very Low,XGBoost
Dadra and Nagar Haveli and Daman and Diu,2011,10,No Alert,0.02,Very Low,XGBoost
Dadra and Nagar Haveli and Daman and Diu,2011,11,No Alert,0.01,Very Low,XGBoost
Dadra and Nagar Haveli and Daman and Diu,2011,12,No Alert,0.01,Very Low,XGBoost
Dadra and Nagar Haveli and Daman and Diu,2012,1,No Alert,0.01,Very Low,XGBoost
Dadra and Nagar Haveli and Daman and Diu,2012,2,No Alert,0.01,Very Low,XGBoost
Dadra and Nagar Haveli and Daman and Diu,2012,3,No Alert,0.04,Very Low,XGBoost
Dadra and Nagar Haveli and Daman and Diu,2012,4,No Alert,0.06,Very Low,XGBoost
Dadra and Nagar Haveli and Daman and Diu,2012,5,No Alert,0.01,Very Low,XGBoost
Dadra and Nagar Haveli and Daman and Diu,2012,6,No Alert,0.02,Very Low,XGBoost
Dadra and Nagar Haveli and Daman and Diu,2012,7,No Alert,0.02,Very Low,XGBoost
Dadra and Nagar Haveli and Daman and Diu,2012,8,No Alert,0.03,Very Low,XGBoost
Dadra and Nagar Haveli and Daman and Diu,2012,9,No Alert,0.01,Very Low,XGBoost
Dadra and Nagar Haveli and Daman and Diu,2012,10,No Alert,0.01,Very Low,XGBoost
Dadra and Nagar Haveli and Daman and Diu,2012,11,No Alert,0.02,Very Low,XGBoost
Dadra and Nagar Haveli and Daman and Diu,2012,12,No Alert,0.01,Very Low,XGBoost
Dadra and Nagar Haveli and Daman and Diu,2013,1,No Alert,0.01,Very Low,XGBoost
Dadra and Nagar Haveli and Daman and Diu,2013,2,No Alert,0.01,Very Low,XGBoost
Dadra and Nagar Haveli and Daman and Diu,2013,3,No Alert,0.05,Very Low,XGBoost
Dadra and Nagar Haveli and Daman and Diu,2013,4,No Alert,0.17,Very Low,XGBoost
Dadra and Nagar Haveli and Daman and Diu,2013,5,No Alert,0.01,Very Low,XGBoost
Dadra and Nagar Haveli and Daman and Diu,2013,6,No Alert,0.02,Very Low,XGBoost
Dadra and Nagar Haveli and Daman and Diu,2013,7,No Alert,0.03,Very Low,XGBoost
Dadra and Nagar Haveli and Daman and Diu,2013,8,No Alert,0.02,Very Low,XGBoost
Dadra and Nagar Haveli and Daman and Diu,2013,9,No Alert,0.01,Very Low,XGBoost
Dadra and Nagar Haveli and Daman and Diu,2013,10,No Alert,0.01,Very Low,XGBoost
Dadra and Nagar Haveli and Daman and Diu,2013,11,No Alert,0.01,Very Low,XGBoost
Dadra and Nagar Haveli and Daman and Diu,2013,12,No Alert,0.01,Very Low,XGBoost
Dadra and Nagar Haveli and Daman and Diu,2014,1,No Alert,0.01,Very Low,XGBoost
Dadra and Nagar Haveli and Daman and Diu,2014,2,No Alert,0.01,Very Low,XGBoost
Dadra and Nagar Haveli and Daman and Diu,2014,3,No Alert,0.04,Very Low,XGBoost
Dadra and Nagar Haveli and Daman and Diu,2014,4,Alert,99.86,High,XGBoost
Dadra and Nagar Haveli and Daman and Diu,2014,5,No Alert,0.02,Very Low,XGBoost
Dadra and Nagar Haveli and Daman and Diu,2014,6,No Alert,0.07,Very Low,XGBoost
Dadra and Nagar Haveli and Daman and Diu,2014,7,No Alert,0.02,Very Low,XGBoost
Dadra and Nagar Haveli and Daman and Diu,2014,8,No Alert,0.02,Very Low,XGBoost
Dadra and Nagar Haveli and Daman and Diu,2014,9,No Alert,0.01,Very Low,XGBoost
Dadra and Nagar Haveli and Daman and Diu,2014,10,No Alert,0.01,Very Low,XGBoost
Dadra and Nagar Haveli and Daman and Diu,2014,11,No Alert,0.01,Very Low,XGBoost
Dadra and Nagar Haveli and Daman and Diu,2014,12,No Alert,0.02,Very Low,XGBoost
Dadra and Nagar Haveli and Daman and Diu,2015,1,No Alert,0.01,Very Low,XGBoost
Dadra and Nagar Haveli and Daman and Diu,2015,2,No Alert,0.02,Very Low,XGBoost
Dadra and Nagar Haveli and Daman and Diu,2015,3,Alert,99.95,High,XGBoost
Dadra and Nagar Haveli and Daman and Diu,2015,4,No Alert,0.11,Very Low,XGBoost
Dadra and Nagar Haveli and Daman and Diu,2015,5,No Alert,0.04,Very Low,XGBoost
Dadra and Nagar Haveli and Daman and Diu,2015,6,No Alert,0.02,Very Low,XGBoost
Dadra and Nagar Haveli and Daman and Diu,2015,7,No Alert,0.02,Very Low,XGBoost
Dadra and Nagar Haveli and Daman and Diu,2015,8,No Alert,0.02,Very Low,XGBoost
Dadra and Nagar Haveli and Daman and Diu,2015,9,No Alert,0.01,Very Low,XGBoost
Dadra and Nagar Haveli and Daman and Diu,2015,10,No Alert,0.01,Very Low,XGBoost
Dadra and Nagar Haveli and Daman and Diu,2015,11,No Alert,0.01,Very Low,XGBoost
Dadra and Nagar Haveli and Daman and Diu,2015,12,No Alert,0.02,Very Low,XGBoost
Dadra and Nagar Haveli and Daman and Diu,2016,1,No Alert,0.01,Very Low,XGBoost
Dadra and Nagar Haveli and Daman and Diu,2016,2,No Alert,0.02,Very Low,XGBoost
Dadra and Nagar Haveli and Daman and Diu,2016,3,No Alert,0.08,Very Low,XGBoost
Dadra and Nagar Haveli and Daman and Diu,2016,4,No Alert,0.21,Very Low,XGBoost
Dadra and Nagar Haveli and Daman and Diu,2016,5,No Alert,0.1,Very Low,XGBoost
Dadra and Nagar Haveli and Daman and Diu,2016,6,No Alert,0.07,Very Low,XGBoost
Dadra and Nagar Haveli and Daman and Diu,2016,7,No Alert,0.03,Very Low,XGBoost
Dadra and Nagar Haveli and Daman and Diu,2016,8,No Alert,0.04,Very Low,XGBoost
Dadra and Nagar Haveli and Daman and Diu,2016,9,No Alert,0.02,Very Low,XGBoost
Dadra and Nagar Haveli and Daman and Diu,2016,10,No Alert,0.01,Very Low,XGBoost
Dadra and Nagar Haveli and Daman and Diu,2016,11,No Alert,0.03,Very Low,XGBoost
Dadra and Nagar Haveli and Daman and Diu,2016,12,No Alert,0.03,Very Low,XGBoost
Dadra and Nagar Haveli and Daman and Diu,2017,1,No Alert,0.01,Very Low,XGBoost
Dadra and Nagar Haveli and Daman and Diu,2017,2,No Alert,0.02,Very Low,XGBoost
Dadra and Nagar Haveli and Daman and Diu,2017,3,No Alert,0.11,Very Low,XGBoost
Dadra and Nagar Haveli and Daman and Diu,2017,4,No Alert,0.11,Very Low,XGBoost
Dadra and Nagar Haveli and Daman and Diu,2017,5,No Alert,0.09,Very Low,XGBoost
Dadra and Nagar Haveli and Daman and Diu,2017,6,No Alert,0.04,Very Low,XGBoost
Dadra and Nagar Haveli and Daman and Diu,2017,7,No Alert,0.03,Very Low,XGBoost
Dadra and Nagar Haveli and Daman and Diu,2017,8,No Alert,0.05,Very Low,XGBoost
Dadra and Nagar Haveli and Daman and Diu,2017,9,No Alert,0.03,Very Low,XGBoost
Dadra and Nagar Haveli and Daman and Diu,2017,10,No Alert,0.01,Very Low,XGBoost
Dadra and Nagar Haveli and Daman and Diu,2017,11,No Alert,0.01,Very Low,XGBoost
Dadra and Nagar Haveli and Daman and Diu,2017,12,No Alert,0.01,Very Low,XGBoost
Dadra and Nagar Haveli and Daman and Diu,2018,1,No Alert,0.01,Very Low,XGBoost
Dadra and Nagar Haveli and Daman and Diu,2018,2,No Alert,0.02,Very Low,XGBoost
Dadra and Nagar Haveli and Daman and Diu,2018,3,Alert,99.37,High,XGBoost
Dadra and Nagar Haveli and Daman and Diu,2018,4,No Alert,0.13,Very Low,XGBoost
Dadra and Nagar Haveli and Daman and Diu,2018,5,No Alert,0.04,Very Low,XGBoost
Dadra and Nagar Haveli and Daman and Diu,2018,6,No Alert,0.08,Very Low,XGBoost
Dadra and Nagar Haveli and Daman and Diu,2018,7,No Alert,0.03,Very Low,XGBoost
Dadra and Nagar Haveli and Daman and Diu,2018,8,No Alert,0.03,Very Low,XGBoost
Dadra and Nagar Haveli and Daman and Diu,2018,9,No Alert,0.01,Very Low,XGBoost
Dadra and Nagar Haveli and Daman and Diu,2018,10,No Alert,0.01,Very Low,XGBoost
Dadra and Nagar Haveli and Daman and Diu,2018,11,No Alert,0.03,Very Low,XGBoost
Dadra and Nagar Haveli and Daman and Diu,2018,12,No Alert,0.02,Very Low,XGBoost
Dadra and Nagar Haveli and Daman and Diu,2019,1,No Alert,0.01,Very Low,XGBoost
Dadra and Nagar Haveli and Daman and Diu,2019,2,No Alert,0.02,Very Low,XGBoost
Dadra and Nagar Haveli and Daman and Diu,2019,3,No Alert,0.06,Very Low,XGBoost
Dadra and Nagar Haveli and Daman and Diu,2019,4,Alert,99.93,High,XGBoost
Dadra and Nagar Haveli and Daman and Diu,2019,5,No Alert,0.03,Very Low,XGBoost
Dadra and Nagar Haveli and Daman and Diu,2019,6,No Alert,0.04,Very Low,XGBoost
Dadra and Nagar Haveli and Daman and Diu,2019,7,No Alert,0.02,Very Low,XGBoost
Dadra and Nagar Haveli and Daman and Diu,2019,8,No Alert,0.04,Very Low,XGBoost
Dadra and Nagar Haveli and Daman and Diu,2019,9,No Alert,0.02,Very Low,XGBoost
Dadra and Nagar Haveli and Daman and Diu,2019,10,No Alert,0.01,Very Low,XGBoost
Dadra and Nagar Haveli and Daman and Diu,2019,11,No Alert,0.01,Very Low,XGBoost
Dadra and Nagar Haveli and Daman and Diu,2019,12,No Alert,0.01,Very Low,XGBoost
Dadra and Nagar Haveli and Daman and Diu,2020,1,No Alert,0.01,Very Low,XGBoost
Dadra and Nagar Haveli and Daman and Diu,2020,2,No Alert,0.02,Very Low,XGBoost
Dadra and Nagar Haveli and Daman and Diu,2020,3,No Alert,0.03,Very Low,XGBoost
Dadra and Nagar Haveli and Daman and Diu,2020,4,No Alert,0.11,Very Low,XGBoost
Dadra and Nagar Haveli and Daman and Diu,2020,5,No Alert,0.02,Very Low,XGBoost
Dadra and Nagar Haveli and Daman and Diu,2020,6,No Alert,0.01,Very Low,XGBoost
Dadra and Nagar Haveli and Daman and Diu,2020,7,No Alert,0.02,Very Low,XGBoost
Dadra and Nagar Haveli and Daman and Diu,2020,8,No Alert,0.03,Very Low,XGBoost
Dadra and Nagar Haveli and Daman and Diu,2020,9,No Alert,0.01,Very Low,XGBoost
Dadra and Nagar Haveli and Daman and Diu,2020,10,No Alert,0.01,Very Low,XGBoost
Dadra and Nagar Haveli and Daman and Diu,2020,11,No Alert,0.02,Very Low,XGBoost
Dadra and Nagar Haveli and Daman and Diu,2020,12,No Alert,0.01,Very Low,XGBoost
Dadra and Nagar Haveli and Daman and Diu,2021,1,No Alert,0.01,Very Low,XGBoost
Dadra and Nagar Haveli and Daman and Diu,2021,2,No Alert,0.04,Very Low,XGBoost
Dadra and Nagar Haveli and Daman and Diu,2021,3,Alert,99.13,High,XGBoost
Dadra and Nagar Haveli and Daman and Diu,2021,4,No Alert,0.16,Very Low,XGBoost
Dadra and Nagar Haveli and Daman and Diu,2021,5,No Alert,0.04,Very Low,XGBoost
Dadra and Nagar Haveli and Daman and Diu,2021,6,No Alert,0.01,Very Low,XGBoost
Dadra and Nagar Haveli and Daman and Diu,2021,7,No Alert,0.01,Very Low,XGBoost
Dadra and Nagar Haveli and Daman and Diu,2021,8,No Alert,0.01,Very Low,XGBoost
Dadra and Nagar Haveli and Daman and Diu,2021,9,No Alert,0.02,Very Low,XGBoost
Dadra and Nagar Haveli and Daman and Diu,2021,10,No Alert,0.01,Very Low,XGBoost
Dadra and Nagar Haveli and Daman and Diu,2021,11,No Alert,0.01,Very Low,XGBoost
Dadra and Nagar Haveli and Daman and Diu,2021,12,No Alert,0.01,Very Low,XGBoost
Dadra and Nagar Haveli and Daman and Diu,2022,1,No Alert,0.01,Very Low,XGBoost
Dadra and Nagar Haveli and Daman and Diu,2022,2,No Alert,0.02,Very Low,XGBoost
Dadra and Nagar Haveli and Daman and Diu,2022,3,No Alert,0.03,Very Low,XGBoost
Dadra and Nagar Haveli and Daman and Diu,2022,4,Alert,84.86,High,XGBoost
Dadra and Nagar Haveli and Daman and Diu,2022,5,No Alert,0.04,Very Low,XGBoost
Dadra and Nagar Haveli and Daman and Diu,2022,6,No Alert,0.01,Very Low,XGBoost
Dadra and Nagar Haveli and Daman and Diu,2022,7,No Alert,0.02,Very Low,XGBoost
Dadra and Nagar Haveli and Daman and Diu,2022,8,No Alert,0.03,Very Low,XGBoost
Dadra and Nagar Haveli and Daman and Diu,2022,9,No Alert,0.01,Very Low,XGBoost
Dadra and Nagar Haveli and Daman and Diu,2022,10,No Alert,0.01,Very Low,XGBoost
Dadra and Nagar Haveli and Daman and Diu,2022,11,No Alert,0.02,Very Low,XGBoost
Dadra and Nagar Haveli and Daman and Diu,2022,12,No Alert,0.01,Very Low,XGBoost
Dadra and Nagar Haveli and Daman and Diu,2023,1,No Alert,0.01,Very Low,XGBoost
Dadra and Nagar Haveli and Daman and Diu,2023,2,No Alert,0.02,Very Low,XGBoost
Dadra and Nagar Haveli and Daman and Diu,2023,3,No Alert,0.03,Very Low,XGBoost
Dadra and Nagar Haveli and Daman and Diu,2023,4,No Alert,0.23,Very Low,XGBoost
Dadra and Nagar Haveli and Daman and Diu,2023,5,No Alert,0.04,Very Low,XGBoost
Dadra and Nagar Haveli and Daman and Diu,2023,6,No Alert,0.03,Very Low,XGBoost
Dadra and Nagar Haveli and Daman and Diu,2023,7,No Alert,0.02,Very Low,XGBoost
Dadra and Nagar Haveli and Daman and Diu,2023,8,No Alert,0.01,Very Low,XGBoost
Dadra and Nagar Haveli and Daman and Diu,2023,9,No Alert,0.01,Very Low,XGBoost
Dadra and Nagar Haveli and Daman and Diu,2023,10,No Alert,0.02,Very Low,XGBoost
Dadra and Nagar Haveli and Daman and Diu,2023,11,No Alert,0.01,Very Low,XGBoost
Dadra and Nagar Haveli and Daman and Diu,2023,12,No Alert,0.01,Very Low,XGBoost
Dadra and Nagar Haveli and Daman and Diu,2024,1,No Alert,0.01,Very Low,XGBoost
Dadra and Nagar Haveli and Daman and Diu,2024,2,No Alert,0.04,Very Low,XGBoost
Dadra and Nagar Haveli and Daman and Diu,2024,3,No Alert,0.08,Very Low,XGBoost
Dadra and Nagar Haveli and Daman and Diu,2024,4,No Alert,0.12,Very Low,XGBoost
Dadra and Nagar Haveli and Daman and Diu,2024,5,No Alert,0.05,Very Low,XGBoost
Dadra and Nagar Haveli and Daman and Diu,2024,6,No Alert,0.0,Very Low,XGBoost
Dadra and Nagar Haveli and Daman and Diu,2024,7,No Alert,0.02,Very Low,XGBoost
Dadra and Nagar Haveli and Daman and Diu,2024,8,No Alert,0.01,Very Low,XGBoost
Dadra and Nagar Haveli and Daman and Diu,2024,9,No Alert,0.01,Very Low,XGBoost
Dadra and Nagar Haveli and Daman and Diu,2024,10,No Alert,0.01,Very Low,XGBoost
Dadra and Nagar Haveli and Daman and Diu,2024,11,No Alert,0.03,Very Low,XGBoost
Dadra and Nagar Haveli and Daman and Diu,2024,12,No Alert,0.01,Very Low,XGBoost
Dadra and Nagar Haveli and Daman and Diu,2025,1,No Alert,0.01,Very Low,XGBoost
Dadra and Nagar Haveli and Daman and Diu,2025,2,No Alert,0.03,Very Low,XGBoost
Dadra and Nagar Haveli and Daman and Diu,2025,3,No Alert,0.11,Very Low,XGBoost
Dadra and Nagar Haveli and Daman and Diu,2025,4,No Alert,0.09,Very Low,XGBoost
Dadra and Nagar Haveli and Daman and Diu,2025,5,No Alert,0.01,Very Low,XGBoost
Dadra and Nagar Haveli and Daman and Diu,2025,6,No Alert,0.01,Very Low,XGBoost
Dadra and Nagar Haveli and Daman and Diu,2025,7,No Alert,0.01,Very Low,XGBoost
Dadra and Nagar Haveli and Daman and Diu,2025,8,No Alert,0.01,Very Low,XGBoost
Dadra and Nagar Haveli and Daman and Diu,2025,9,No Alert,0.01,Very Low,XGBoost
Dadra and Nagar Haveli and Daman and Diu,2025,10,No Alert,0.01,Very Low,XGBoost
Dadra and Nagar Haveli and Daman and Diu,2025,11,No Alert,0.01,Very Low,XGBoost
Dadra and Nagar Haveli and Daman and Diu,2025,12,No Alert,0.03,Very Low,XGBoost
Delhi,2011,1,No Alert,0.01,Very Low,XGBoost
Delhi,2011,2,No Alert,0.01,Very Low,XGBoost
Delhi,2011,3,No Alert,0.02,Very Low,XGBoost
Delhi,2011,4,Alert,99.77,High,XGBoost
Delhi,2011,5,No Alert,26.22,Low,XGBoost
Delhi,2011,6,Alert,99.5,High,XGBoost
Delhi,2011,7,No Alert,0.03,Very Low,XGBoost
Delhi,2011,8,No Alert,0.05,Very Low,XGBoost
Delhi,2011,9,No Alert,0.02,Very Low,XGBoost
Delhi,2011,10,No Alert,0.02,Very Low,XGBoost
Delhi,2011,11,No Alert,0.02,Very Low,XGBoost
Delhi,2011,12,No Alert,0.02,Very Low,XGBoost
Delhi,2012,1,No Alert,0.02,Very Low,XGBoost
Delhi,2012,2,No Alert,0.03,Very Low,XGBoost
Delhi,2012,3,No Alert,0.03,Very Low,XGBoost
Delhi,2012,4,No Alert,0.04,Very Low,XGBoost
Delhi,2012,5,Alert,99.92,High,XGBoost
Delhi,2012,6,Alert,99.98,High,XGBoost
Delhi,2012,7,Alert,99.96,High,XGBoost
Delhi,2012,8,No Alert,0.02,Very Low,XGBoost
Delhi,2012,9,No Alert,0.01,Very Low,XGBoost
Delhi,2012,10,No Alert,0.02,Very Low,XGBoost
Delhi,2012,11,No Alert,0.03,Very Low,XGBoost
Delhi,2012,12,No Alert,0.01,Very Low,XGBoost
Delhi,2013,1,No Alert,0.02,Very Low,XGBoost
Delhi,2013,2,No Alert,0.01,Very Low,XGBoost
Delhi,2013,3,No Alert,0.04,Very Low,XGBoost
Delhi,2013,4,No Alert,0.04,Very Low,XGBoost
Delhi,2013,5,Alert,99.96,High,XGBoost
Delhi,2013,6,Alert,99.81,High,XGBoost
Delhi,2013,7,No Alert,0.04,Very Low,XGBoost
Delhi,2013,8,No Alert,0.09,Very Low,XGBoost
Delhi,2013,9,No Alert,0.01,Very Low,XGBoost
Delhi,2013,10,No Alert,0.01,Very Low,XGBoost
Delhi,2013,11,No Alert,0.01,Very Low,XGBoost
Delhi,2013,12,No Alert,0.01,Very Low,XGBoost
Delhi,2014,1,No Alert,0.02,Very Low,XGBoost
Delhi,2014,2,No Alert,0.01,Very Low,XGBoost
Delhi,2014,3,No Alert,0.03,Very Low,XGBoost
Delhi,2014,4,Alert,99.97,High,XGBoost
Delhi,2014,5,No Alert,19.67,Very Low,XGBoost
Delhi,2014,6,Alert,99.97,High,XGBoost
Delhi,2014,7,Alert,99.91,High,XGBoost
Delhi,2014,8,Alert,99.64,High,XGBoost
Delhi,2014,9,No Alert,0.05,Very Low,XGBoost
Delhi,2014,10,No Alert,0.03,Very Low,XGBoost
Delhi,2014,11,No Alert,0.02,Very Low,XGBoost
Delhi,2014,12,No Alert,0.02,Very Low,XGBoost
Delhi,2015,1,No Alert,0.02,Very Low,XGBoost
Delhi,2015,2,No Alert,0.01,Very Low,XGBoost
Delhi,2015,3,No Alert,0.02,Very Low,XGBoost
Delhi,2015,4,No Alert,34.27,Low,XGBoost
Delhi,2015,5,Alert,99.99,High,XGBoost
Delhi,2015,6,Alert,99.99,High,XGBoost
Delhi,2015,7,No Alert,0.1,Very Low,XGBoost
Delhi,2015,8,No Alert,0.2,Very Low,XGBoost
Delhi,2015,9,No Alert,0.01,Very Low,XGBoost
Delhi,2015,10,No Alert,0.02,Very Low,XGBoost
Delhi,2015,11,No Alert,0.03,Very Low,XGBoost
Delhi,2015,12,No Alert,0.03,Very Low,XGBoost
Delhi,2016,1,No Alert,0.02,Very Low,XGBoost
Delhi,2016,2,No Alert,0.01,Very Low,XGBoost
Delhi,2016,3,No Alert,0.02,Very Low,XGBoost
Delhi,2016,4,Alert,99.83,High,XGBoost
Delhi,2016,5,Alert,99.95,High,XGBoost
Delhi,2016,6,Alert,99.79,High,XGBoost
Delhi,2016,7,No Alert,0.08,Very Low,XGBoost
Delhi,2016,8,No Alert,0.07,Very Low,XGBoost
Delhi,2016,9,No Alert,0.01,Very Low,XGBoost
Delhi,2016,10,No Alert,0.03,Very Low,XGBoost
Delhi,2016,11,No Alert,0.03,Very Low,XGBoost
Delhi,2016,12,No Alert,0.02,Very Low,XGBoost
Delhi,2017,1,No Alert,0.02,Very Low,XGBoost
Delhi,2017,2,No Alert,0.02,Very Low,XGBoost
Delhi,2017,3,No Alert,0.07,Very Low,XGBoost
Delhi,2017,4,Alert,99.99,High,XGBoost
Delhi,2017,5,Alert,99.92,High,XGBoost
Delhi,2017,6,Alert,100.0,High,XGBoost
Delhi,2017,7,No Alert,0.11,Very Low,XGBoost
Delhi,2017,8,No Alert,0.23,Very Low,XGBoost
Delhi,2017,9,No Alert,0.03,Very Low,XGBoost
Delhi,2017,10,No Alert,0.02,Very Low,XGBoost
Delhi,2017,11,No Alert,0.02,Very Low,XGBoost
Delhi,2017,12,No Alert,0.03,Very Low,XGBoost
Delhi,2018,1,No Alert,0.02,Very Low,XGBoost
Delhi,2018,2,No Alert,0.02,Very Low,XGBoost
Delhi,2018,3,No Alert,0.05,Very Low,XGBoost
Delhi,2018,4,Alert,99.95,High,XGBoost
Delhi,2018,5,Alert,99.96,High,XGBoost
Delhi,2018,6,Alert,99.86,High,XGBoost
Delhi,2018,7,No Alert,0.18,Very Low,XGBoost
Delhi,2018,8,No Alert,0.36,Very Low,XGBoost
Delhi,2018,9,No Alert,0.01,Very Low,XGBoost
Delhi,2018,10,No Alert,0.02,Very Low,XGBoost
Delhi,2018,11,No Alert,0.02,Very Low,XGBoost
Delhi,2018,12,No Alert,0.02,Very Low,XGBoost
Delhi,2019,1,No Alert,0.01,Very Low,XGBoost
Delhi,2019,2,No Alert,0.01,Very Low,XGBoost
Delhi,2019,3,No Alert,0.03,Very Low,XGBoost
Delhi,2019,4,Alert,99.99,High,XGBoost
Delhi,2019,5,Alert,99.99,High,XGBoost
Delhi,2019,6,Alert,99.9,High,XGBoost
Delhi,2019,7,Alert,98.24,High,XGBoost
Delhi,2019,8,No Alert,0.12,Very Low,XGBoost
Delhi,2019,9,No Alert,0.02,Very Low,XGBoost
Delhi,2019,10,No Alert,0.02,Very Low,XGBoost
Delhi,2019,11,No Alert,0.02,Very Low,XGBoost
Delhi,2019,12,No Alert,0.02,Very Low,XGBoost
Delhi,2020,1,No Alert,0.01,Very Low,XGBoost
Delhi,2020,2,No Alert,0.02,Very Low,XGBoost
Delhi,2020,3,No Alert,0.02,Very Low,XGBoost
Delhi,2020,4,No Alert,0.09,Very Low,XGBoost
Delhi,2020,5,Alert,99.98,High,XGBoost
Delhi,2020,6,No Alert,0.31,Very Low,XGBoost
Delhi,2020,7,Alert,98.48,High,XGBoost
Delhi,2020,8,No Alert,0.14,Very Low,XGBoost
Delhi,2020,9,No Alert,0.03,Very Low,XGBoost
Delhi,2020,10,No Alert,0.02,Very Low,XGBoost
Delhi,2020,11,No Alert,0.02,Very Low,XGBoost
Delhi,2020,12,No Alert,0.03,Very Low,XGBoost
Delhi,2021,1,No Alert,0.01,Very Low,XGBoost
Delhi,2021,2,No Alert,0.01,Very Low,XGBoost
Delhi,2021,3,No Alert,0.07,Very Low,XGBoost
Delhi,2021,4,Alert,99.98,High,XGBoost
Delhi,2021,5,No Alert,0.34,Very Low,XGBoost
Delhi,2021,6,Alert,99.06,High,XGBoost
Delhi,2021,7,Alert,99.86,High,XGBoost
Delhi,2021,8,No Alert,0.12,Very Low,XGBoost
Delhi,2021,9,No Alert,0.01,Very Low,XGBoost
Delhi,2021,10,No Alert,0.01,Very Low,XGBoost
Delhi,2021,11,No Alert,0.03,Very Low,XGBoost
Delhi,2021,12,No Alert,0.02,Very Low,XGBoost
Delhi,2022,1,No Alert,0.01,Very Low,XGBoost
Delhi,2022,2,No Alert,0.01,Very Low,XGBoost
Delhi,2022,3,No Alert,0.03,Very Low,XGBoost
Delhi,2022,4,Alert,99.75,High,XGBoost
Delhi,2022,5,Alert,99.76,High,XGBoost
Delhi,2022,6,Alert,97.9,High,XGBoost
Delhi,2022,7,No Alert,0.03,Very Low,XGBoost
Delhi,2022,8,No Alert,0.15,Very Low,XGBoost
Delhi,2022,9,No Alert,0.02,Very Low,XGBoost
Delhi,2022,10,No Alert,0.01,Very Low,XGBoost
Delhi,2022,11,No Alert,0.02,Very Low,XGBoost
Delhi,2022,12,No Alert,0.02,Very Low,XGBoost
Delhi,2023,1,No Alert,0.01,Very Low,XGBoost
Delhi,2023,2,No Alert,0.03,Very Low,XGBoost
Delhi,2023,3,No Alert,0.01,Very Low,XGBoost
Delhi,2023,4,Alert,99.65,High,XGBoost
Delhi,2023,5,Alert,99.9,High,XGBoost
Delhi,2023,6,Alert,86.83,High,XGBoost
Delhi,2023,7,No Alert,0.03,Very Low,XGBoost
Delhi,2023,8,No Alert,0.37,Very Low,XGBoost
Delhi,2023,9,No Alert,0.01,Very Low,XGBoost
Delhi,2023,10,No Alert,0.03,Very Low,XGBoost
Delhi,2023,11,No Alert,0.02,Very Low,XGBoost
Delhi,2023,12,No Alert,0.03,Very Low,XGBoost
Delhi,2024,1,No Alert,0.02,Very Low,XGBoost
Delhi,2024,2,No Alert,0.02,Very Low,XGBoost
Delhi,2024,3,No Alert,0.06,Very Low,XGBoost
Delhi,2024,4,No Alert,0.26,Very Low,XGBoost
Delhi,2024,5,Alert,99.55,High,XGBoost
Delhi,2024,6,Alert,99.87,High,XGBoost
Delhi,2024,7,No Alert,0.1,Very Low,XGBoost
Delhi,2024,8,No Alert,0.01,Very Low,XGBoost
Delhi,2024,9,No Alert,0.01,Very Low,XGBoost
Delhi,2024,10,No Alert,0.02,Very Low,XGBoost
Delhi,2024,11,No Alert,0.03,Very Low,XGBoost
Delhi,2024,12,No Alert,0.02,Very Low,XGBoost
Delhi,2025,1,No Alert,0.01,Very Low,XGBoost
Delhi,2025,2,No Alert,0.02,Very Low,XGBoost
Delhi,2025,3,No Alert,0.06,Very Low,XGBoost
Delhi,2025,4,Alert,72.97,Moderate,XGBoost
Delhi,2025,5,Alert,98.33,High,XGBoost
Delhi,2025,6,Alert,99.96,High,XGBoost
Delhi,2025,7,No Alert,0.02,Very Low,XGBoost
Delhi,2025,8,No Alert,0.02,Very Low,XGBoost
Delhi,2025,9,No Alert,0.02,Very Low,XGBoost
Delhi,2025,10,No Alert,0.02,Very Low,XGBoost
Delhi,2025,11,No Alert,0.04,Very Low,XGBoost
Delhi,2025,12,No Alert,0.03,Very Low,XGBoost
Goa,2011,1,No Alert,0.0,Very Low,XGBoost
Goa,2011,2,No Alert,0.01,Very Low,XGBoost
Goa,2011,3,No Alert,0.02,Very Low,XGBoost
Goa,2011,4,No Alert,0.05,Very Low,XGBoost
Goa,2011,5,No Alert,0.03,Very Low,XGBoost
Goa,2011,6,No Alert,0.01,Very Low,XGBoost
Goa,2011,7,No Alert,0.01,Very Low,XGBoost
Goa,2011,8,No Alert,0.03,Very Low,XGBoost
Goa,2011,9,No Alert,0.02,Very Low,XGBoost
Goa,2011,10,No Alert,0.01,Very Low,XGBoost
Goa,2011,11,No Alert,0.0,Very Low,XGBoost
Goa,2011,12,No Alert,0.0,Very Low,XGBoost
Goa,2012,1,No Alert,0.02,Very Low,XGBoost
Goa,2012,2,No Alert,0.01,Very Low,XGBoost
Goa,2012,3,No Alert,0.02,Very Low,XGBoost
Goa,2012,4,No Alert,0.05,Very Low,XGBoost
Goa,2012,5,No Alert,0.02,Very Low,XGBoost
Goa,2012,6,No Alert,0.01,Very Low,XGBoost
Goa,2012,7,No Alert,0.02,Very Low,XGBoost
Goa,2012,8,No Alert,0.02,Very Low,XGBoost
Goa,2012,9,No Alert,0.02,Very Low,XGBoost
Goa,2012,10,No Alert,0.01,Very Low,XGBoost
Goa,2012,11,No Alert,0.02,Very Low,XGBoost
Goa,2012,12,No Alert,0.0,Very Low,XGBoost
Goa,2013,1,No Alert,0.0,Very Low,XGBoost
Goa,2013,2,No Alert,0.01,Very Low,XGBoost
Goa,2013,3,No Alert,0.02,Very Low,XGBoost
Goa,2013,4,No Alert,0.07,Very Low,XGBoost
Goa,2013,5,No Alert,0.03,Very Low,XGBoost
Goa,2013,6,No Alert,0.01,Very Low,XGBoost
Goa,2013,7,No Alert,0.02,Very Low,XGBoost
Goa,2013,8,No Alert,0.02,Very Low,XGBoost
Goa,2013,9,No Alert,0.02,Very Low,XGBoost
Goa,2013,10,No Alert,0.02,Very Low,XGBoost
Goa,2013,11,No Alert,0.01,Very Low,XGBoost
Goa,2013,12,No Alert,0.01,Very Low,XGBoost
Goa,2014,1,No Alert,0.01,Very Low,XGBoost
Goa,2014,2,No Alert,0.01,Very Low,XGBoost
Goa,2014,3,No Alert,0.04,Very Low,XGBoost
Goa,2014,4,No Alert,0.1,Very Low,XGBoost
Goa,2014,5,No Alert,0.03,Very Low,XGBoost
Goa,2014,6,No Alert,0.02,Very Low,XGBoost
Goa,2014,7,No Alert,0.02,Very Low,XGBoost
Goa,2014,8,No Alert,0.03,Very Low,XGBoost
Goa,2014,9,No Alert,0.04,Very Low,XGBoost
Goa,2014,10,No Alert,0.01,Very Low,XGBoost
Goa,2014,11,No Alert,0.01,Very Low,XGBoost
Goa,2014,12,No Alert,0.01,Very Low,XGBoost
Goa,2015,1,No Alert,0.01,Very Low,XGBoost
Goa,2015,2,No Alert,0.01,Very Low,XGBoost
Goa,2015,3,No Alert,0.04,Very Low,XGBoost
Goa,2015,4,No Alert,0.13,Very Low,XGBoost
Goa,2015,5,No Alert,0.03,Very Low,XGBoost
Goa,2015,6,No Alert,0.01,Very Low,XGBoost
Goa,2015,7,No Alert,0.02,Very Low,XGBoost
Goa,2015,8,No Alert,0.04,Very Low,XGBoost
Goa,2015,9,No Alert,0.02,Very Low,XGBoost
Goa,2015,10,No Alert,0.02,Very Low,XGBoost
Goa,2015,11,No Alert,0.01,Very Low,XGBoost
Goa,2015,12,No Alert,0.01,Very Low,XGBoost
Goa,2016,1,No Alert,0.01,Very Low,XGBoost
Goa,2016,2,No Alert,0.02,Very Low,XGBoost
Goa,2016,3,No Alert,0.06,Very Low,XGBoost
Goa,2016,4,No Alert,0.14,Very Low,XGBoost
Goa,2016,5,No Alert,0.08,Very Low,XGBoost
Goa,2016,6,No Alert,0.03,Very Low,XGBoost
Goa,2016,7,No Alert,0.02,Very Low,XGBoost
Goa,2016,8,No Alert,0.04,Very Low,XGBoost
Goa,2016,9,No Alert,0.04,Very Low,XGBoost
Goa,2016,10,No Alert,0.03,Very Low,XGBoost
Goa,2016,11,No Alert,0.01,Very Low,XGBoost
Goa,2016,12,No Alert,0.02,Very Low,XGBoost
Goa,2017,1,No Alert,0.01,Very Low,XGBoost
Goa,2017,2,No Alert,0.01,Very Low,XGBoost
Goa,2017,3,No Alert,0.1,Very Low,XGBoost
Goa,2017,4,No Alert,0.1,Very Low,XGBoost
Goa,2017,5,No Alert,0.07,Very Low,XGBoost
Goa,2017,6,No Alert,0.01,Very Low,XGBoost
Goa,2017,7,No Alert,0.02,Very Low,XGBoost
Goa,2017,8,No Alert,0.04,Very Low,XGBoost
Goa,2017,9,No Alert,0.02,Very Low,XGBoost
Goa,2017,10,No Alert,0.01,Very Low,XGBoost
Goa,2017,11,No Alert,0.01,Very Low,XGBoost
Goa,2017,12,No Alert,0.02,Very Low,XGBoost
Goa,2018,1,No Alert,0.01,Very Low,XGBoost
Goa,2018,2,No Alert,0.01,Very Low,XGBoost
Goa,2018,3,No Alert,0.05,Very Low,XGBoost
Goa,2018,4,No Alert,0.12,Very Low,XGBoost
Goa,2018,5,No Alert,0.05,Very Low,XGBoost
Goa,2018,6,No Alert,0.01,Very Low,XGBoost
Goa,2018,7,No Alert,0.03,Very Low,XGBoost
Goa,2018,8,No Alert,0.03,Very Low,XGBoost
Goa,2018,9,No Alert,0.03,Very Low,XGBoost
Goa,2018,10,No Alert,0.01,Very Low,XGBoost
Goa,2018,11,No Alert,0.02,Very Low,XGBoost
Goa,2018,12,No Alert,0.01,Very Low,XGBoost
Goa,2019,1,No Alert,0.01,Very Low,XGBoost
Goa,2019,2,No Alert,0.02,Very Low,XGBoost
Goa,2019,3,No Alert,0.05,Very Low,XGBoost
Goa,2019,4,No Alert,0.13,Very Low,XGBoost
Goa,2019,5,No Alert,0.05,Very Low,XGBoost
Goa,2019,6,No Alert,0.01,Very Low,XGBoost
Goa,2019,7,No Alert,0.03,Very Low,XGBoost
Goa,2019,8,No Alert,0.03,Very Low,XGBoost
Goa,2019,9,No Alert,0.04,Very Low,XGBoost
Goa,2019,10,No Alert,0.01,Very Low,XGBoost
Goa,2019,11,No Alert,0.01,Very Low,XGBoost
Goa,2019,12,No Alert,0.01,Very Low,XGBoost
Goa,2020,1,No Alert,0.04,Very Low,XGBoost
Goa,2020,2,No Alert,0.01,Very Low,XGBoost
Goa,2020,3,No Alert,0.03,Very Low,XGBoost
Goa,2020,4,No Alert,0.12,Very Low,XGBoost
Goa,2020,5,No Alert,0.05,Very Low,XGBoost
Goa,2020,6,No Alert,0.0,Very Low,XGBoost
Goa,2020,7,No Alert,0.01,Very Low,XGBoost
Goa,2020,8,No Alert,0.02,Very Low,XGBoost
Goa,2020,9,No Alert,0.01,Very Low,XGBoost
Goa,2020,10,No Alert,0.01,Very Low,XGBoost
Goa,2020,11,No Alert,0.01,Very Low,XGBoost
Goa,2020,12,No Alert,0.01,Very Low,XGBoost
Goa,2021,1,No Alert,0.01,Very Low,XGBoost
Goa,2021,2,No Alert,0.01,Very Low,XGBoost
Goa,2021,3,No Alert,0.03,Very Low,XGBoost
Goa,2021,4,No Alert,0.07,Very Low,XGBoost
Goa,2021,5,No Alert,0.02,Very Low,XGBoost
Goa,2021,6,No Alert,0.01,Very Low,XGBoost
Goa,2021,7,No Alert,0.02,Very Low,XGBoost
Goa,2021,8,No Alert,0.03,Very Low,XGBoost
Goa,2021,9,No Alert,0.03,Very Low,XGBoost
Goa,2021,10,No Alert,0.01,Very Low,XGBoost
Goa,2021,11,No Alert,0.01,Very Low,XGBoost
Goa,2021,12,No Alert,0.01,Very Low,XGBoost
Goa,2022,1,No Alert,0.01,Very Low,XGBoost
Goa,2022,2,No Alert,0.02,Very Low,XGBoost
Goa,2022,3,No Alert,0.01,Very Low,XGBoost
Goa,2022,4,No Alert,0.08,Very Low,XGBoost
Goa,2022,5,No Alert,0.02,Very Low,XGBoost
Goa,2022,6,No Alert,0.01,Very Low,XGBoost
Goa,2022,7,No Alert,0.02,Very Low,XGBoost
Goa,2022,8,No Alert,0.02,Very Low,XGBoost
Goa,2022,9,No Alert,0.03,Very Low,XGBoost
Goa,2022,10,No Alert,0.02,Very Low,XGBoost
Goa,2022,11,No Alert,0.02,Very Low,XGBoost
Goa,2022,12,No Alert,0.01,Very Low,XGBoost
Goa,2023,1,No Alert,0.01,Very Low,XGBoost
Goa,2023,2,No Alert,0.01,Very Low,XGBoost
Goa,2023,3,No Alert,0.05,Very Low,XGBoost
Goa,2023,4,No Alert,0.06,Very Low,XGBoost
Goa,2023,5,No Alert,0.04,Very Low,XGBoost
Goa,2023,6,No Alert,0.01,Very Low,XGBoost
Goa,2023,7,No Alert,0.02,Very Low,XGBoost
Goa,2023,8,No Alert,0.03,Very Low,XGBoost
Goa,2023,9,No Alert,0.02,Very Low,XGBoost
Goa,2023,10,No Alert,0.01,Very Low,XGBoost
Goa,2023,11,No Alert,0.01,Very Low,XGBoost
Goa,2023,12,No Alert,0.01,Very Low,XGBoost
Goa,2024,1,No Alert,0.01,Very Low,XGBoost
Goa,2024,2,No Alert,0.02,Very Low,XGBoost
Goa,2024,3,No Alert,0.04,Very Low,XGBoost
Goa,2024,4,No Alert,0.09,Very Low,XGBoost
Goa,2024,5,No Alert,0.09,Very Low,XGBoost
Goa,2024,6,No Alert,0.0,Very Low,XGBoost
Goa,2024,7,No Alert,0.01,Very Low,XGBoost
Goa,2024,8,No Alert,0.01,Very Low,XGBoost
Goa,2024,9,No Alert,0.02,Very Low,XGBoost
Goa,2024,10,No Alert,0.01,Very Low,XGBoost
Goa,2024,11,No Alert,0.01,Very Low,XGBoost
Goa,2024,12,No Alert,0.01,Very Low,XGBoost
Goa,2025,1,No Alert,0.02,Very Low,XGBoost
Goa,2025,2,No Alert,0.03,Very Low,XGBoost
Goa,2025,3,No Alert,0.06,Very Low,XGBoost
Goa,2025,4,No Alert,0.11,Very Low,XGBoost
Goa,2025,5,No Alert,0.02,Very Low,XGBoost
Goa,2025,6,No Alert,0.01,Very Low,XGBoost
Goa,2025,7,No Alert,0.01,Very Low,XGBoost
Goa,2025,8,No Alert,0.01,Very Low,XGBoost
Goa,2025,9,No Alert,0.02,Very Low,XGBoost
Goa,2025,10,No Alert,0.01,Very Low,XGBoost
Goa,2025,11,No Alert,0.01,Very Low,XGBoost
Goa,2025,12,No Alert,0.03,Very Low,XGBoost
Gujarat,2011,1,No Alert,0.01,Very Low,XGBoost
Gujarat,2011,2,No Alert,0.01,Very Low,XGBoost
Gujarat,2011,3,No Alert,0.04,Very Low,XGBoost
Gujarat,2011,4,No Alert,0.01,Very Low,XGBoost
Gujarat,2011,5,No Alert,1.49,Very Low,XGBoost
Gujarat,2011,6,Alert,80.64,High,XGBoost
Gujarat,2011,7,No Alert,0.05,Very Low,XGBoost
Gujarat,2011,8,No Alert,0.05,Very Low,XGBoost
Gujarat,2011,9,No Alert,0.03,Very Low,XGBoost
Gujarat,2011,10,No Alert,0.01,Very Low,XGBoost
Gujarat,2011,11,No Alert,0.01,Very Low,XGBoost
Gujarat,2011,12,No Alert,0.01,Very Low,XGBoost
Gujarat,2012,1,No Alert,0.01,Very Low,XGBoost
Gujarat,2012,2,No Alert,0.01,Very Low,XGBoost
Gujarat,2012,3,No Alert,0.06,Very Low,XGBoost
Gujarat,2012,4,No Alert,3.65,Very Low,XGBoost
Gujarat,2012,5,No Alert,26.5,Low,XGBoost
Gujarat,2012,6,No Alert,0.05,Very Low,XGBoost
Gujarat,2012,7,No Alert,0.14,Very Low,XGBoost
Gujarat,2012,8,No Alert,0.11,Very Low,XGBoost
Gujarat,2012,9,No Alert,0.04,Very Low,XGBoost
Gujarat,2012,10,No Alert,0.01,Very Low,XGBoost
Gujarat,2012,11,No Alert,0.01,Very Low,XGBoost
Gujarat,2012,12,No Alert,0.01,Very Low,XGBoost
Gujarat,2013,1,No Alert,0.01,Very Low,XGBoost
Gujarat,2013,2,No Alert,0.01,Very Low,XGBoost
Gujarat,2013,3,No Alert,0.04,Very Low,XGBoost
Gujarat,2013,4,No Alert,0.01,Very Low,XGBoost
Gujarat,2013,5,No Alert,1.8,Very Low,XGBoost
Gujarat,2013,6,No Alert,0.05,Very Low,XGBoost
Gujarat,2013,7,No Alert,0.04,Very Low,XGBoost
Gujarat,2013,8,No Alert,0.03,Very Low,XGBoost
Gujarat,2013,9,No Alert,0.05,Very Low,XGBoost
Gujarat,2013,10,No Alert,0.01,Very Low,XGBoost
Gujarat,2013,11,No Alert,0.01,Very Low,XGBoost
Gujarat,2013,12,No Alert,0.02,Very Low,XGBoost
Gujarat,2014,1,No Alert,0.01,Very Low,XGBoost
Gujarat,2014,2,No Alert,0.01,Very Low,XGBoost
Gujarat,2014,3,No Alert,0.04,Very Low,XGBoost
Gujarat,2014,4,No Alert,48.14,Low,XGBoost
Gujarat,2014,5,No Alert,19.01,Very Low,XGBoost
Gujarat,2014,6,Alert,97.68,High,XGBoost
Gujarat,2014,7,No Alert,0.11,Very Low,XGBoost
Gujarat,2014,8,No Alert,0.06,Very Low,XGBoost
Gujarat,2014,9,No Alert,0.03,Very Low,XGBoost
Gujarat,2014,10,No Alert,0.01,Very Low,XGBoost
Gujarat,2014,11,No Alert,0.02,Very Low,XGBoost
Gujarat,2014,12,No Alert,0.01,Very Low,XGBoost
Gujarat,2015,1,No Alert,0.02,Very Low,XGBoost
Gujarat,2015,2,No Alert,0.02,Very Low,XGBoost
Gujarat,2015,3,No Alert,0.11,Very Low,XGBoost
Gujarat,2015,4,No Alert,11.68,Very Low,XGBoost
Gujarat,2015,5,No Alert,13.48,Very Low,XGBoost
Gujarat,2015,6,Alert,95.92,High,XGBoost
Gujarat,2015,7,No Alert,0.1,Very Low,XGBoost
Gujarat,2015,8,No Alert,0.03,Very Low,XGBoost
Gujarat,2015,9,No Alert,0.03,Very Low,XGBoost
Gujarat,2015,10,No Alert,0.01,Very Low,XGBoost
Gujarat,2015,11,No Alert,0.03,Very Low,XGBoost
Gujarat,2015,12,No Alert,0.03,Very Low,XGBoost
Gujarat,2016,1,No Alert,0.02,Very Low,XGBoost
Gujarat,2016,2,No Alert,0.04,Very Low,XGBoost
Gujarat,2016,3,No Alert,0.17,Very Low,XGBoost
Gujarat,2016,4,Alert,59.72,Moderate,XGBoost
Gujarat,2016,5,Alert,99.96,High,XGBoost
Gujarat,2016,6,Alert,95.33,High,XGBoost
Gujarat,2016,7,No Alert,0.04,Very Low,XGBoost
Gujarat,2016,8,No Alert,0.08,Very Low,XGBoost
Gujarat,2016,9,No Alert,0.02,Very Low,XGBoost
Gujarat,2016,10,No Alert,0.01,Very Low,XGBoost
Gujarat,2016,11,No Alert,0.02,Very Low,XGBoost
Gujarat,2016,12,No Alert,0.03,Very Low,XGBoost
Gujarat,2017,1,No Alert,0.02,Very Low,XGBoost
Gujarat,2017,2,No Alert,0.04,Very Low,XGBoost
Gujarat,2017,3,Alert,99.66,High,XGBoost
Gujarat,2017,4,Alert,99.89,High,XGBoost
Gujarat,2017,5,No Alert,10.65,Very Low,XGBoost
Gujarat,2017,6,Alert,97.5,High,XGBoost
Gujarat,2017,7,No Alert,0.05,Very Low,XGBoost
Gujarat,2017,8,No Alert,0.11,Very Low,XGBoost
Gujarat,2017,9,No Alert,0.03,Very Low,XGBoost
Gujarat,2017,10,No Alert,0.01,Very Low,XGBoost
Gujarat,2017,11,No Alert,0.02,Very Low,XGBoost
Gujarat,2017,12,No Alert,0.03,Very Low,XGBoost
Gujarat,2018,1,No Alert,0.02,Very Low,XGBoost
Gujarat,2018,2,No Alert,0.04,Very Low,XGBoost
Gujarat,2018,3,No Alert,0.16,Very Low,XGBoost
Gujarat,2018,4,No Alert,27.23,Low,XGBoost
Gujarat,2018,5,No Alert,25.43,Low,XGBoost
Gujarat,2018,6,Alert,96.78,High,XGBoost
Gujarat,2018,7,No Alert,0.06,Very Low,XGBoost
Gujarat,2018,8,No Alert,0.06,Very Low,XGBoost
Gujarat,2018,9,No Alert,0.02,Very Low,XGBoost
Gujarat,2018,10,No Alert,0.01,Very Low,XGBoost
Gujarat,2018,11,No Alert,0.03,Very Low,XGBoost
Gujarat,2018,12,No Alert,0.04,Very Low,XGBoost
Gujarat,2019,1,No Alert,0.02,Very Low,XGBoost
Gujarat,2019,2,No Alert,0.03,Very Low,XGBoost
Gujarat,2019,3,Alert,99.75,High,XGBoost
Gujarat,2019,4,Alert,50.32,Moderate,XGBoost
Gujarat,2019,5,No Alert,13.74,Very Low,XGBoost
Gujarat,2019,6,Alert,99.37,High,XGBoost
Gujarat,2019,7,No Alert,0.23,Very Low,XGBoost
Gujarat,2019,8,No Alert,0.03,Very Low,XGBoost
Gujarat,2019,9,No Alert,0.02,Very Low,XGBoost
Gujarat,2019,10,No Alert,0.01,Very Low,XGBoost
Gujarat,2019,11,No Alert,0.01,Very Low,XGBoost
Gujarat,2019,12,No Alert,0.03,Very Low,XGBoost
Gujarat,2020,1,No Alert,0.02,Very Low,XGBoost
Gujarat,2020,2,No Alert,0.02,Very Low,XGBoost
Gujarat,2020,3,No Alert,0.07,Very Low,XGBoost
Gujarat,2020,4,No Alert,4.9,Very Low,XGBoost
Gujarat,2020,5,No Alert,0.44,Very Low,XGBoost
Gujarat,2020,6,No Alert,0.03,Very Low,XGBoost
Gujarat,2020,7,No Alert,0.02,Very Low,XGBoost
Gujarat,2020,8,No Alert,0.06,Very Low,XGBoost
Gujarat,2020,9,No Alert,0.01,Very Low,XGBoost
Gujarat,2020,10,No Alert,0.01,Very Low,XGBoost
Gujarat,2020,11,No Alert,0.03,Very Low,XGBoost
Gujarat,2020,12,No Alert,0.03,Very Low,XGBoost
Gujarat,2021,1,No Alert,0.02,Very Low,XGBoost
Gujarat,2021,2,No Alert,0.04,Very Low,XGBoost
Gujarat,2021,3,No Alert,0.25,Very Low,XGBoost
Gujarat,2021,4,No Alert,20.18,Low,XGBoost
Gujarat,2021,5,No Alert,7.48,Very Low,XGBoost
Gujarat,2021,6,No Alert,0.06,Very Low,XGBoost
Gujarat,2021,7,No Alert,0.03,Very Low,XGBoost
Gujarat,2021,8,No Alert,0.04,Very Low,XGBoost
Gujarat,2021,9,No Alert,0.04,Very Low,XGBoost
Gujarat,2021,10,No Alert,0.02,Very Low,XGBoost
Gujarat,2021,11,No Alert,0.03,Very Low,XGBoost
Gujarat,2021,12,No Alert,0.03,Very Low,XGBoost
Gujarat,2022,1,No Alert,0.02,Very Low,XGBoost
Gujarat,2022,2,No Alert,0.02,Very Low,XGBoost
Gujarat,2022,3,No Alert,0.17,Very Low,XGBoost
Gujarat,2022,4,No Alert,5.69,Very Low,XGBoost
Gujarat,2022,5,No Alert,11.43,Very Low,XGBoost
Gujarat,2022,6,No Alert,19.81,Very Low,XGBoost
Gujarat,2022,7,No Alert,0.02,Very Low,XGBoost
Gujarat,2022,8,No Alert,0.03,Very Low,XGBoost
Gujarat,2022,9,No Alert,0.03,Very Low,XGBoost
Gujarat,2022,10,No Alert,0.02,Very Low,XGBoost
Gujarat,2022,11,No Alert,0.03,Very Low,XGBoost
Gujarat,2022,12,No Alert,0.03,Very Low,XGBoost
Gujarat,2023,1,No Alert,0.02,Very Low,XGBoost
Gujarat,2023,2,No Alert,0.04,Very Low,XGBoost
Gujarat,2023,3,No Alert,0.08,Very Low,XGBoost
Gujarat,2023,4,No Alert,0.06,Very Low,XGBoost
Gujarat,2023,5,No Alert,26.33,Low,XGBoost
Gujarat,2023,6,No Alert,23.89,Low,XGBoost
Gujarat,2023,7,No Alert,0.03,Very Low,XGBoost
Gujarat,2023,8,No Alert,0.02,Very Low,XGBoost
Gujarat,2023,9,No Alert,0.05,Very Low,XGBoost
Gujarat,2023,10,No Alert,0.01,Very Low,XGBoost
Gujarat,2023,11,No Alert,0.03,Very Low,XGBoost
Gujarat,2023,12,No Alert,0.03,Very Low,XGBoost
Gujarat,2024,1,No Alert,0.03,Very Low,XGBoost
Gujarat,2024,2,No Alert,0.03,Very Low,XGBoost
Gujarat,2024,3,Alert,99.89,High,XGBoost
Gujarat,2024,4,Alert,96.06,High,XGBoost
Gujarat,2024,5,Alert,99.38,High,XGBoost
Gujarat,2024,6,Alert,92.48,High,XGBoost
Gujarat,2024,7,No Alert,0.03,Very Low,XGBoost
Gujarat,2024,8,No Alert,0.02,Very Low,XGBoost
Gujarat,2024,9,No Alert,0.02,Very Low,XGBoost
Gujarat,2024,10,No Alert,0.01,Very Low,XGBoost
Gujarat,2024,11,No Alert,0.04,Very Low,XGBoost
Gujarat,2024,12,No Alert,0.03,Very Low,XGBoost
Gujarat,2025,1,No Alert,0.02,Very Low,XGBoost
Gujarat,2025,2,No Alert,0.05,Very Low,XGBoost
Gujarat,2025,3,Alert,89.41,High,XGBoost
Gujarat,2025,4,Alert,97.56,High,XGBoost
Gujarat,2025,5,Alert,98.0,High,XGBoost
Gujarat,2025,6,Alert,96.73,High,XGBoost
Gujarat,2025,7,No Alert,0.01,Very Low,XGBoost
Gujarat,2025,8,No Alert,0.01,Very Low,XGBoost
Gujarat,2025,9,No Alert,0.03,Very Low,XGBoost
Gujarat,2025,10,No Alert,0.01,Very Low,XGBoost
Gujarat,2025,11,No Alert,0.03,Very Low,XGBoost
Gujarat,2025,12,No Alert,0.03,Very Low,XGBoost
Haryana,2011,1,No Alert,0.01,Very Low,XGBoost
Haryana,2011,2,No Alert,0.01,Very Low,XGBoost
Haryana,2011,3,No Alert,0.02,Very Low,XGBoost
Haryana,2011,4,No Alert,24.49,Low,XGBoost
Haryana,2011,5,Alert,56.32,Moderate,XGBoost
Haryana,2011,6,Alert,99.83,High,XGBoost
Haryana,2011,7,No Alert,0.05,Very Low,XGBoost
Haryana,2011,8,No Alert,0.06,Very Low,XGBoost
Haryana,2011,9,No Alert,0.02,Very Low,XGBoost
Haryana,2011,10,No Alert,0.03,Very Low,XGBoost
Haryana,2011,11,No Alert,0.02,Very Low,XGBoost
Haryana,2011,12,No Alert,0.01,Very Low,XGBoost
Haryana,2012,1,No Alert,0.01,Very Low,XGBoost
Haryana,2012,2,No Alert,0.01,Very Low,XGBoost
Haryana,2012,3,No Alert,0.02,Very Low,XGBoost
Haryana,2012,4,No Alert,0.02,Very Low,XGBoost
Haryana,2012,5,Alert,99.94,High,XGBoost
Haryana,2012,6,Alert,99.97,High,XGBoost
Haryana,2012,7,Alert,99.97,High,XGBoost
Haryana,2012,8,No Alert,0.02,Very Low,XGBoost
Haryana,2012,9,No Alert,0.01,Very Low,XGBoost
Haryana,2012,10,No Alert,0.01,Very Low,XGBoost
Haryana,2012,11,No Alert,0.02,Very Low,XGBoost
Haryana,2012,12,No Alert,0.01,Very Low,XGBoost
Haryana,2013,1,No Alert,0.02,Very Low,XGBoost
Haryana,2013,2,No Alert,0.01,Very Low,XGBoost
Haryana,2013,3,No Alert,0.01,Very Low,XGBoost
Haryana,2013,4,Alert,86.01,High,XGBoost
Haryana,2013,5,Alert,99.94,High,XGBoost
Haryana,2013,6,Alert,99.96,High,XGBoost
Haryana,2013,7,No Alert,0.08,Very Low,XGBoost
Haryana,2013,8,No Alert,0.06,Very Low,XGBoost
Haryana,2013,9,No Alert,0.01,Very Low,XGBoost
Haryana,2013,10,No Alert,0.01,Very Low,XGBoost
Haryana,2013,11,No Alert,0.01,Very Low,XGBoost
Haryana,2013,12,No Alert,0.01,Very Low,XGBoost
Haryana,2014,1,No Alert,0.01,Very Low,XGBoost
Haryana,2014,2,No Alert,0.01,Very Low,XGBoost
Haryana,2014,3,No Alert,0.01,Very Low,XGBoost
Haryana,2014,4,Alert,99.96,High,XGBoost
Haryana,2014,5,Alert,71.61,Moderate,XGBoost
Haryana,2014,6,Alert,99.96,High,XGBoost
Haryana,2014,7,Alert,99.98,High,XGBoost
Haryana,2014,8,Alert,99.05,High,XGBoost
Haryana,2014,9,No Alert,0.04,Very Low,XGBoost
Haryana,2014,10,No Alert,0.02,Very Low,XGBoost
Haryana,2014,11,No Alert,0.03,Very Low,XGBoost
Haryana,2014,12,No Alert,0.01,Very Low,XGBoost
Haryana,2015,1,No Alert,0.01,Very Low,XGBoost
Haryana,2015,2,No Alert,0.01,Very Low,XGBoost
Haryana,2015,3,No Alert,0.01,Very Low,XGBoost
Haryana,2015,4,Alert,99.89,High,XGBoost
Haryana,2015,5,Alert,99.92,High,XGBoost
Haryana,2015,6,Alert,99.9,High,XGBoost
Haryana,2015,7,No Alert,0.16,Very Low,XGBoost
Haryana,2015,8,No Alert,0.17,Very Low,XGBoost
Haryana,2015,9,No Alert,0.02,Very Low,XGBoost
Haryana,2015,10,No Alert,0.03,Very Low,XGBoost
Haryana,2015,11,No Alert,0.02,Very Low,XGBoost
Haryana,2015,12,No Alert,0.01,Very Low,XGBoost
Haryana,2016,1,No Alert,0.01,Very Low,XGBoost
Haryana,2016,2,No Alert,0.01,Very Low,XGBoost
Haryana,2016,3,No Alert,0.02,Very Low,XGBoost
Haryana,2016,4,Alert,99.85,High,XGBoost
Haryana,2016,5,Alert,99.99,High,XGBoost
Haryana,2016,6,Alert,99.97,High,XGBoost
Haryana,2016,7,No Alert,0.2,Very Low,XGBoost
Haryana,2016,8,No Alert,0.05,Very Low,XGBoost
Haryana,2016,9,No Alert,0.01,Very Low,XGBoost
Haryana,2016,10,No Alert,0.04,Very Low,XGBoost
Haryana,2016,11,No Alert,0.03,Very Low,XGBoost
Haryana,2016,12,No Alert,0.02,Very Low,XGBoost
Haryana,2017,1,No Alert,0.01,Very Low,XGBoost
Haryana,2017,2,No Alert,0.03,Very Low,XGBoost
Haryana,2017,3,No Alert,0.05,Very Low,XGBoost
Haryana,2017,4,Alert,99.98,High,XGBoost
Haryana,2017,5,Alert,99.97,High,XGBoost
Haryana,2017,6,Alert,99.99,High,XGBoost
Haryana,2017,7,No Alert,0.11,Very Low,XGBoost
Haryana,2017,8,No Alert,0.32,Very Low,XGBoost
Haryana,2017,9,No Alert,0.01,Very Low,XGBoost
Haryana,2017,10,No Alert,0.04,Very Low,XGBoost
Haryana,2017,11,No Alert,0.02,Very Low,XGBoost
Haryana,2017,12,No Alert,0.02,Very Low,XGBoost
Haryana,2018,1,No Alert,0.01,Very Low,XGBoost
Haryana,2018,2,No Alert,0.01,Very Low,XGBoost
Haryana,2018,3,No Alert,0.05,Very Low,XGBoost
Haryana,2018,4,Alert,99.8,High,XGBoost
Haryana,2018,5,Alert,99.95,High,XGBoost
Haryana,2018,6,Alert,99.96,High,XGBoost
Haryana,2018,7,Alert,99.72,High,XGBoost
Haryana,2018,8,No Alert,0.56,Very Low,XGBoost
Haryana,2018,9,No Alert,0.01,Very Low,XGBoost
Haryana,2018,10,No Alert,0.02,Very Low,XGBoost
Haryana,2018,11,No Alert,0.02,Very Low,XGBoost
Haryana,2018,12,No Alert,0.02,Very Low,XGBoost
Haryana,2019,1,No Alert,0.01,Very Low,XGBoost
Haryana,2019,2,No Alert,0.01,Very Low,XGBoost
Haryana,2019,3,No Alert,0.03,Very Low,XGBoost
Haryana,2019,4,Alert,99.98,High,XGBoost
Haryana,2019,5,Alert,99.97,High,XGBoost
Haryana,2019,6,Alert,99.93,High,XGBoost
Haryana,2019,7,Alert,99.96,High,XGBoost
Haryana,2019,8,No Alert,0.16,Very Low,XGBoost
Haryana,2019,9,Alert,93.41,High,XGBoost
Haryana,2019,10,No Alert,0.04,Very Low,XGBoost
Haryana,2019,11,No Alert,0.02,Very Low,XGBoost
Haryana,2019,12,No Alert,0.02,Very Low,XGBoost
Haryana,2020,1,No Alert,0.02,Very Low,XGBoost
Haryana,2020,2,No Alert,0.01,Very Low,XGBoost
Haryana,2020,3,No Alert,0.01,Very Low,XGBoost
Haryana,2020,4,Alert,99.94,High,XGBoost
Haryana,2020,5,Alert,99.94,High,XGBoost
Haryana,2020,6,Alert,99.64,High,XGBoost
Haryana,2020,7,Alert,99.87,High,XGBoost
Haryana,2020,8,No Alert,0.31,Very Low,XGBoost
Haryana,2020,9,No Alert,0.04,Very Low,XGBoost
Haryana,2020,10,No Alert,0.03,Very Low,XGBoost
Haryana,2020,11,No Alert,0.02,Very Low,XGBoost
Haryana,2020,12,No Alert,0.02,Very Low,XGBoost
Haryana,2021,1,No Alert,0.01,Very Low,XGBoost
Haryana,2021,2,No Alert,0.01,Very Low,XGBoost
Haryana,2021,3,No Alert,0.03,Very Low,XGBoost
Haryana,2021,4,Alert,99.95,High,XGBoost
Haryana,2021,5,No Alert,7.71,Very Low,XGBoost
Haryana,2021,6,No Alert,30.58,Low,XGBoost
Haryana,2021,7,Alert,99.9,High,XGBoost
Haryana,2021,8,No Alert,0.08,Very Low,XGBoost
Haryana,2021,9,No Alert,0.0,Very Low,XGBoost
Haryana,2021,10,No Alert,0.02,Very Low,XGBoost
Haryana,2021,11,No Alert,0.02,Very Low,XGBoost
Haryana,2021,12,No Alert,0.02,Very Low,XGBoost
Haryana,2022,1,No Alert,0.01,Very Low,XGBoost
Haryana,2022,2,No Alert,0.01,Very Low,XGBoost
Haryana,2022,3,Alert,76.66,Moderate,XGBoost
Haryana,2022,4,Alert,99.32,High,XGBoost
Haryana,2022,5,Alert,99.96,High,XGBoost
Haryana,2022,6,Alert,99.89,High,XGBoost
Haryana,2022,7,No Alert,0.03,Very Low,XGBoost
Haryana,2022,8,No Alert,0.19,Very Low,XGBoost
Haryana,2022,9,No Alert,0.01,Very Low,XGBoost
Haryana,2022,10,No Alert,0.01,Very Low,XGBoost
Haryana,2022,11,No Alert,0.02,Very Low,XGBoost
Haryana,2022,12,No Alert,0.02,Very Low,XGBoost
Haryana,2023,1,No Alert,0.01,Very Low,XGBoost
Haryana,2023,2,No Alert,0.01,Very Low,XGBoost
Haryana,2023,3,No Alert,0.02,Very Low,XGBoost
Haryana,2023,4,Alert,99.93,High,XGBoost
Haryana,2023,5,Alert,99.63,High,XGBoost
Haryana,2023,6,Alert,83.01,High,XGBoost
Haryana,2023,7,No Alert,0.05,Very Low,XGBoost
Haryana,2023,8,No Alert,0.11,Very Low,XGBoost
Haryana,2023,9,No Alert,0.01,Very Low,XGBoost
Haryana,2023,10,No Alert,0.01,Very Low,XGBoost
Haryana,2023,11,No Alert,0.01,Very Low,XGBoost
Haryana,2023,12,No Alert,0.02,Very Low,XGBoost
Haryana,2024,1,No Alert,0.01,Very Low,XGBoost
Haryana,2024,2,No Alert,0.03,Very Low,XGBoost
Haryana,2024,3,No Alert,0.03,Very Low,XGBoost
Haryana,2024,4,No Alert,0.23,Very Low,XGBoost
Haryana,2024,5,Alert,99.04,High,XGBoost
Haryana,2024,6,Alert,94.13,High,XGBoost
Haryana,2024,7,No Alert,0.04,Very Low,XGBoost
Haryana,2024,8,No Alert,0.02,Very Low,XGBoost
Haryana,2024,9,No Alert,0.01,Very Low,XGBoost
Haryana,2024,10,No Alert,0.04,Very Low,XGBoost
Haryana,2024,11,No Alert,0.03,Very Low,XGBoost
Haryana,2024,12,No Alert,0.03,Very Low,XGBoost
Haryana,2025,1,No Alert,0.02,Very Low,XGBoost
Haryana,2025,2,No Alert,0.03,Very Low,XGBoost
Haryana,2025,3,No Alert,0.04,Very Low,XGBoost
Haryana,2025,4,No Alert,0.19,Very Low,XGBoost
Haryana,2025,5,No Alert,0.73,Very Low,XGBoost
Haryana,2025,6,Alert,99.22,High,XGBoost
Haryana,2025,7,No Alert,0.02,Very Low,XGBoost
Haryana,2025,8,No Alert,0.01,Very Low,XGBoost
Haryana,2025,9,No Alert,0.01,Very Low,XGBoost
Haryana,2025,10,No Alert,0.02,Very Low,XGBoost
Haryana,2025,11,No Alert,0.02,Very Low,XGBoost
Haryana,2025,12,No Alert,0.02,Very Low,XGBoost
Himachal Pradesh,2011,1,No Alert,0.0,Very Low,XGBoost
Himachal Pradesh,2011,2,No Alert,0.0,Very Low,XGBoost
Himachal Pradesh,2011,3,No Alert,0.01,Very Low,XGBoost
Himachal Pradesh,2011,4,No Alert,0.04,Very Low,XGBoost
Himachal Pradesh,2011,5,No Alert,0.03,Very Low,XGBoost
Himachal Pradesh,2011,6,No Alert,0.02,Very Low,XGBoost
Himachal Pradesh,2011,7,No Alert,0.01,Very Low,XGBoost
Himachal Pradesh,2011,8,No Alert,0.01,Very Low,XGBoost
Himachal Pradesh,2011,9,No Alert,0.02,Very Low,XGBoost
Himachal Pradesh,2011,10,No Alert,0.02,Very Low,XGBoost
Himachal Pradesh,2011,11,No Alert,0.02,Very Low,XGBoost
Himachal Pradesh,2011,12,No Alert,0.01,Very Low,XGBoost
Himachal Pradesh,2012,1,No Alert,0.0,Very Low,XGBoost
Himachal Pradesh,2012,2,No Alert,0.0,Very Low,XGBoost
Himachal Pradesh,2012,3,No Alert,0.02,Very Low,XGBoost
Himachal Pradesh,2012,4,No Alert,0.04,Very Low,XGBoost
Himachal Pradesh,2012,5,No Alert,0.03,Very Low,XGBoost
Himachal Pradesh,2012,6,No Alert,0.06,Very Low,XGBoost
Himachal Pradesh,2012,7,No Alert,0.04,Very Low,XGBoost
Himachal Pradesh,2012,8,No Alert,0.01,Very Low,XGBoost
Himachal Pradesh,2012,9,No Alert,0.02,Very Low,XGBoost
Himachal Pradesh,2012,10,No Alert,0.01,Very Low,XGBoost
Himachal Pradesh,2012,11,No Alert,0.01,Very Low,XGBoost
Himachal Pradesh,2012,12,No Alert,0.01,Very Low,XGBoost
Himachal Pradesh,2013,1,No Alert,0.0,Very Low,XGBoost
Himachal Pradesh,2013,2,No Alert,0.0,Very Low,XGBoost
Himachal Pradesh,2013,3,No Alert,0.01,Very Low,XGBoost
Himachal Pradesh,2013,4,No Alert,0.04,Very Low,XGBoost
Himachal Pradesh,2013,5,No Alert,0.03,Very Low,XGBoost
Himachal Pradesh,2013,6,No Alert,0.01,Very Low,XGBoost
Himachal Pradesh,2013,7,No Alert,0.02,Very Low,XGBoost
Himachal Pradesh,2013,8,No Alert,0.01,Very Low,XGBoost
Himachal Pradesh,2013,9,No Alert,0.01,Very Low,XGBoost
Himachal Pradesh,2013,10,No Alert,0.02,Very Low,XGBoost
Himachal Pradesh,2013,11,No Alert,0.01,Very Low,XGBoost
Himachal Pradesh,2013,12,No Alert,0.01,Very Low,XGBoost
Himachal Pradesh,2014,1,No Alert,0.01,Very Low,XGBoost
Himachal Pradesh,2014,2,No Alert,0.01,Very Low,XGBoost
Himachal Pradesh,2014,3,No Alert,0.01,Very Low,XGBoost
Himachal Pradesh,2014,4,No Alert,0.07,Very Low,XGBoost
Himachal Pradesh,2014,5,No Alert,0.02,Very Low,XGBoost
Himachal Pradesh,2014,6,No Alert,0.04,Very Low,XGBoost
Himachal Pradesh,2014,7,No Alert,0.01,Very Low,XGBoost
Himachal Pradesh,2014,8,No Alert,0.02,Very Low,XGBoost
Himachal Pradesh,2014,9,No Alert,0.02,Very Low,XGBoost
Himachal Pradesh,2014,10,No Alert,0.02,Very Low,XGBoost
Himachal Pradesh,2014,11,No Alert,0.03,Very Low,XGBoost
Himachal Pradesh,2014,12,No Alert,0.02,Very Low,XGBoost
Himachal Pradesh,2015,1,No Alert,0.01,Very Low,XGBoost
Himachal Pradesh,2015,2,No Alert,0.01,Very Low,XGBoost
Himachal Pradesh,2015,3,No Alert,0.01,Very Low,XGBoost
Himachal Pradesh,2015,4,No Alert,0.04,Very Low,XGBoost
Himachal Pradesh,2015,5,No Alert,0.02,Very Low,XGBoost
Himachal Pradesh,2015,6,No Alert,0.01,Very Low,XGBoost
Himachal Pradesh,2015,7,No Alert,0.01,Very Low,XGBoost
Himachal Pradesh,2015,8,No Alert,0.01,Very Low,XGBoost
Himachal Pradesh,2015,9,No Alert,0.02,Very Low,XGBoost
Himachal Pradesh,2015,10,No Alert,0.03,Very Low,XGBoost
Himachal Pradesh,2015,11,No Alert,0.02,Very Low,XGBoost
Himachal Pradesh,2015,12,No Alert,0.01,Very Low,XGBoost
Himachal Pradesh,2016,1,No Alert,0.01,Very Low,XGBoost
Himachal Pradesh,2016,2,No Alert,0.01,Very Low,XGBoost
Himachal Pradesh,2016,3,No Alert,0.02,Very Low,XGBoost
Himachal Pradesh,2016,4,No Alert,0.09,Very Low,XGBoost
Himachal Pradesh,2016,5,No Alert,0.02,Very Low,XGBoost
Himachal Pradesh,2016,6,No Alert,0.01,Very Low,XGBoost
Himachal Pradesh,2016,7,No Alert,0.01,Very Low,XGBoost
Himachal Pradesh,2016,8,No Alert,0.01,Very Low,XGBoost
Himachal Pradesh,2016,9,No Alert,0.02,Very Low,XGBoost
Himachal Pradesh,2016,10,No Alert,0.03,Very Low,XGBoost
Himachal Pradesh,2016,11,No Alert,0.04,Very Low,XGBoost
Himachal Pradesh,2016,12,No Alert,0.02,Very Low,XGBoost
Himachal Pradesh,2017,1,No Alert,0.01,Very Low,XGBoost
Himachal Pradesh,2017,2,No Alert,0.01,Very Low,XGBoost
Himachal Pradesh,2017,3,No Alert,0.03,Very Low,XGBoost
Himachal Pradesh,2017,4,No Alert,0.12,Very Low,XGBoost
Himachal Pradesh,2017,5,No Alert,0.02,Very Low,XGBoost
Himachal Pradesh,2017,6,No Alert,0.02,Very Low,XGBoost
Himachal Pradesh,2017,7,No Alert,0.01,Very Low,XGBoost
Himachal Pradesh,2017,8,No Alert,0.01,Very Low,XGBoost
Himachal Pradesh,2017,9,No Alert,0.02,Very Low,XGBoost
Himachal Pradesh,2017,10,No Alert,0.03,Very Low,XGBoost
Himachal Pradesh,2017,11,No Alert,0.02,Very Low,XGBoost
Himachal Pradesh,2017,12,No Alert,0.01,Very Low,XGBoost
Himachal Pradesh,2018,1,No Alert,0.01,Very Low,XGBoost
Himachal Pradesh,2018,2,No Alert,0.01,Very Low,XGBoost
Himachal Pradesh,2018,3,No Alert,0.04,Very Low,XGBoost
Himachal Pradesh,2018,4,No Alert,0.06,Very Low,XGBoost
Himachal Pradesh,2018,5,No Alert,0.04,Very Low,XGBoost
Himachal Pradesh,2018,6,No Alert,0.01,Very Low,XGBoost
Himachal Pradesh,2018,7,No Alert,0.02,Very Low,XGBoost
Himachal Pradesh,2018,8,No Alert,0.02,Very Low,XGBoost
Himachal Pradesh,2018,9,No Alert,0.02,Very Low,XGBoost
Himachal Pradesh,2018,10,No Alert,0.02,Very Low,XGBoost
Himachal Pradesh,2018,11,No Alert,0.01,Very Low,XGBoost
Himachal Pradesh,2018,12,No Alert,0.01,Very Low,XGBoost
Himachal Pradesh,2019,1,No Alert,0.01,Very Low,XGBoost
Himachal Pradesh,2019,2,No Alert,0.01,Very Low,XGBoost
Himachal Pradesh,2019,3,No Alert,0.01,Very Low,XGBoost
Himachal Pradesh,2019,4,No Alert,0.08,Very Low,XGBoost
Himachal Pradesh,2019,5,No Alert,0.03,Very Low,XGBoost
Himachal Pradesh,2019,6,No Alert,0.02,Very Low,XGBoost
Himachal Pradesh,2019,7,No Alert,0.01,Very Low,XGBoost
Himachal Pradesh,2019,8,No Alert,0.01,Very Low,XGBoost
Himachal Pradesh,2019,9,No Alert,0.02,Very Low,XGBoost
Himachal Pradesh,2019,10,No Alert,0.02,Very Low,XGBoost
Himachal Pradesh,2019,11,No Alert,0.01,Very Low,XGBoost
Himachal Pradesh,2019,12,No Alert,0.01,Very Low,XGBoost
Himachal Pradesh,2020,1,No Alert,0.01,Very Low,XGBoost
Himachal Pradesh,2020,2,No Alert,0.01,Very Low,XGBoost
Himachal Pradesh,2020,3,No Alert,0.02,Very Low,XGBoost
Himachal Pradesh,2020,4,No Alert,0.04,Very Low,XGBoost
Himachal Pradesh,2020,5,No Alert,0.03,Very Low,XGBoost
Himachal Pradesh,2020,6,No Alert,0.01,Very Low,XGBoost
Himachal Pradesh,2020,7,No Alert,0.01,Very Low,XGBoost
Himachal Pradesh,2020,8,No Alert,0.01,Very Low,XGBoost
Himachal Pradesh,2020,9,No Alert,0.01,Very Low,XGBoost
Himachal Pradesh,2020,10,No Alert,0.03,Very Low,XGBoost
Himachal Pradesh,2020,11,No Alert,0.02,Very Low,XGBoost
Himachal Pradesh,2020,12,No Alert,0.01,Very Low,XGBoost
Himachal Pradesh,2021,1,No Alert,0.01,Very Low,XGBoost
Himachal Pradesh,2021,2,No Alert,0.01,Very Low,XGBoost
Himachal Pradesh,2021,3,No Alert,0.04,Very Low,XGBoost
Himachal Pradesh,2021,4,No Alert,0.07,Very Low,XGBoost
Himachal Pradesh,2021,5,No Alert,0.01,Very Low,XGBoost
Himachal Pradesh,2021,6,No Alert,0.01,Very Low,XGBoost
Himachal Pradesh,2021,7,No Alert,0.01,Very Low,XGBoost
Himachal Pradesh,2021,8,No Alert,0.01,Very Low,XGBoost
Himachal Pradesh,2021,9,No Alert,0.01,Very Low,XGBoost
Himachal Pradesh,2021,10,No Alert,0.01,Very Low,XGBoost
Himachal Pradesh,2021,11,No Alert,0.02,Very Low,XGBoost
Himachal Pradesh,2021,12,No Alert,0.01,Very Low,XGBoost
Himachal Pradesh,2022,1,No Alert,0.01,Very Low,XGBoost
Himachal Pradesh,2022,2,No Alert,0.01,Very Low,XGBoost
Himachal Pradesh,2022,3,No Alert,0.04,Very Low,XGBoost
Himachal Pradesh,2022,4,No Alert,0.15,Very Low,XGBoost
Himachal Pradesh,2022,5,No Alert,0.01,Very Low,XGBoost
Himachal Pradesh,2022,6,No Alert,0.02,Very Low,XGBoost
Himachal Pradesh,2022,7,No Alert,0.0,Very Low,XGBoost
Himachal Pradesh,2022,8,No Alert,0.01,Very Low,XGBoost
Himachal Pradesh,2022,9,No Alert,0.01,Very Low,XGBoost
Himachal Pradesh,2022,10,No Alert,0.02,Very Low,XGBoost
Himachal Pradesh,2022,11,No Alert,0.02,Very Low,XGBoost
Himachal Pradesh,2022,12,No Alert,0.02,Very Low,XGBoost
Himachal Pradesh,2023,1,No Alert,0.01,Very Low,XGBoost
Himachal Pradesh,2023,2,No Alert,0.02,Very Low,XGBoost
Himachal Pradesh,2023,3,No Alert,0.02,Very Low,XGBoost
Himachal Pradesh,2023,4,No Alert,0.06,Very Low,XGBoost
Himachal Pradesh,2023,5,No Alert,0.01,Very Low,XGBoost
Himachal Pradesh,2023,6,No Alert,0.0,Very Low,XGBoost
Himachal Pradesh,2023,7,No Alert,0.0,Very Low,XGBoost
Himachal Pradesh,2023,8,No Alert,0.01,Very Low,XGBoost
Himachal Pradesh,2023,9,No Alert,0.01,Very Low,XGBoost
Himachal Pradesh,2023,10,No Alert,0.02,Very Low,XGBoost
Himachal Pradesh,2023,11,No Alert,0.01,Very Low,XGBoost
Himachal Pradesh,2023,12,No Alert,0.01,Very Low,XGBoost
Himachal Pradesh,2024,1,No Alert,0.02,Very Low,XGBoost
Himachal Pradesh,2024,2,No Alert,0.01,Very Low,XGBoost
Himachal Pradesh,2024,3,No Alert,0.02,Very Low,XGBoost
Himachal Pradesh,2024,4,No Alert,0.07,Very Low,XGBoost
Himachal Pradesh,2024,5,No Alert,0.04,Very Low,XGBoost
Himachal Pradesh,2024,6,No Alert,0.02,Very Low,XGBoost
Himachal Pradesh,2024,7,No Alert,0.02,Very Low,XGBoost
Himachal Pradesh,2024,8,No Alert,0.01,Very Low,XGBoost
Himachal Pradesh,2024,9,No Alert,0.01,Very Low,XGBoost
Himachal Pradesh,2024,10,No Alert,0.02,Very Low,XGBoost
Himachal Pradesh,2024,11,No Alert,0.03,Very Low,XGBoost
Himachal Pradesh,2024,12,No Alert,0.02,Very Low,XGBoost
Himachal Pradesh,2025,1,No Alert,0.02,Very Low,XGBoost
Himachal Pradesh,2025,2,No Alert,0.01,Very Low,XGBoost
Himachal Pradesh,2025,3,No Alert,0.03,Very Low,XGBoost
Himachal Pradesh,2025,4,No Alert,0.11,Very Low,XGBoost
Himachal Pradesh,2025,5,No Alert,0.01,Very Low,XGBoost
Himachal Pradesh,2025,6,No Alert,0.01,Very Low,XGBoost
Himachal Pradesh,2025,7,No Alert,0.01,Very Low,XGBoost
Himachal Pradesh,2025,8,No Alert,0.01,Very Low,XGBoost
Himachal Pradesh,2025,9,No Alert,0.02,Very Low,XGBoost
Himachal Pradesh,2025,10,No Alert,0.01,Very Low,XGBoost
Himachal Pradesh,2025,11,No Alert,0.02,Very Low,XGBoost
Himachal Pradesh,2025,12,No Alert,0.03,Very Low,XGBoost
Jammu and Kashmir,2011,1,No Alert,0.02,Very Low,XGBoost
Jammu and Kashmir,2011,2,No Alert,0.01,Very Low,XGBoost
Jammu and Kashmir,2011,3,No Alert,0.03,Very Low,XGBoost
Jammu and Kashmir,2011,4,No Alert,0.04,Very Low,XGBoost
Jammu and Kashmir,2011,5,No Alert,0.02,Very Low,XGBoost
Jammu and Kashmir,2011,6,No Alert,0.01,Very Low,XGBoost
Jammu and Kashmir,2011,7,No Alert,0.01,Very Low,XGBoost
Jammu and Kashmir,2011,8,No Alert,0.02,Very Low,XGBoost
Jammu and Kashmir,2011,9,No Alert,0.01,Very Low,XGBoost
Jammu and Kashmir,2011,10,No Alert,0.02,Very Low,XGBoost
Jammu and Kashmir,2011,11,No Alert,0.02,Very Low,XGBoost
Jammu and Kashmir,2011,12,No Alert,0.02,Very Low,XGBoost
Jammu and Kashmir,2012,1,No Alert,0.01,Very Low,XGBoost
Jammu and Kashmir,2012,2,No Alert,0.01,Very Low,XGBoost
Jammu and Kashmir,2012,3,No Alert,0.02,Very Low,XGBoost
Jammu and Kashmir,2012,4,No Alert,0.06,Very Low,XGBoost
Jammu and Kashmir,2012,5,No Alert,0.02,Very Low,XGBoost
Jammu and Kashmir,2012,6,No Alert,0.01,Very Low,XGBoost
Jammu and Kashmir,2012,7,No Alert,0.02,Very Low,XGBoost
Jammu and Kashmir,2012,8,No Alert,0.02,Very Low,XGBoost
Jammu and Kashmir,2012,9,No Alert,0.02,Very Low,XGBoost
Jammu and Kashmir,2012,10,No Alert,0.02,Very Low,XGBoost
Jammu and Kashmir,2012,11,No Alert,0.02,Very Low,XGBoost
Jammu and Kashmir,2012,12,No Alert,0.02,Very Low,XGBoost
Jammu and Kashmir,2013,1,No Alert,0.02,Very Low,XGBoost
Jammu and Kashmir,2013,2,No Alert,0.01,Very Low,XGBoost
Jammu and Kashmir,2013,3,No Alert,0.03,Very Low,XGBoost
Jammu and Kashmir,2013,4,No Alert,0.05,Very Low,XGBoost
Jammu and Kashmir,2013,5,No Alert,0.03,Very Low,XGBoost
Jammu and Kashmir,2013,6,No Alert,0.01,Very Low,XGBoost
Jammu and Kashmir,2013,7,No Alert,0.02,Very Low,XGBoost
Jammu and Kashmir,2013,8,No Alert,0.02,Very Low,XGBoost
Jammu and Kashmir,2013,9,No Alert,0.02,Very Low,XGBoost
Jammu and Kashmir,2013,10,No Alert,0.02,Very Low,XGBoost
Jammu and Kashmir,2013,11,No Alert,0.02,Very Low,XGBoost
Jammu and Kashmir,2013,12,No Alert,0.02,Very Low,XGBoost
Jammu and Kashmir,2014,1,No Alert,0.02,Very Low,XGBoost
Jammu and Kashmir,2014,2,No Alert,0.01,Very Low,XGBoost
Jammu and Kashmir,2014,3,No Alert,0.02,Very Low,XGBoost
Jammu and Kashmir,2014,4,No Alert,0.05,Very Low,XGBoost
Jammu and Kashmir,2014,5,No Alert,0.02,Very Low,XGBoost
Jammu and Kashmir,2014,6,No Alert,0.01,Very Low,XGBoost
Jammu and Kashmir,2014,7,No Alert,0.02,Very Low,XGBoost
Jammu and Kashmir,2014,8,No Alert,0.01,Very Low,XGBoost
Jammu and Kashmir,2014,9,No Alert,0.02,Very Low,XGBoost
Jammu and Kashmir,2014,10,No Alert,0.02,Very Low,XGBoost
Jammu and Kashmir,2014,11,No Alert,0.03,Very Low,XGBoost
Jammu and Kashmir,2014,12,No Alert,0.03,Very Low,XGBoost
Jammu and Kashmir,2015,1,No Alert,0.02,Very Low,XGBoost
Jammu and Kashmir,2015,2,No Alert,0.01,Very Low,XGBoost
Jammu and Kashmir,2015,3,No Alert,0.02,Very Low,XGBoost
Jammu and Kashmir,2015,4,No Alert,0.05,Very Low,XGBoost
Jammu and Kashmir,2015,5,No Alert,0.03,Very Low,XGBoost
Jammu and Kashmir,2015,6,No Alert,0.02,Very Low,XGBoost
Jammu and Kashmir,2015,7,No Alert,0.02,Very Low,XGBoost
Jammu and Kashmir,2015,8,No Alert,0.02,Very Low,XGBoost
Jammu and Kashmir,2015,9,No Alert,0.01,Very Low,XGBoost
Jammu and Kashmir,2015,10,No Alert,0.02,Very Low,XGBoost
Jammu and Kashmir,2015,11,No Alert,0.02,Very Low,XGBoost
Jammu and Kashmir,2015,12,No Alert,0.03,Very Low,XGBoost
Jammu and Kashmir,2016,1,No Alert,0.03,Very Low,XGBoost
Jammu and Kashmir,2016,2,No Alert,0.03,Very Low,XGBoost
Jammu and Kashmir,2016,3,No Alert,0.03,Very Low,XGBoost
Jammu and Kashmir,2016,4,No Alert,0.05,Very Low,XGBoost
Jammu and Kashmir,2016,5,No Alert,0.04,Very Low,XGBoost
Jammu and Kashmir,2016,6,No Alert,0.02,Very Low,XGBoost
Jammu and Kashmir,2016,7,No Alert,0.02,Very Low,XGBoost
Jammu and Kashmir,2016,8,No Alert,0.01,Very Low,XGBoost
Jammu and Kashmir,2016,9,No Alert,0.02,Very Low,XGBoost
Jammu and Kashmir,2016,10,No Alert,0.03,Very Low,XGBoost
Jammu and Kashmir,2016,11,No Alert,0.02,Very Low,XGBoost
Jammu and Kashmir,2016,12,No Alert,0.03,Very Low,XGBoost
Jammu and Kashmir,2017,1,No Alert,0.02,Very Low,XGBoost
Jammu and Kashmir,2017,2,No Alert,0.02,Very Low,XGBoost
Jammu and Kashmir,2017,3,No Alert,0.02,Very Low,XGBoost
Jammu and Kashmir,2017,4,No Alert,0.06,Very Low,XGBoost
Jammu and Kashmir,2017,5,No Alert,0.04,Very Low,XGBoost
Jammu and Kashmir,2017,6,No Alert,0.01,Very Low,XGBoost
Jammu and Kashmir,2017,7,No Alert,0.02,Very Low,XGBoost
Jammu and Kashmir,2017,8,No Alert,0.01,Very Low,XGBoost
Jammu and Kashmir,2017,9,No Alert,0.02,Very Low,XGBoost
Jammu and Kashmir,2017,10,No Alert,0.03,Very Low,XGBoost
Jammu and Kashmir,2017,11,No Alert,0.03,Very Low,XGBoost
Jammu and Kashmir,2017,12,No Alert,0.02,Very Low,XGBoost
Jammu and Kashmir,2018,1,No Alert,0.03,Very Low,XGBoost
Jammu and Kashmir,2018,2,No Alert,0.01,Very Low,XGBoost
Jammu and Kashmir,2018,3,No Alert,0.03,Very Low,XGBoost
Jammu and Kashmir,2018,4,No Alert,0.07,Very Low,XGBoost
Jammu and Kashmir,2018,5,No Alert,0.02,Very Low,XGBoost
Jammu and Kashmir,2018,6,No Alert,0.01,Very Low,XGBoost
Jammu and Kashmir,2018,7,No Alert,0.02,Very Low,XGBoost
Jammu and Kashmir,2018,8,No Alert,0.02,Very Low,XGBoost
Jammu and Kashmir,2018,9,No Alert,0.02,Very Low,XGBoost
Jammu and Kashmir,2018,10,No Alert,0.03,Very Low,XGBoost
Jammu and Kashmir,2018,11,No Alert,0.02,Very Low,XGBoost
Jammu and Kashmir,2018,12,No Alert,0.03,Very Low,XGBoost
Jammu and Kashmir,2019,1,No Alert,0.02,Very Low,XGBoost
Jammu and Kashmir,2019,2,No Alert,0.01,Very Low,XGBoost
Jammu and Kashmir,2019,3,No Alert,0.02,Very Low,XGBoost
Jammu and Kashmir,2019,4,No Alert,0.07,Very Low,XGBoost
Jammu and Kashmir,2019,5,No Alert,0.03,Very Low,XGBoost
Jammu and Kashmir,2019,6,No Alert,0.02,Very Low,XGBoost
Jammu and Kashmir,2019,7,No Alert,0.02,Very Low,XGBoost
Jammu and Kashmir,2019,8,No Alert,0.02,Very Low,XGBoost
Jammu and Kashmir,2019,9,No Alert,0.03,Very Low,XGBoost
Jammu and Kashmir,2019,10,No Alert,0.03,Very Low,XGBoost
Jammu and Kashmir,2019,11,No Alert,0.02,Very Low,XGBoost
Jammu and Kashmir,2019,12,No Alert,0.04,Very Low,XGBoost
Jammu and Kashmir,2020,1,No Alert,0.02,Very Low,XGBoost
Jammu and Kashmir,2020,2,No Alert,0.03,Very Low,XGBoost
Jammu and Kashmir,2020,3,No Alert,0.02,Very Low,XGBoost
Jammu and Kashmir,2020,4,No Alert,0.07,Very Low,XGBoost
Jammu and Kashmir,2020,5,No Alert,0.02,Very Low,XGBoost
Jammu and Kashmir,2020,6,No Alert,0.01,Very Low,XGBoost
Jammu and Kashmir,2020,7,No Alert,0.01,Very Low,XGBoost
Jammu and Kashmir,2020,8,No Alert,0.01,Very Low,XGBoost
Jammu and Kashmir,2020,9,No Alert,0.02,Very Low,XGBoost
Jammu and Kashmir,2020,10,No Alert,0.03,Very Low,XGBoost
Jammu and Kashmir,2020,11,No Alert,0.02,Very Low,XGBoost
Jammu and Kashmir,2020,12,No Alert,0.02,Very Low,XGBoost
Jammu and Kashmir,2021,1,No Alert,0.03,Very Low,XGBoost
Jammu and Kashmir,2021,2,No Alert,0.02,Very Low,XGBoost
Jammu and Kashmir,2021,3,No Alert,0.02,Very Low,XGBoost
Jammu and Kashmir,2021,4,No Alert,0.05,Very Low,XGBoost
Jammu and Kashmir,2021,5,No Alert,0.03,Very Low,XGBoost
Jammu and Kashmir,2021,6,No Alert,0.01,Very Low,XGBoost
Jammu and Kashmir,2021,7,No Alert,0.01,Very Low,XGBoost
Jammu and Kashmir,2021,8,No Alert,0.01,Very Low,XGBoost
Jammu and Kashmir,2021,9,No Alert,0.03,Very Low,XGBoost
Jammu and Kashmir,2021,10,No Alert,0.02,Very Low,XGBoost
Jammu and Kashmir,2021,11,No Alert,0.04,Very Low,XGBoost
Jammu and Kashmir,2021,12,No Alert,0.03,Very Low,XGBoost
Jammu and Kashmir,2022,1,No Alert,0.02,Very Low,XGBoost
Jammu and Kashmir,2022,2,No Alert,0.02,Very Low,XGBoost
Jammu and Kashmir,2022,3,No Alert,0.03,Very Low,XGBoost
Jammu and Kashmir,2022,4,No Alert,0.08,Very Low,XGBoost
Jammu and Kashmir,2022,5,No Alert,0.03,Very Low,XGBoost
Jammu and Kashmir,2022,6,No Alert,0.01,Very Low,XGBoost
Jammu and Kashmir,2022,7,No Alert,0.02,Very Low,XGBoost
Jammu and Kashmir,2022,8,No Alert,0.01,Very Low,XGBoost
Jammu and Kashmir,2022,9,No Alert,0.02,Very Low,XGBoost
Jammu and Kashmir,2022,10,No Alert,0.03,Very Low,XGBoost
Jammu and Kashmir,2022,11,No Alert,0.03,Very Low,XGBoost
Jammu and Kashmir,2022,12,No Alert,0.02,Very Low,XGBoost
Jammu and Kashmir,2023,1,No Alert,0.02,Very Low,XGBoost
Jammu and Kashmir,2023,2,No Alert,0.01,Very Low,XGBoost
Jammu and Kashmir,2023,3,No Alert,0.03,Very Low,XGBoost
Jammu and Kashmir,2023,4,No Alert,0.05,Very Low,XGBoost
Jammu and Kashmir,2023,5,No Alert,0.01,Very Low,XGBoost
Jammu and Kashmir,2023,6,No Alert,0.01,Very Low,XGBoost
Jammu and Kashmir,2023,7,No Alert,0.02,Very Low,XGBoost
Jammu and Kashmir,2023,8,No Alert,0.02,Very Low,XGBoost
Jammu and Kashmir,2023,9,No Alert,0.03,Very Low,XGBoost
Jammu and Kashmir,2023,10,No Alert,0.02,Very Low,XGBoost
Jammu and Kashmir,2023,11,No Alert,0.02,Very Low,XGBoost
Jammu and Kashmir,2023,12,No Alert,0.03,Very Low,XGBoost
Jammu and Kashmir,2024,1,No Alert,0.03,Very Low,XGBoost
Jammu and Kashmir,2024,2,No Alert,0.01,Very Low,XGBoost
Jammu and Kashmir,2024,3,No Alert,0.03,Very Low,XGBoost
Jammu and Kashmir,2024,4,No Alert,0.06,Very Low,XGBoost
Jammu and Kashmir,2024,5,No Alert,0.01,Very Low,XGBoost
Jammu and Kashmir,2024,6,No Alert,0.0,Very Low,XGBoost
Jammu and Kashmir,2024,7,No Alert,0.05,Very Low,XGBoost
Jammu and Kashmir,2024,8,No Alert,0.01,Very Low,XGBoost
Jammu and Kashmir,2024,9,No Alert,0.01,Very Low,XGBoost
Jammu and Kashmir,2024,10,No Alert,0.03,Very Low,XGBoost
Jammu and Kashmir,2024,11,No Alert,0.02,Very Low,XGBoost
Jammu and Kashmir,2024,12,No Alert,0.01,Very Low,XGBoost
Jammu and Kashmir,2025,1,No Alert,0.01,Very Low,XGBoost
Jammu and Kashmir,2025,2,No Alert,0.01,Very Low,XGBoost
Jammu and Kashmir,2025,3,No Alert,0.02,Very Low,XGBoost
Jammu and Kashmir,2025,4,No Alert,0.05,Very Low,XGBoost
Jammu and Kashmir,2025,5,No Alert,0.01,Very Low,XGBoost
Jammu and Kashmir,2025,6,No Alert,0.01,Very Low,XGBoost
Jammu and Kashmir,2025,7,No Alert,0.01,Very Low,XGBoost
Jammu and Kashmir,2025,8,No Alert,0.01,Very Low,XGBoost
Jammu and Kashmir,2025,9,No Alert,0.01,Very Low,XGBoost
Jammu and Kashmir,2025,10,No Alert,0.02,Very Low,XGBoost
Jammu and Kashmir,2025,11,No Alert,0.02,Very Low,XGBoost
Jammu and Kashmir,2025,12,No Alert,0.02,Very Low,XGBoost
Jharkhand,2011,1,No Alert,0.03,Very Low,XGBoost
Jharkhand,2011,2,No Alert,0.04,Very Low,XGBoost
Jharkhand,2011,3,No Alert,0.12,Very Low,XGBoost
Jharkhand,2011,4,No Alert,0.1,Very Low,XGBoost
Jharkhand,2011,5,No Alert,5.01,Very Low,XGBoost
Jharkhand,2011,6,No Alert,0.1,Very Low,XGBoost
Jharkhand,2011,7,No Alert,0.02,Very Low,XGBoost
Jharkhand,2011,8,No Alert,0.03,Very Low,XGBoost
Jharkhand,2011,9,No Alert,0.02,Very Low,XGBoost
Jharkhand,2011,10,No Alert,0.05,Very Low,XGBoost
Jharkhand,2011,11,No Alert,0.04,Very Low,XGBoost
Jharkhand,2011,12,No Alert,0.03,Very Low,XGBoost
Jharkhand,2012,1,No Alert,0.02,Very Low,XGBoost
Jharkhand,2012,2,No Alert,0.05,Very Low,XGBoost
Jharkhand,2012,3,No Alert,0.07,Very Low,XGBoost
Jharkhand,2012,4,No Alert,0.09,Very Low,XGBoost
Jharkhand,2012,5,Alert,98.59,High,XGBoost
Jharkhand,2012,6,Alert,99.92,High,XGBoost
Jharkhand,2012,7,No Alert,0.04,Very Low,XGBoost
Jharkhand,2012,8,No Alert,0.05,Very Low,XGBoost
Jharkhand,2012,9,No Alert,0.01,Very Low,XGBoost
Jharkhand,2012,10,No Alert,0.03,Very Low,XGBoost
Jharkhand,2012,11,No Alert,0.04,Very Low,XGBoost
Jharkhand,2012,12,No Alert,0.03,Very Low,XGBoost
Jharkhand,2013,1,No Alert,0.04,Very Low,XGBoost
Jharkhand,2013,2,No Alert,0.04,Very Low,XGBoost
Jharkhand,2013,3,No Alert,0.09,Very Low,XGBoost
Jharkhand,2013,4,No Alert,0.23,Very Low,XGBoost
Jharkhand,2013,5,Alert,99.55,High,XGBoost
Jharkhand,2013,6,No Alert,0.03,Very Low,XGBoost
Jharkhand,2013,7,No Alert,0.02,Very Low,XGBoost
Jharkhand,2013,8,No Alert,0.02,Very Low,XGBoost
Jharkhand,2013,9,No Alert,0.01,Very Low,XGBoost
Jharkhand,2013,10,No Alert,0.02,Very Low,XGBoost
Jharkhand,2013,11,No Alert,0.05,Very Low,XGBoost
Jharkhand,2013,12,No Alert,0.04,Very Low,XGBoost
Jharkhand,2014,1,No Alert,0.04,Very Low,XGBoost
Jharkhand,2014,2,No Alert,0.04,Very Low,XGBoost
Jharkhand,2014,3,No Alert,0.06,Very Low,XGBoost
Jharkhand,2014,4,No Alert,0.11,Very Low,XGBoost
Jharkhand,2014,5,No Alert,22.29,Low,XGBoost
Jharkhand,2014,6,Alert,99.14,High,XGBoost
Jharkhand,2014,7,No Alert,0.03,Very Low,XGBoost
Jharkhand,2014,8,No Alert,0.07,Very Low,XGBoost
Jharkhand,2014,9,No Alert,0.01,Very Low,XGBoost
Jharkhand,2014,10,No Alert,0.03,Very Low,XGBoost
Jharkhand,2014,11,No Alert,0.04,Very Low,XGBoost
Jharkhand,2014,12,No Alert,0.05,Very Low,XGBoost
Jharkhand,2015,1,No Alert,0.02,Very Low,XGBoost
Jharkhand,2015,2,No Alert,0.05,Very Low,XGBoost
Jharkhand,2015,3,No Alert,0.08,Very Low,XGBoost
Jharkhand,2015,4,No Alert,0.13,Very Low,XGBoost
Jharkhand,2015,5,Alert,99.87,High,XGBoost
Jharkhand,2015,6,Alert,99.18,High,XGBoost
Jharkhand,2015,7,No Alert,0.1,Very Low,XGBoost
Jharkhand,2015,8,No Alert,0.05,Very Low,XGBoost
Jharkhand,2015,9,No Alert,0.01,Very Low,XGBoost
Jharkhand,2015,10,No Alert,0.03,Very Low,XGBoost
Jharkhand,2015,11,No Alert,0.04,Very Low,XGBoost
Jharkhand,2015,12,No Alert,0.06,Very Low,XGBoost
Jharkhand,2016,1,No Alert,0.05,Very Low,XGBoost
Jharkhand,2016,2,No Alert,0.03,Very Low,XGBoost
Jharkhand,2016,3,No Alert,0.18,Very Low,XGBoost
Jharkhand,2016,4,Alert,99.85,High,XGBoost
Jharkhand,2016,5,Alert,99.48,High,XGBoost
Jharkhand,2016,6,Alert,99.56,High,XGBoost
Jharkhand,2016,7,No Alert,0.05,Very Low,XGBoost
Jharkhand,2016,8,No Alert,0.07,Very Low,XGBoost
Jharkhand,2016,9,No Alert,0.02,Very Low,XGBoost
Jharkhand,2016,10,No Alert,0.03,Very Low,XGBoost
Jharkhand,2016,11,No Alert,0.04,Very Low,XGBoost
Jharkhand,2016,12,No Alert,0.05,Very Low,XGBoost
Jharkhand,2017,1,No Alert,0.05,Very Low,XGBoost
Jharkhand,2017,2,No Alert,0.07,Very Low,XGBoost
Jharkhand,2017,3,No Alert,0.12,Very Low,XGBoost
Jharkhand,2017,4,Alert,99.64,High,XGBoost
Jharkhand,2017,5,Alert,99.94,High,XGBoost
Jharkhand,2017,6,Alert,99.87,High,XGBoost
Jharkhand,2017,7,No Alert,0.04,Very Low,XGBoost
Jharkhand,2017,8,No Alert,0.05,Very Low,XGBoost
Jharkhand,2017,9,No Alert,0.02,Very Low,XGBoost
Jharkhand,2017,10,No Alert,0.03,Very Low,XGBoost
Jharkhand,2017,11,No Alert,0.05,Very Low,XGBoost
Jharkhand,2017,12,No Alert,0.06,Very Low,XGBoost
Jharkhand,2018,1,No Alert,0.04,Very Low,XGBoost
Jharkhand,2018,2,No Alert,0.06,Very Low,XGBoost
Jharkhand,2018,3,No Alert,0.51,Very Low,XGBoost
Jharkhand,2018,4,No Alert,0.39,Very Low,XGBoost
Jharkhand,2018,5,Alert,99.79,High,XGBoost
Jharkhand,2018,6,No Alert,0.1,Very Low,XGBoost
Jharkhand,2018,7,No Alert,0.03,Very Low,XGBoost
Jharkhand,2018,8,No Alert,0.07,Very Low,XGBoost
Jharkhand,2018,9,No Alert,0.03,Very Low,XGBoost
Jharkhand,2018,10,No Alert,0.03,Very Low,XGBoost
Jharkhand,2018,11,No Alert,0.07,Very Low,XGBoost
Jharkhand,2018,12,No Alert,0.06,Very Low,XGBoost
Jharkhand,2019,1,No Alert,0.03,Very Low,XGBoost
Jharkhand,2019,2,No Alert,0.05,Very Low,XGBoost
Jharkhand,2019,3,No Alert,0.1,Very Low,XGBoost
Jharkhand,2019,4,Alert,99.93,High,XGBoost
Jharkhand,2019,5,Alert,99.95,High,XGBoost
Jharkhand,2019,6,Alert,99.98,High,XGBoost
Jharkhand,2019,7,No Alert,0.05,Very Low,XGBoost
Jharkhand,2019,8,No Alert,0.05,Very Low,XGBoost
Jharkhand,2019,9,No Alert,0.01,Very Low,XGBoost
Jharkhand,2019,10,No Alert,0.03,Very Low,XGBoost
Jharkhand,2019,11,No Alert,0.06,Very Low,XGBoost
Jharkhand,2019,12,No Alert,0.04,Very Low,XGBoost
Jharkhand,2020,1,No Alert,0.03,Very Low,XGBoost
Jharkhand,2020,2,No Alert,0.02,Very Low,XGBoost
Jharkhand,2020,3,No Alert,0.06,Very Low,XGBoost
Jharkhand,2020,4,No Alert,0.16,Very Low,XGBoost
Jharkhand,2020,5,No Alert,0.01,Very Low,XGBoost
Jharkhand,2020,6,No Alert,0.01,Very Low,XGBoost
Jharkhand,2020,7,No Alert,0.01,Very Low,XGBoost
Jharkhand,2020,8,No Alert,0.07,Very Low,XGBoost
Jharkhand,2020,9,No Alert,0.02,Very Low,XGBoost
Jharkhand,2020,10,No Alert,0.03,Very Low,XGBoost
Jharkhand,2020,11,No Alert,0.05,Very Low,XGBoost
Jharkhand,2020,12,No Alert,0.04,Very Low,XGBoost
Jharkhand,2021,1,No Alert,0.06,Very Low,XGBoost
Jharkhand,2021,2,No Alert,0.05,Very Low,XGBoost
Jharkhand,2021,3,Alert,99.76,High,XGBoost
Jharkhand,2021,4,No Alert,0.11,Very Low,XGBoost
Jharkhand,2021,5,No Alert,0.03,Very Low,XGBoost
Jharkhand,2021,6,No Alert,0.01,Very Low,XGBoost
Jharkhand,2021,7,No Alert,0.03,Very Low,XGBoost
Jharkhand,2021,8,No Alert,0.02,Very Low,XGBoost
Jharkhand,2021,9,No Alert,0.02,Very Low,XGBoost
Jharkhand,2021,10,No Alert,0.03,Very Low,XGBoost
Jharkhand,2021,11,No Alert,0.03,Very Low,XGBoost
Jharkhand,2021,12,No Alert,0.03,Very Low,XGBoost
Jharkhand,2022,1,No Alert,0.03,Very Low,XGBoost
Jharkhand,2022,2,No Alert,0.04,Very Low,XGBoost
Jharkhand,2022,3,No Alert,0.24,Very Low,XGBoost
Jharkhand,2022,4,Alert,91.66,High,XGBoost
Jharkhand,2022,5,Alert,69.93,Moderate,XGBoost
Jharkhand,2022,6,Alert,92.59,High,XGBoost
Jharkhand,2022,7,No Alert,0.01,Very Low,XGBoost
Jharkhand,2022,8,No Alert,0.03,Very Low,XGBoost
Jharkhand,2022,9,No Alert,0.01,Very Low,XGBoost
Jharkhand,2022,10,No Alert,0.04,Very Low,XGBoost
Jharkhand,2022,11,No Alert,0.06,Very Low,XGBoost
Jharkhand,2022,12,No Alert,0.04,Very Low,XGBoost
Jharkhand,2023,1,No Alert,0.04,Very Low,XGBoost
Jharkhand,2023,2,No Alert,0.1,Very Low,XGBoost
Jharkhand,2023,3,No Alert,0.09,Very Low,XGBoost
Jharkhand,2023,4,Alert,99.97,High,XGBoost
Jharkhand,2023,5,No Alert,2.72,Very Low,XGBoost
Jharkhand,2023,6,Alert,70.43,Moderate,XGBoost
Jharkhand,2023,7,No Alert,0.01,Very Low,XGBoost
Jharkhand,2023,8,No Alert,0.05,Very Low,XGBoost
Jharkhand,2023,9,No Alert,0.01,Very Low,XGBoost
Jharkhand,2023,10,No Alert,0.03,Very Low,XGBoost
Jharkhand,2023,11,No Alert,0.05,Very Low,XGBoost
Jharkhand,2023,12,No Alert,0.04,Very Low,XGBoost
Jharkhand,2024,1,No Alert,0.03,Very Low,XGBoost
Jharkhand,2024,2,No Alert,0.05,Very Low,XGBoost
Jharkhand,2024,3,No Alert,0.1,Very Low,XGBoost
Jharkhand,2024,4,No Alert,0.68,Very Low,XGBoost
Jharkhand,2024,5,Alert,98.48,High,XGBoost
Jharkhand,2024,6,No Alert,19.01,Very Low,XGBoost
Jharkhand,2024,7,No Alert,0.04,Very Low,XGBoost
Jharkhand,2024,8,No Alert,0.02,Very Low,XGBoost
Jharkhand,2024,9,No Alert,0.01,Very Low,XGBoost
Jharkhand,2024,10,No Alert,0.03,Very Low,XGBoost
Jharkhand,2024,11,No Alert,0.04,Very Low,XGBoost
Jharkhand,2024,12,No Alert,0.04,Very Low,XGBoost
Jharkhand,2025,1,No Alert,0.06,Very Low,XGBoost
Jharkhand,2025,2,No Alert,0.06,Very Low,XGBoost
Jharkhand,2025,3,No Alert,0.13,Very Low,XGBoost
Jharkhand,2025,4,No Alert,0.24,Very Low,XGBoost
Jharkhand,2025,5,No Alert,0.02,Very Low,XGBoost
Jharkhand,2025,6,No Alert,0.01,Very Low,XGBoost
Jharkhand,2025,7,No Alert,0.04,Very Low,XGBoost
Jharkhand,2025,8,No Alert,0.02,Very Low,XGBoost
Jharkhand,2025,9,No Alert,0.01,Very Low,XGBoost
Jharkhand,2025,10,No Alert,0.03,Very Low,XGBoost
Jharkhand,2025,11,No Alert,0.06,Very Low,XGBoost
Jharkhand,2025,12,No Alert,0.05,Very Low,XGBoost
Karnataka,2011,1,No Alert,0.01,Very Low,XGBoost
Karnataka,2011,2,No Alert,0.01,Very Low,XGBoost
Karnataka,2011,3,No Alert,0.02,Very Low,XGBoost
Karnataka,2011,4,No Alert,0.06,Very Low,XGBoost
Karnataka,2011,5,No Alert,0.02,Very Low,XGBoost
Karnataka,2011,6,No Alert,0.0,Very Low,XGBoost
Karnataka,2011,7,No Alert,0.01,Very Low,XGBoost
Karnataka,2011,8,No Alert,0.01,Very Low,XGBoost
Karnataka,2011,9,No Alert,0.02,Very Low,XGBoost
Karnataka,2011,10,No Alert,0.01,Very Low,XGBoost
Karnataka,2011,11,No Alert,0.01,Very Low,XGBoost
Karnataka,2011,12,No Alert,0.01,Very Low,XGBoost
Karnataka,2012,1,No Alert,0.01,Very Low,XGBoost
Karnataka,2012,2,No Alert,0.01,Very Low,XGBoost
Karnataka,2012,3,No Alert,0.03,Very Low,XGBoost
Karnataka,2012,4,No Alert,0.04,Very Low,XGBoost
Karnataka,2012,5,No Alert,0.02,Very Low,XGBoost
Karnataka,2012,6,No Alert,0.0,Very Low,XGBoost
Karnataka,2012,7,No Alert,0.01,Very Low,XGBoost
Karnataka,2012,8,No Alert,0.01,Very Low,XGBoost
Karnataka,2012,9,No Alert,0.02,Very Low,XGBoost
Karnataka,2012,10,No Alert,0.01,Very Low,XGBoost
Karnataka,2012,11,No Alert,0.01,Very Low,XGBoost
Karnataka,2012,12,No Alert,0.02,Very Low,XGBoost
Karnataka,2013,1,No Alert,0.01,Very Low,XGBoost
Karnataka,2013,2,No Alert,0.01,Very Low,XGBoost
Karnataka,2013,3,No Alert,0.02,Very Low,XGBoost
Karnataka,2013,4,No Alert,0.02,Very Low,XGBoost
Karnataka,2013,5,No Alert,0.04,Very Low,XGBoost
Karnataka,2013,6,No Alert,0.01,Very Low,XGBoost
Karnataka,2013,7,No Alert,0.01,Very Low,XGBoost
Karnataka,2013,8,No Alert,0.01,Very Low,XGBoost
Karnataka,2013,9,No Alert,0.01,Very Low,XGBoost
Karnataka,2013,10,No Alert,0.01,Very Low,XGBoost
Karnataka,2013,11,No Alert,0.01,Very Low,XGBoost
Karnataka,2013,12,No Alert,0.01,Very Low,XGBoost
Karnataka,2014,1,No Alert,0.01,Very Low,XGBoost
Karnataka,2014,2,No Alert,0.01,Very Low,XGBoost
Karnataka,2014,3,No Alert,0.03,Very Low,XGBoost
Karnataka,2014,4,No Alert,0.04,Very Low,XGBoost
Karnataka,2014,5,No Alert,0.01,Very Low,XGBoost
Karnataka,2014,6,No Alert,0.01,Very Low,XGBoost
Karnataka,2014,7,No Alert,0.01,Very Low,XGBoost
Karnataka,2014,8,No Alert,0.01,Very Low,XGBoost
Karnataka,2014,9,No Alert,0.01,Very Low,XGBoost
Karnataka,2014,10,No Alert,0.01,Very Low,XGBoost
Karnataka,2014,11,No Alert,0.01,Very Low,XGBoost
Karnataka,2014,12,No Alert,0.01,Very Low,XGBoost
Karnataka,2015,1,No Alert,0.02,Very Low,XGBoost
Karnataka,2015,2,No Alert,0.01,Very Low,XGBoost
Karnataka,2015,3,No Alert,0.04,Very Low,XGBoost
Karnataka,2015,4,No Alert,0.04,Very Low,XGBoost
Karnataka,2015,5,No Alert,0.03,Very Low,XGBoost
Karnataka,2015,6,No Alert,0.0,Very Low,XGBoost
Karnataka,2015,7,No Alert,0.01,Very Low,XGBoost
Karnataka,2015,8,No Alert,0.01,Very Low,XGBoost
Karnataka,2015,9,No Alert,0.01,Very Low,XGBoost
Karnataka,2015,10,No Alert,0.01,Very Low,XGBoost
Karnataka,2015,11,No Alert,0.01,Very Low,XGBoost
Karnataka,2015,12,No Alert,0.04,Very Low,XGBoost
Karnataka,2016,1,No Alert,0.02,Very Low,XGBoost
Karnataka,2016,2,No Alert,0.03,Very Low,XGBoost
Karnataka,2016,3,No Alert,0.03,Very Low,XGBoost
Karnataka,2016,4,Alert,99.89,High,XGBoost
Karnataka,2016,5,No Alert,0.08,Very Low,XGBoost
Karnataka,2016,6,No Alert,0.01,Very Low,XGBoost
Karnataka,2016,7,No Alert,0.01,Very Low,XGBoost
Karnataka,2016,8,No Alert,0.01,Very Low,XGBoost
Karnataka,2016,9,No Alert,0.02,Very Low,XGBoost
Karnataka,2016,10,No Alert,0.01,Very Low,XGBoost
Karnataka,2016,11,No Alert,0.03,Very Low,XGBoost
Karnataka,2016,12,No Alert,0.03,Very Low,XGBoost
Karnataka,2017,1,No Alert,0.03,Very Low,XGBoost
Karnataka,2017,2,No Alert,0.04,Very Low,XGBoost
Karnataka,2017,3,No Alert,0.1,Very Low,XGBoost
Karnataka,2017,4,No Alert,0.25,Very Low,XGBoost
Karnataka,2017,5,No Alert,0.08,Very Low,XGBoost
Karnataka,2017,6,No Alert,0.01,Very Low,XGBoost
Karnataka,2017,7,No Alert,0.01,Very Low,XGBoost
Karnataka,2017,8,No Alert,0.01,Very Low,XGBoost
Karnataka,2017,9,No Alert,0.02,Very Low,XGBoost
Karnataka,2017,10,No Alert,0.01,Very Low,XGBoost
Karnataka,2017,11,No Alert,0.01,Very Low,XGBoost
Karnataka,2017,12,No Alert,0.03,Very Low,XGBoost
Karnataka,2018,1,No Alert,0.02,Very Low,XGBoost
Karnataka,2018,2,No Alert,0.04,Very Low,XGBoost
Karnataka,2018,3,No Alert,0.04,Very Low,XGBoost
Karnataka,2018,4,No Alert,0.07,Very Low,XGBoost
Karnataka,2018,5,No Alert,0.06,Very Low,XGBoost
Karnataka,2018,6,No Alert,0.01,Very Low,XGBoost
Karnataka,2018,7,No Alert,0.01,Very Low,XGBoost
Karnataka,2018,8,No Alert,0.01,Very Low,XGBoost
Karnataka,2018,9,No Alert,0.02,Very Low,XGBoost
Karnataka,2018,10,No Alert,0.02,Very Low,XGBoost
Karnataka,2018,11,No Alert,0.03,Very Low,XGBoost
Karnataka,2018,12,No Alert,0.05,Very Low,XGBoost
Karnataka,2019,1,No Alert,0.02,Very Low,XGBoost
Karnataka,2019,2,No Alert,0.06,Very Low,XGBoost
Karnataka,2019,3,No Alert,0.08,Very Low,XGBoost
Karnataka,2019,4,No Alert,0.09,Very Low,XGBoost
Karnataka,2019,5,No Alert,0.03,Very Low,XGBoost
Karnataka,2019,6,No Alert,0.01,Very Low,XGBoost
Karnataka,2019,7,No Alert,0.01,Very Low,XGBoost
Karnataka,2019,8,No Alert,0.01,Very Low,XGBoost
Karnataka,2019,9,No Alert,0.02,Very Low,XGBoost
Karnataka,2019,10,No Alert,0.01,Very Low,XGBoost
Karnataka,2019,11,No Alert,0.01,Very Low,XGBoost
Karnataka,2019,12,No Alert,0.01,Very Low,XGBoost
Karnataka,2020,1,No Alert,0.01,Very Low,XGBoost
Karnataka,2020,2,No Alert,0.02,Very Low,XGBoost
Karnataka,2020,3,No Alert,0.06,Very Low,XGBoost
Karnataka,2020,4,No Alert,0.04,Very Low,XGBoost
Karnataka,2020,5,No Alert,0.08,Very Low,XGBoost
Karnataka,2020,6,No Alert,0.0,Very Low,XGBoost
Karnataka,2020,7,No Alert,0.01,Very Low,XGBoost
Karnataka,2020,8,No Alert,0.01,Very Low,XGBoost
Karnataka,2020,9,No Alert,0.01,Very Low,XGBoost
Karnataka,2020,10,No Alert,0.02,Very Low,XGBoost
Karnataka,2020,11,No Alert,0.01,Very Low,XGBoost
Karnataka,2020,12,No Alert,0.02,Very Low,XGBoost
Karnataka,2021,1,No Alert,0.01,Very Low,XGBoost
Karnataka,2021,2,No Alert,0.02,Very Low,XGBoost
Karnataka,2021,3,No Alert,0.07,Very Low,XGBoost
Karnataka,2021,4,No Alert,0.03,Very Low,XGBoost
Karnataka,2021,5,No Alert,0.01,Very Low,XGBoost
Karnataka,2021,6,No Alert,0.01,Very Low,XGBoost
Karnataka,2021,7,No Alert,0.01,Very Low,XGBoost
Karnataka,2021,8,No Alert,0.01,Very Low,XGBoost
Karnataka,2021,9,No Alert,0.01,Very Low,XGBoost
Karnataka,2021,10,No Alert,0.01,Very Low,XGBoost
Karnataka,2021,11,No Alert,0.02,Very Low,XGBoost
Karnataka,2021,12,No Alert,0.01,Very Low,XGBoost
Karnataka,2022,1,No Alert,0.02,Very Low,XGBoost
Karnataka,2022,2,No Alert,0.01,Very Low,XGBoost
Karnataka,2022,3,No Alert,0.08,Very Low,XGBoost
Karnataka,2022,4,No Alert,0.04,Very Low,XGBoost
Karnataka,2022,5,No Alert,0.03,Very Low,XGBoost
Karnataka,2022,6,No Alert,0.01,Very Low,XGBoost
Karnataka,2022,7,No Alert,0.01,Very Low,XGBoost
Karnataka,2022,8,No Alert,0.01,Very Low,XGBoost
Karnataka,2022,9,No Alert,0.02,Very Low,XGBoost
Karnataka,2022,10,No Alert,0.02,Very Low,XGBoost
Karnataka,2022,11,No Alert,0.02,Very Low,XGBoost
Karnataka,2022,12,No Alert,0.02,Very Low,XGBoost
Karnataka,2023,1,No Alert,0.02,Very Low,XGBoost
Karnataka,2023,2,No Alert,0.04,Very Low,XGBoost
Karnataka,2023,3,No Alert,0.09,Very Low,XGBoost
Karnataka,2023,4,No Alert,0.05,Very Low,XGBoost
Karnataka,2023,5,No Alert,0.05,Very Low,XGBoost
Karnataka,2023,6,No Alert,0.01,Very Low,XGBoost
Karnataka,2023,7,No Alert,0.01,Very Low,XGBoost
Karnataka,2023,8,No Alert,0.01,Very Low,XGBoost
Karnataka,2023,9,No Alert,0.02,Very Low,XGBoost
Karnataka,2023,10,No Alert,0.02,Very Low,XGBoost
Karnataka,2023,11,No Alert,0.02,Very Low,XGBoost
Karnataka,2023,12,No Alert,0.02,Very Low,XGBoost
Karnataka,2024,1,No Alert,0.03,Very Low,XGBoost
Karnataka,2024,2,No Alert,0.02,Very Low,XGBoost
Karnataka,2024,3,No Alert,0.06,Very Low,XGBoost
Karnataka,2024,4,No Alert,0.09,Very Low,XGBoost
Karnataka,2024,5,No Alert,0.01,Very Low,XGBoost
Karnataka,2024,6,No Alert,0.01,Very Low,XGBoost
Karnataka,2024,7,No Alert,0.01,Very Low,XGBoost
Karnataka,2024,8,No Alert,0.01,Very Low,XGBoost
Karnataka,2024,9,No Alert,0.01,Very Low,XGBoost
Karnataka,2024,10,No Alert,0.02,Very Low,XGBoost
Karnataka,2024,11,No Alert,0.01,Very Low,XGBoost
Karnataka,2024,12,No Alert,0.01,Very Low,XGBoost
Karnataka,2025,1,No Alert,0.01,Very Low,XGBoost
Karnataka,2025,2,No Alert,0.02,Very Low,XGBoost
Karnataka,2025,3,No Alert,0.03,Very Low,XGBoost
Karnataka,2025,4,No Alert,0.12,Very Low,XGBoost
Karnataka,2025,5,No Alert,0.01,Very Low,XGBoost
Karnataka,2025,6,No Alert,0.01,Very Low,XGBoost
Karnataka,2025,7,No Alert,0.01,Very Low,XGBoost
Karnataka,2025,8,No Alert,0.02,Very Low,XGBoost
Karnataka,2025,9,No Alert,0.02,Very Low,XGBoost
Karnataka,2025,10,No Alert,0.02,Very Low,XGBoost
Karnataka,2025,11,No Alert,0.01,Very Low,XGBoost
Karnataka,2025,12,No Alert,0.01,Very Low,XGBoost
Kerala,2011,1,No Alert,0.01,Very Low,XGBoost
Kerala,2011,2,No Alert,0.01,Very Low,XGBoost
Kerala,2011,3,Alert,97.16,High,XGBoost
Kerala,2011,4,No Alert,0.09,Very Low,XGBoost
Kerala,2011,5,No Alert,0.05,Very Low,XGBoost
Kerala,2011,6,No Alert,0.01,Very Low,XGBoost
Kerala,2011,7,No Alert,0.01,Very Low,XGBoost
Kerala,2011,8,No Alert,0.02,Very Low,XGBoost
Kerala,2011,9,No Alert,0.03,Very Low,XGBoost
Kerala,2011,10,No Alert,0.01,Very Low,XGBoost
Kerala,2011,11,No Alert,0.01,Very Low,XGBoost
Kerala,2011,12,No Alert,0.01,Very Low,XGBoost
Kerala,2012,1,No Alert,0.01,Very Low,XGBoost
Kerala,2012,2,No Alert,0.01,Very Low,XGBoost
Kerala,2012,3,Alert,99.54,High,XGBoost
Kerala,2012,4,No Alert,0.12,Very Low,XGBoost
Kerala,2012,5,No Alert,0.03,Very Low,XGBoost
Kerala,2012,6,No Alert,0.01,Very Low,XGBoost
Kerala,2012,7,No Alert,0.01,Very Low,XGBoost
Kerala,2012,8,No Alert,0.02,Very Low,XGBoost
Kerala,2012,9,No Alert,0.02,Very Low,XGBoost
Kerala,2012,10,No Alert,0.01,Very Low,XGBoost
Kerala,2012,11,No Alert,0.01,Very Low,XGBoost
Kerala,2012,12,No Alert,0.0,Very Low,XGBoost
Kerala,2013,1,No Alert,0.0,Very Low,XGBoost
Kerala,2013,2,No Alert,0.02,Very Low,XGBoost
Kerala,2013,3,No Alert,0.05,Very Low,XGBoost
Kerala,2013,4,No Alert,0.19,Very Low,XGBoost
Kerala,2013,5,No Alert,0.04,Very Low,XGBoost
Kerala,2013,6,No Alert,0.01,Very Low,XGBoost
Kerala,2013,7,No Alert,0.01,Very Low,XGBoost
Kerala,2013,8,No Alert,0.02,Very Low,XGBoost
Kerala,2013,9,No Alert,0.03,Very Low,XGBoost
Kerala,2013,10,No Alert,0.02,Very Low,XGBoost
Kerala,2013,11,No Alert,0.01,Very Low,XGBoost
Kerala,2013,12,No Alert,0.0,Very Low,XGBoost
Kerala,2014,1,No Alert,0.0,Very Low,XGBoost
Kerala,2014,2,No Alert,0.01,Very Low,XGBoost
Kerala,2014,3,Alert,99.67,High,XGBoost
Kerala,2014,4,No Alert,0.39,Very Low,XGBoost
Kerala,2014,5,No Alert,0.05,Very Low,XGBoost
Kerala,2014,6,No Alert,0.02,Very Low,XGBoost
Kerala,2014,7,No Alert,0.02,Very Low,XGBoost
Kerala,2014,8,No Alert,0.02,Very Low,XGBoost
Kerala,2014,9,No Alert,0.02,Very Low,XGBoost
Kerala,2014,10,No Alert,0.01,Very Low,XGBoost
Kerala,2014,11,No Alert,0.01,Very Low,XGBoost
Kerala,2014,12,No Alert,0.01,Very Low,XGBoost
Kerala,2015,1,No Alert,0.01,Very Low,XGBoost
Kerala,2015,2,No Alert,0.01,Very Low,XGBoost
Kerala,2015,3,No Alert,0.13,Very Low,XGBoost
Kerala,2015,4,No Alert,0.18,Very Low,XGBoost
Kerala,2015,5,No Alert,0.01,Very Low,XGBoost
Kerala,2015,6,No Alert,0.02,Very Low,XGBoost
Kerala,2015,7,No Alert,0.03,Very Low,XGBoost
Kerala,2015,8,No Alert,0.02,Very Low,XGBoost
Kerala,2015,9,No Alert,0.03,Very Low,XGBoost
Kerala,2015,10,No Alert,0.02,Very Low,XGBoost
Kerala,2015,11,No Alert,0.01,Very Low,XGBoost
Kerala,2015,12,No Alert,0.01,Very Low,XGBoost
Kerala,2016,1,No Alert,0.01,Very Low,XGBoost
Kerala,2016,2,No Alert,0.06,Very Low,XGBoost
Kerala,2016,3,No Alert,0.18,Very Low,XGBoost
Kerala,2016,4,Alert,99.89,High,XGBoost
Kerala,2016,5,No Alert,0.07,Very Low,XGBoost
Kerala,2016,6,No Alert,0.01,Very Low,XGBoost
Kerala,2016,7,No Alert,0.02,Very Low,XGBoost
Kerala,2016,8,No Alert,0.04,Very Low,XGBoost
Kerala,2016,9,No Alert,0.04,Very Low,XGBoost
Kerala,2016,10,No Alert,0.02,Very Low,XGBoost
Kerala,2016,11,No Alert,0.01,Very Low,XGBoost
Kerala,2016,12,No Alert,0.01,Very Low,XGBoost
Kerala,2017,1,No Alert,0.01,Very Low,XGBoost
Kerala,2017,2,No Alert,0.01,Very Low,XGBoost
Kerala,2017,3,No Alert,0.09,Very Low,XGBoost
Kerala,2017,4,No Alert,0.22,Very Low,XGBoost
Kerala,2017,5,No Alert,0.07,Very Low,XGBoost
Kerala,2017,6,No Alert,0.01,Very Low,XGBoost
Kerala,2017,7,No Alert,0.02,Very Low,XGBoost
Kerala,2017,8,No Alert,0.02,Very Low,XGBoost
Kerala,2017,9,No Alert,0.02,Very Low,XGBoost
Kerala,2017,10,No Alert,0.01,Very Low,XGBoost
Kerala,2017,11,No Alert,0.01,Very Low,XGBoost
Kerala,2017,12,No Alert,0.01,Very Low,XGBoost
Kerala,2018,1,No Alert,0.01,Very Low,XGBoost
Kerala,2018,2,No Alert,0.01,Very Low,XGBoost
Kerala,2018,3,No Alert,0.06,Very Low,XGBoost
Kerala,2018,4,No Alert,0.16,Very Low,XGBoost
Kerala,2018,5,No Alert,0.02,Very Low,XGBoost
Kerala,2018,6,No Alert,0.01,Very Low,XGBoost
Kerala,2018,7,No Alert,0.02,Very Low,XGBoost
Kerala,2018,8,No Alert,0.03,Very Low,XGBoost
Kerala,2018,9,No Alert,0.04,Very Low,XGBoost
Kerala,2018,10,No Alert,0.01,Very Low,XGBoost
Kerala,2018,11,No Alert,0.01,Very Low,XGBoost
Kerala,2018,12,No Alert,0.01,Very Low,XGBoost
Kerala,2019,1,No Alert,0.01,Very Low,XGBoost
Kerala,2019,2,No Alert,0.03,Very Low,XGBoost
Kerala,2019,3,Alert,99.75,High,XGBoost
Kerala,2019,4,No Alert,0.49,Very Low,XGBoost
Kerala,2019,5,No Alert,0.08,Very Low,XGBoost
Kerala,2019,6,No Alert,0.01,Very Low,XGBoost
Kerala,2019,7,No Alert,0.01,Very Low,XGBoost
Kerala,2019,8,No Alert,0.02,Very Low,XGBoost
Kerala,2019,9,No Alert,0.02,Very Low,XGBoost
Kerala,2019,10,No Alert,0.01,Very Low,XGBoost
Kerala,2019,11,No Alert,0.01,Very Low,XGBoost
Kerala,2019,12,No Alert,0.03,Very Low,XGBoost
Kerala,2020,1,No Alert,0.01,Very Low,XGBoost
Kerala,2020,2,No Alert,0.01,Very Low,XGBoost
Kerala,2020,3,No Alert,0.08,Very Low,XGBoost
Kerala,2020,4,Alert,99.75,High,XGBoost
Kerala,2020,5,No Alert,0.03,Very Low,XGBoost
Kerala,2020,6,No Alert,0.01,Very Low,XGBoost
Kerala,2020,7,No Alert,0.01,Very Low,XGBoost
Kerala,2020,8,No Alert,0.01,Very Low,XGBoost
Kerala,2020,9,No Alert,0.01,Very Low,XGBoost
Kerala,2020,10,No Alert,0.02,Very Low,XGBoost
Kerala,2020,11,No Alert,0.01,Very Low,XGBoost
Kerala,2020,12,No Alert,0.01,Very Low,XGBoost
Kerala,2021,1,No Alert,0.0,Very Low,XGBoost
Kerala,2021,2,No Alert,0.01,Very Low,XGBoost
Kerala,2021,3,No Alert,0.06,Very Low,XGBoost
Kerala,2021,4,No Alert,0.11,Very Low,XGBoost
Kerala,2021,5,No Alert,0.01,Very Low,XGBoost
Kerala,2021,6,No Alert,0.01,Very Low,XGBoost
Kerala,2021,7,No Alert,0.01,Very Low,XGBoost
Kerala,2021,8,No Alert,0.02,Very Low,XGBoost
Kerala,2021,9,No Alert,0.02,Very Low,XGBoost
Kerala,2021,10,No Alert,0.01,Very Low,XGBoost
Kerala,2021,11,No Alert,0.01,Very Low,XGBoost
Kerala,2021,12,No Alert,0.01,Very Low,XGBoost
Kerala,2022,1,No Alert,0.01,Very Low,XGBoost
Kerala,2022,2,No Alert,0.02,Very Low,XGBoost
Kerala,2022,3,No Alert,0.03,Very Low,XGBoost
Kerala,2022,4,No Alert,0.05,Very Low,XGBoost
Kerala,2022,5,No Alert,0.02,Very Low,XGBoost
Kerala,2022,6,No Alert,0.01,Very Low,XGBoost
Kerala,2022,7,No Alert,0.01,Very Low,XGBoost
Kerala,2022,8,No Alert,0.02,Very Low,XGBoost
Kerala,2022,9,No Alert,0.02,Very Low,XGBoost
Kerala,2022,10,No Alert,0.01,Very Low,XGBoost
Kerala,2022,11,No Alert,0.01,Very Low,XGBoost
Kerala,2022,12,No Alert,0.01,Very Low,XGBoost
Kerala,2023,1,No Alert,0.02,Very Low,XGBoost
Kerala,2023,2,No Alert,0.01,Very Low,XGBoost
Kerala,2023,3,No Alert,0.05,Very Low,XGBoost
Kerala,2023,4,No Alert,0.22,Very Low,XGBoost
Kerala,2023,5,No Alert,0.04,Very Low,XGBoost
Kerala,2023,6,No Alert,0.01,Very Low,XGBoost
Kerala,2023,7,No Alert,0.02,Very Low,XGBoost
Kerala,2023,8,No Alert,0.02,Very Low,XGBoost
Kerala,2023,9,No Alert,0.03,Very Low,XGBoost
Kerala,2023,10,No Alert,0.01,Very Low,XGBoost
Kerala,2023,11,No Alert,0.01,Very Low,XGBoost
Kerala,2023,12,No Alert,0.01,Very Low,XGBoost
Kerala,2024,1,No Alert,0.0,Very Low,XGBoost
Kerala,2024,2,No Alert,0.03,Very Low,XGBoost
Kerala,2024,3,No Alert,0.04,Very Low,XGBoost
Kerala,2024,4,No Alert,0.08,Very Low,XGBoost
Kerala,2024,5,No Alert,0.02,Very Low,XGBoost
Kerala,2024,6,No Alert,0.01,Very Low,XGBoost
Kerala,2024,7,No Alert,0.01,Very Low,XGBoost
Kerala,2024,8,No Alert,0.01,Very Low,XGBoost
Kerala,2024,9,No Alert,0.02,Very Low,XGBoost
Kerala,2024,10,No Alert,0.03,Very Low,XGBoost
Kerala,2024,11,No Alert,0.01,Very Low,XGBoost
Kerala,2024,12,No Alert,0.03,Very Low,XGBoost
Kerala,2025,1,No Alert,0.01,Very Low,XGBoost
Kerala,2025,2,No Alert,0.01,Very Low,XGBoost
Kerala,2025,3,No Alert,0.02,Very Low,XGBoost
Kerala,2025,4,No Alert,0.05,Very Low,XGBoost
Kerala,2025,5,No Alert,0.02,Very Low,XGBoost
Kerala,2025,6,No Alert,0.01,Very Low,XGBoost
Kerala,2025,7,No Alert,0.01,Very Low,XGBoost
Kerala,2025,8,No Alert,0.02,Very Low,XGBoost
Kerala,2025,9,No Alert,0.02,Very Low,XGBoost
Kerala,2025,10,No Alert,0.02,Very Low,XGBoost
Kerala,2025,11,No Alert,0.01,Very Low,XGBoost
Kerala,2025,12,No Alert,0.02,Very Low,XGBoost
Ladakh,2011,1,No Alert,0.02,Very Low,XGBoost
Ladakh,2011,2,No Alert,0.01,Very Low,XGBoost
Ladakh,2011,3,No Alert,0.03,Very Low,XGBoost
Ladakh,2011,4,No Alert,0.06,Very Low,XGBoost
Ladakh,2011,5,No Alert,0.02,Very Low,XGBoost
Ladakh,2011,6,No Alert,0.01,Very Low,XGBoost
Ladakh,2011,7,No Alert,0.01,Very Low,XGBoost
Ladakh,2011,8,No Alert,0.02,Very Low,XGBoost
Ladakh,2011,9,No Alert,0.02,Very Low,XGBoost
Ladakh,2011,10,No Alert,0.02,Very Low,XGBoost
Ladakh,2011,11,No Alert,0.02,Very Low,XGBoost
Ladakh,2011,12,No Alert,0.02,Very Low,XGBoost
Ladakh,2012,1,No Alert,0.02,Very Low,XGBoost
Ladakh,2012,2,No Alert,0.02,Very Low,XGBoost
Ladakh,2012,3,No Alert,0.03,Very Low,XGBoost
Ladakh,2012,4,No Alert,0.06,Very Low,XGBoost
Ladakh,2012,5,No Alert,0.01,Very Low,XGBoost
Ladakh,2012,6,No Alert,0.01,Very Low,XGBoost
Ladakh,2012,7,No Alert,0.01,Very Low,XGBoost
Ladakh,2012,8,No Alert,0.02,Very Low,XGBoost
Ladakh,2012,9,No Alert,0.02,Very Low,XGBoost
Ladakh,2012,10,No Alert,0.03,Very Low,XGBoost
Ladakh,2012,11,No Alert,0.02,Very Low,XGBoost
Ladakh,2012,12,No Alert,0.02,Very Low,XGBoost
Ladakh,2013,1,No Alert,0.02,Very Low,XGBoost
Ladakh,2013,2,No Alert,0.02,Very Low,XGBoost
Ladakh,2013,3,No Alert,0.03,Very Low,XGBoost
Ladakh,2013,4,No Alert,0.07,Very Low,XGBoost
Ladakh,2013,5,No Alert,0.01,Very Low,XGBoost
Ladakh,2013,6,No Alert,0.01,Very Low,XGBoost
Ladakh,2013,7,No Alert,0.02,Very Low,XGBoost
Ladakh,2013,8,No Alert,0.02,Very Low,XGBoost
Ladakh,2013,9,No Alert,0.02,Very Low,XGBoost
Ladakh,2013,10,No Alert,0.02,Very Low,XGBoost
Ladakh,2013,11,No Alert,0.02,Very Low,XGBoost
Ladakh,2013,12,No Alert,0.02,Very Low,XGBoost
Ladakh,2014,1,No Alert,0.02,Very Low,XGBoost
Ladakh,2014,2,No Alert,0.02,Very Low,XGBoost
Ladakh,2014,3,No Alert,0.03,Very Low,XGBoost
Ladakh,2014,4,No Alert,0.06,Very Low,XGBoost
Ladakh,2014,5,No Alert,0.03,Very Low,XGBoost
Ladakh,2014,6,No Alert,0.02,Very Low,XGBoost
Ladakh,2014,7,No Alert,0.02,Very Low,XGBoost
Ladakh,2014,8,No Alert,0.02,Very Low,XGBoost
Ladakh,2014,9,No Alert,0.02,Very Low,XGBoost
Ladakh,2014,10,No Alert,0.03,Very Low,XGBoost
Ladakh,2014,11,No Alert,0.03,Very Low,XGBoost
Ladakh,2014,12,No Alert,0.03,Very Low,XGBoost
Ladakh,2015,1,No Alert,0.02,Very Low,XGBoost
Ladakh,2015,2,No Alert,0.02,Very Low,XGBoost
Ladakh,2015,3,No Alert,0.03,Very Low,XGBoost
Ladakh,2015,4,No Alert,0.06,Very Low,XGBoost
Ladakh,2015,5,No Alert,0.02,Very Low,XGBoost
Ladakh,2015,6,No Alert,0.01,Very Low,XGBoost
Ladakh,2015,7,No Alert,0.01,Very Low,XGBoost
Ladakh,2015,8,No Alert,0.03,Very Low,XGBoost
Ladakh,2015,9,No Alert,0.03,Very Low,XGBoost
Ladakh,2015,10,No Alert,0.04,Very Low,XGBoost
Ladakh,2015,11,No Alert,0.02,Very Low,XGBoost
Ladakh,2015,12,No Alert,0.02,Very Low,XGBoost
Ladakh,2016,1,No Alert,0.03,Very Low,XGBoost
Ladakh,2016,2,No Alert,0.03,Very Low,XGBoost
Ladakh,2016,3,No Alert,0.04,Very Low,XGBoost
Ladakh,2016,4,No Alert,0.05,Very Low,XGBoost
Ladakh,2016,5,No Alert,0.03,Very Low,XGBoost
Ladakh,2016,6,No Alert,0.01,Very Low,XGBoost
Ladakh,2016,7,No Alert,0.02,Very Low,XGBoost
Ladakh,2016,8,No Alert,0.03,Very Low,XGBoost
Ladakh,2016,9,No Alert,0.04,Very Low,XGBoost
Ladakh,2016,10,No Alert,0.07,Very Low,XGBoost
Ladakh,2016,11,No Alert,0.04,Very Low,XGBoost
Ladakh,2016,12,No Alert,0.04,Very Low,XGBoost
Ladakh,2017,1,No Alert,0.02,Very Low,XGBoost
Ladakh,2017,2,No Alert,0.02,Very Low,XGBoost
Ladakh,2017,3,No Alert,0.03,Very Low,XGBoost
Ladakh,2017,4,No Alert,0.07,Very Low,XGBoost
Ladakh,2017,5,No Alert,0.04,Very Low,XGBoost
Ladakh,2017,6,No Alert,0.01,Very Low,XGBoost
Ladakh,2017,7,No Alert,0.01,Very Low,XGBoost
Ladakh,2017,8,No Alert,0.03,Very Low,XGBoost
Ladakh,2017,9,No Alert,0.03,Very Low,XGBoost
Ladakh,2017,10,No Alert,0.04,Very Low,XGBoost
Ladakh,2017,11,No Alert,0.05,Very Low,XGBoost
Ladakh,2017,12,No Alert,0.03,Very Low,XGBoost
Ladakh,2018,1,No Alert,0.03,Very Low,XGBoost
Ladakh,2018,2,No Alert,0.03,Very Low,XGBoost
Ladakh,2018,3,No Alert,0.04,Very Low,XGBoost
Ladakh,2018,4,No Alert,0.1,Very Low,XGBoost
Ladakh,2018,5,No Alert,0.02,Very Low,XGBoost
Ladakh,2018,6,No Alert,0.01,Very Low,XGBoost
Ladakh,2018,7,No Alert,0.01,Very Low,XGBoost
Ladakh,2018,8,No Alert,0.02,Very Low,XGBoost
Ladakh,2018,9,No Alert,0.01,Very Low,XGBoost
Ladakh,2018,10,No Alert,0.01,Very Low,XGBoost
Ladakh,2018,11,No Alert,0.03,Very Low,XGBoost
Ladakh,2018,12,No Alert,0.03,Very Low,XGBoost
Ladakh,2019,1,No Alert,0.02,Very Low,XGBoost
Ladakh,2019,2,No Alert,0.02,Very Low,XGBoost
Ladakh,2019,3,No Alert,0.03,Very Low,XGBoost
Ladakh,2019,4,No Alert,0.05,Very Low,XGBoost
Ladakh,2019,5,No Alert,0.03,Very Low,XGBoost
Ladakh,2019,6,No Alert,0.01,Very Low,XGBoost
Ladakh,2019,7,No Alert,0.02,Very Low,XGBoost
Ladakh,2019,8,No Alert,0.02,Very Low,XGBoost
Ladakh,2019,9,No Alert,0.03,Very Low,XGBoost
Ladakh,2019,10,No Alert,0.02,Very Low,XGBoost
Ladakh,2019,11,No Alert,0.02,Very Low,XGBoost
Ladakh,2019,12,No Alert,0.04,Very Low,XGBoost
Ladakh,2020,1,No Alert,0.02,Very Low,XGBoost
Ladakh,2020,2,No Alert,0.02,Very Low,XGBoost
Ladakh,2020,3,No Alert,0.02,Very Low,XGBoost
Ladakh,2020,4,No Alert,0.08,Very Low,XGBoost
Ladakh,2020,5,No Alert,0.02,Very Low,XGBoost
Ladakh,2020,6,No Alert,0.01,Very Low,XGBoost
Ladakh,2020,7,No Alert,0.02,Very Low,XGBoost
Ladakh,2020,8,No Alert,0.02,Very Low,XGBoost
Ladakh,2020,9,No Alert,0.04,Very Low,XGBoost
Ladakh,2020,10,No Alert,0.05,Very Low,XGBoost
Ladakh,2020,11,No Alert,0.03,Very Low,XGBoost
Ladakh,2020,12,No Alert,0.02,Very Low,XGBoost
Ladakh,2021,1,No Alert,0.02,Very Low,XGBoost
Ladakh,2021,2,No Alert,0.02,Very Low,XGBoost
Ladakh,2021,3,No Alert,0.02,Very Low,XGBoost
Ladakh,2021,4,No Alert,0.06,Very Low,XGBoost
Ladakh,2021,5,No Alert,0.03,Very Low,XGBoost
Ladakh,2021,6,No Alert,0.01,Very Low,XGBoost
Ladakh,2021,7,No Alert,0.01,Very Low,XGBoost
Ladakh,2021,8,No Alert,0.03,Very Low,XGBoost
Ladakh,2021,9,No Alert,0.02,Very Low,XGBoost
Ladakh,2021,10,No Alert,0.03,Very Low,XGBoost
Ladakh,2021,11,No Alert,0.03,Very Low,XGBoost
Ladakh,2021,12,No Alert,0.03,Very Low,XGBoost
Ladakh,2022,1,No Alert,0.02,Very Low,XGBoost
Ladakh,2022,2,No Alert,0.02,Very Low,XGBoost
Ladakh,2022,3,No Alert,0.04,Very Low,XGBoost
Ladakh,2022,4,No Alert,0.06,Very Low,XGBoost
Ladakh,2022,5,No Alert,0.02,Very Low,XGBoost
Ladakh,2022,6,No Alert,0.01,Very Low,XGBoost
Ladakh,2022,7,No Alert,0.01,Very Low,XGBoost
Ladakh,2022,8,No Alert,0.03,Very Low,XGBoost
Ladakh,2022,9,No Alert,0.03,Very Low,XGBoost
Ladakh,2022,10,No Alert,0.02,Very Low,XGBoost
Ladakh,2022,11,No Alert,0.02,Very Low,XGBoost
Ladakh,2022,12,No Alert,0.02,Very Low,XGBoost
Ladakh,2023,1,No Alert,0.02,Very Low,XGBoost
Ladakh,2023,2,No Alert,0.02,Very Low,XGBoost
Ladakh,2023,3,No Alert,0.03,Very Low,XGBoost
Ladakh,2023,4,No Alert,0.07,Very Low,XGBoost
Ladakh,2023,5,No Alert,0.01,Very Low,XGBoost
Ladakh,2023,6,No Alert,0.01,Very Low,XGBoost
Ladakh,2023,7,No Alert,0.01,Very Low,XGBoost
Ladakh,2023,8,No Alert,0.02,Very Low,XGBoost
Ladakh,2023,9,No Alert,0.04,Very Low,XGBoost
Ladakh,2023,10,No Alert,0.03,Very Low,XGBoost
Ladakh,2023,11,No Alert,0.03,Very Low,XGBoost
Ladakh,2023,12,No Alert,0.03,Very Low,XGBoost
Ladakh,2024,1,No Alert,0.03,Very Low,XGBoost
Ladakh,2024,2,No Alert,0.02,Very Low,XGBoost
Ladakh,2024,3,No Alert,0.02,Very Low,XGBoost
Ladakh,2024,4,No Alert,0.07,Very Low,XGBoost
Ladakh,2024,5,No Alert,0.03,Very Low,XGBoost
Ladakh,2024,6,No Alert,0.01,Very Low,XGBoost
Ladakh,2024,7,No Alert,0.03,Very Low,XGBoost
Ladakh,2024,8,No Alert,0.02,Very Low,XGBoost
Ladakh,2024,9,No Alert,0.05,Very Low,XGBoost
Ladakh,2024,10,No Alert,0.06,Very Low,XGBoost
Ladakh,2024,11,No Alert,0.05,Very Low,XGBoost
Ladakh,2024,12,No Alert,0.05,Very Low,XGBoost
Ladakh,2025,1,No Alert,0.02,Very Low,XGBoost
Ladakh,2025,2,No Alert,0.02,Very Low,XGBoost
Ladakh,2025,3,No Alert,0.03,Very Low,XGBoost
Ladakh,2025,4,No Alert,0.08,Very Low,XGBoost
Ladakh,2025,5,No Alert,0.04,Very Low,XGBoost
Ladakh,2025,6,No Alert,0.01,Very Low,XGBoost
Ladakh,2025,7,No Alert,0.01,Very Low,XGBoost
Ladakh,2025,8,No Alert,0.01,Very Low,XGBoost
Ladakh,2025,9,No Alert,0.03,Very Low,XGBoost
Ladakh,2025,10,No Alert,0.06,Very Low,XGBoost
Ladakh,2025,11,No Alert,0.08,Very Low,XGBoost
Ladakh,2025,12,No Alert,0.07,Very Low,XGBoost
Lakshadweep,2011,1,No Alert,0.0,Very Low,XGBoost
Lakshadweep,2011,2,No Alert,0.01,Very Low,XGBoost
Lakshadweep,2011,3,No Alert,0.04,Very Low,XGBoost
Lakshadweep,2011,4,No Alert,0.14,Very Low,XGBoost
Lakshadweep,2011,5,No Alert,0.04,Very Low,XGBoost
Lakshadweep,2011,6,No Alert,0.03,Very Low,XGBoost
Lakshadweep,2011,7,No Alert,0.02,Very Low,XGBoost
Lakshadweep,2011,8,No Alert,0.02,Very Low,XGBoost
Lakshadweep,2011,9,No Alert,0.03,Very Low,XGBoost
Lakshadweep,2011,10,No Alert,0.02,Very Low,XGBoost
Lakshadweep,2011,11,No Alert,0.01,Very Low,XGBoost
Lakshadweep,2011,12,No Alert,0.01,Very Low,XGBoost
Lakshadweep,2012,1,No Alert,0.0,Very Low,XGBoost
Lakshadweep,2012,2,No Alert,0.01,Very Low,XGBoost
Lakshadweep,2012,3,No Alert,0.03,Very Low,XGBoost
Lakshadweep,2012,4,No Alert,0.09,Very Low,XGBoost
Lakshadweep,2012,5,No Alert,0.04,Very Low,XGBoost
Lakshadweep,2012,6,No Alert,0.02,Very Low,XGBoost
Lakshadweep,2012,7,No Alert,0.02,Very Low,XGBoost
Lakshadweep,2012,8,No Alert,0.02,Very Low,XGBoost
Lakshadweep,2012,9,No Alert,0.03,Very Low,XGBoost
Lakshadweep,2012,10,No Alert,0.02,Very Low,XGBoost
Lakshadweep,2012,11,No Alert,0.01,Very Low,XGBoost
Lakshadweep,2012,12,No Alert,0.01,Very Low,XGBoost
Lakshadweep,2013,1,No Alert,0.01,Very Low,XGBoost
Lakshadweep,2013,2,No Alert,0.01,Very Low,XGBoost
Lakshadweep,2013,3,No Alert,0.03,Very Low,XGBoost
Lakshadweep,2013,4,No Alert,0.12,Very Low,XGBoost
Lakshadweep,2013,5,No Alert,0.04,Very Low,XGBoost
Lakshadweep,2013,6,No Alert,0.01,Very Low,XGBoost
Lakshadweep,2013,7,No Alert,0.02,Very Low,XGBoost
Lakshadweep,2013,8,No Alert,0.02,Very Low,XGBoost
Lakshadweep,2013,9,No Alert,0.03,Very Low,XGBoost
Lakshadweep,2013,10,No Alert,0.05,Very Low,XGBoost
Lakshadweep,2013,11,No Alert,0.0,Very Low,XGBoost
Lakshadweep,2013,12,No Alert,0.01,Very Low,XGBoost
Lakshadweep,2014,1,No Alert,0.01,Very Low,XGBoost
Lakshadweep,2014,2,No Alert,0.01,Very Low,XGBoost
Lakshadweep,2014,3,No Alert,0.01,Very Low,XGBoost
Lakshadweep,2014,4,No Alert,0.18,Very Low,XGBoost
Lakshadweep,2014,5,No Alert,0.05,Very Low,XGBoost
Lakshadweep,2014,6,No Alert,0.03,Very Low,XGBoost
Lakshadweep,2014,7,No Alert,0.02,Very Low,XGBoost
Lakshadweep,2014,8,No Alert,0.03,Very Low,XGBoost
Lakshadweep,2014,9,No Alert,0.03,Very Low,XGBoost
Lakshadweep,2014,10,No Alert,0.03,Very Low,XGBoost
Lakshadweep,2014,11,No Alert,0.01,Very Low,XGBoost
Lakshadweep,2014,12,No Alert,0.01,Very Low,XGBoost
Lakshadweep,2015,1,No Alert,0.0,Very Low,XGBoost
Lakshadweep,2015,2,No Alert,0.01,Very Low,XGBoost
Lakshadweep,2015,3,No Alert,0.02,Very Low,XGBoost
Lakshadweep,2015,4,No Alert,0.05,Very Low,XGBoost
Lakshadweep,2015,5,No Alert,0.04,Very Low,XGBoost
Lakshadweep,2015,6,No Alert,0.01,Very Low,XGBoost
Lakshadweep,2015,7,No Alert,0.03,Very Low,XGBoost
Lakshadweep,2015,8,No Alert,0.03,Very Low,XGBoost
Lakshadweep,2015,9,No Alert,0.03,Very Low,XGBoost
Lakshadweep,2015,10,No Alert,0.03,Very Low,XGBoost
Lakshadweep,2015,11,No Alert,0.03,Very Low,XGBoost
Lakshadweep,2015,12,No Alert,0.01,Very Low,XGBoost
Lakshadweep,2016,1,No Alert,0.01,Very Low,XGBoost
Lakshadweep,2016,2,No Alert,0.02,Very Low,XGBoost
Lakshadweep,2016,3,No Alert,0.1,Very Low,XGBoost
Lakshadweep,2016,4,No Alert,0.19,Very Low,XGBoost
Lakshadweep,2016,5,No Alert,0.07,Very Low,XGBoost
Lakshadweep,2016,6,No Alert,0.03,Very Low,XGBoost
Lakshadweep,2016,7,No Alert,0.03,Very Low,XGBoost
Lakshadweep,2016,8,No Alert,0.03,Very Low,XGBoost
Lakshadweep,2016,9,No Alert,0.04,Very Low,XGBoost
Lakshadweep,2016,10,No Alert,0.06,Very Low,XGBoost
Lakshadweep,2016,11,No Alert,0.02,Very Low,XGBoost
Lakshadweep,2016,12,No Alert,0.05,Very Low,XGBoost
Lakshadweep,2017,1,No Alert,0.01,Very Low,XGBoost
Lakshadweep,2017,2,No Alert,0.02,Very Low,XGBoost
Lakshadweep,2017,3,No Alert,0.04,Very Low,XGBoost
Lakshadweep,2017,4,No Alert,0.16,Very Low,XGBoost
Lakshadweep,2017,5,No Alert,0.05,Very Low,XGBoost
Lakshadweep,2017,6,No Alert,0.03,Very Low,XGBoost
Lakshadweep,2017,7,No Alert,0.03,Very Low,XGBoost
Lakshadweep,2017,8,No Alert,0.03,Very Low,XGBoost
Lakshadweep,2017,9,No Alert,0.03,Very Low,XGBoost
Lakshadweep,2017,10,No Alert,0.04,Very Low,XGBoost
Lakshadweep,2017,11,No Alert,0.03,Very Low,XGBoost
Lakshadweep,2017,12,No Alert,0.02,Very Low,XGBoost
Lakshadweep,2018,1,No Alert,0.01,Very Low,XGBoost
Lakshadweep,2018,2,No Alert,0.02,Very Low,XGBoost
Lakshadweep,2018,3,No Alert,0.06,Very Low,XGBoost
Lakshadweep,2018,4,No Alert,0.25,Very Low,XGBoost
Lakshadweep,2018,5,No Alert,0.05,Very Low,XGBoost
Lakshadweep,2018,6,No Alert,0.02,Very Low,XGBoost
Lakshadweep,2018,7,No Alert,0.03,Very Low,XGBoost
Lakshadweep,2018,8,No Alert,0.04,Very Low,XGBoost
Lakshadweep,2018,9,No Alert,0.05,Very Low,XGBoost
Lakshadweep,2018,10,No Alert,0.02,Very Low,XGBoost
Lakshadweep,2018,11,No Alert,0.02,Very Low,XGBoost
Lakshadweep,2018,12,No Alert,0.01,Very Low,XGBoost
Lakshadweep,2019,1,No Alert,0.01,Very Low,XGBoost
Lakshadweep,2019,2,No Alert,0.01,Very Low,XGBoost
Lakshadweep,2019,3,No Alert,0.07,Very Low,XGBoost
Lakshadweep,2019,4,No Alert,0.13,Very Low,XGBoost
Lakshadweep,2019,5,No Alert,0.06,Very Low,XGBoost
Lakshadweep,2019,6,No Alert,0.03,Very Low,XGBoost
Lakshadweep,2019,7,No Alert,0.03,Very Low,XGBoost
Lakshadweep,2019,8,No Alert,0.04,Very Low,XGBoost
Lakshadweep,2019,9,No Alert,0.05,Very Low,XGBoost
Lakshadweep,2019,10,No Alert,0.02,Very Low,XGBoost
Lakshadweep,2019,11,No Alert,0.01,Very Low,XGBoost
Lakshadweep,2019,12,No Alert,0.01,Very Low,XGBoost
Lakshadweep,2020,1,No Alert,0.01,Very Low,XGBoost
Lakshadweep,2020,2,No Alert,0.02,Very Low,XGBoost
Lakshadweep,2020,3,No Alert,0.02,Very Low,XGBoost
Lakshadweep,2020,4,No Alert,0.2,Very Low,XGBoost
Lakshadweep,2020,5,No Alert,0.04,Very Low,XGBoost
Lakshadweep,2020,6,No Alert,0.02,Very Low,XGBoost
Lakshadweep,2020,7,No Alert,0.02,Very Low,XGBoost
Lakshadweep,2020,8,No Alert,0.03,Very Low,XGBoost
Lakshadweep,2020,9,No Alert,0.03,Very Low,XGBoost
Lakshadweep,2020,10,No Alert,0.04,Very Low,XGBoost
Lakshadweep,2020,11,No Alert,0.02,Very Low,XGBoost
Lakshadweep,2020,12,No Alert,0.01,Very Low,XGBoost
Lakshadweep,2021,1,No Alert,0.01,Very Low,XGBoost
Lakshadweep,2021,2,No Alert,0.01,Very Low,XGBoost
Lakshadweep,2021,3,No Alert,0.09,Very Low,XGBoost
Lakshadweep,2021,4,No Alert,0.19,Very Low,XGBoost
Lakshadweep,2021,5,No Alert,0.02,Very Low,XGBoost
Lakshadweep,2021,6,No Alert,0.02,Very Low,XGBoost
Lakshadweep,2021,7,No Alert,0.02,Very Low,XGBoost
Lakshadweep,2021,8,No Alert,0.02,Very Low,XGBoost
Lakshadweep,2021,9,No Alert,0.02,Very Low,XGBoost
Lakshadweep,2021,10,No Alert,0.03,Very Low,XGBoost
Lakshadweep,2021,11,No Alert,0.03,Very Low,XGBoost
Lakshadweep,2021,12,No Alert,0.01,Very Low,XGBoost
Lakshadweep,2022,1,No Alert,0.01,Very Low,XGBoost
Lakshadweep,2022,2,No Alert,0.01,Very Low,XGBoost
Lakshadweep,2022,3,No Alert,0.09,Very Low,XGBoost
Lakshadweep,2022,4,No Alert,0.08,Very Low,XGBoost
Lakshadweep,2022,5,No Alert,0.03,Very Low,XGBoost
Lakshadweep,2022,6,No Alert,0.01,Very Low,XGBoost
Lakshadweep,2022,7,No Alert,0.01,Very Low,XGBoost
Lakshadweep,2022,8,No Alert,0.02,Very Low,XGBoost
Lakshadweep,2022,9,No Alert,0.03,Very Low,XGBoost
Lakshadweep,2022,10,No Alert,0.03,Very Low,XGBoost
Lakshadweep,2022,11,No Alert,0.01,Very Low,XGBoost
Lakshadweep,2022,12,No Alert,0.03,Very Low,XGBoost
Lakshadweep,2023,1,No Alert,0.01,Very Low,XGBoost
Lakshadweep,2023,2,No Alert,0.03,Very Low,XGBoost
Lakshadweep,2023,3,No Alert,0.04,Very Low,XGBoost
Lakshadweep,2023,4,No Alert,0.23,Very Low,XGBoost
Lakshadweep,2023,5,No Alert,0.05,Very Low,XGBoost
Lakshadweep,2023,6,No Alert,0.03,Very Low,XGBoost
Lakshadweep,2023,7,No Alert,0.03,Very Low,XGBoost
Lakshadweep,2023,8,No Alert,0.04,Very Low,XGBoost
Lakshadweep,2023,9,No Alert,0.04,Very Low,XGBoost
Lakshadweep,2023,10,No Alert,0.01,Very Low,XGBoost
Lakshadweep,2023,11,No Alert,0.01,Very Low,XGBoost
Lakshadweep,2023,12,No Alert,0.01,Very Low,XGBoost
Lakshadweep,2024,1,No Alert,0.01,Very Low,XGBoost
Lakshadweep,2024,2,No Alert,0.01,Very Low,XGBoost
Lakshadweep,2024,3,No Alert,0.08,Very Low,XGBoost
Lakshadweep,2024,4,No Alert,0.17,Very Low,XGBoost
Lakshadweep,2024,5,No Alert,0.08,Very Low,XGBoost
Lakshadweep,2024,6,No Alert,0.01,Very Low,XGBoost
Lakshadweep,2024,7,No Alert,0.01,Very Low,XGBoost
Lakshadweep,2024,8,No Alert,0.01,Very Low,XGBoost
Lakshadweep,2024,9,No Alert,0.03,Very Low,XGBoost
Lakshadweep,2024,10,No Alert,0.01,Very Low,XGBoost
Lakshadweep,2024,11,No Alert,0.01,Very Low,XGBoost
Lakshadweep,2024,12,No Alert,0.03,Very Low,XGBoost
Lakshadweep,2025,1,No Alert,0.01,Very Low,XGBoost
Lakshadweep,2025,2,No Alert,0.01,Very Low,XGBoost
Lakshadweep,2025,3,No Alert,0.02,Very Low,XGBoost
Lakshadweep,2025,4,No Alert,0.1,Very Low,XGBoost
Lakshadweep,2025,5,No Alert,0.02,Very Low,XGBoost
Lakshadweep,2025,6,No Alert,0.01,Very Low,XGBoost
Lakshadweep,2025,7,No Alert,0.01,Very Low,XGBoost
Lakshadweep,2025,8,No Alert,0.02,Very Low,XGBoost
Lakshadweep,2025,9,No Alert,0.02,Very Low,XGBoost
Lakshadweep,2025,10,No Alert,0.02,Very Low,XGBoost
Lakshadweep,2025,11,No Alert,0.02,Very Low,XGBoost
Lakshadweep,2025,12,No Alert,0.01,Very Low,XGBoost
Madhya Pradesh,2011,1,No Alert,0.01,Very Low,XGBoost
Madhya Pradesh,2011,2,No Alert,0.01,Very Low,XGBoost
Madhya Pradesh,2011,3,No Alert,0.03,Very Low,XGBoost
Madhya Pradesh,2011,4,No Alert,13.14,Very Low,XGBoost
Madhya Pradesh,2011,5,No Alert,14.5,Very Low,XGBoost
Madhya Pradesh,2011,6,Alert,97.38,High,XGBoost
Madhya Pradesh,2011,7,No Alert,0.02,Very Low,XGBoost
Madhya Pradesh,2011,8,No Alert,0.03,Very Low,XGBoost
Madhya Pradesh,2011,9,No Alert,0.02,Very Low,XGBoost
Madhya Pradesh,2011,10,No Alert,0.01,Very Low,XGBoost
Madhya Pradesh,2011,11,No Alert,0.01,Very Low,XGBoost
Madhya Pradesh,2011,12,No Alert,0.01,Very Low,XGBoost
Madhya Pradesh,2012,1,No Alert,0.0,Very Low,XGBoost
Madhya Pradesh,2012,2,No Alert,0.01,Very Low,XGBoost
Madhya Pradesh,2012,3,No Alert,0.03,Very Low,XGBoost
Madhya Pradesh,2012,4,No Alert,1.35,Very Low,XGBoost
Madhya Pradesh,2012,5,Alert,99.62,High,XGBoost
Madhya Pradesh,2012,6,Alert,99.83,High,XGBoost
Madhya Pradesh,2012,7,No Alert,0.06,Very Low,XGBoost
Madhya Pradesh,2012,8,No Alert,0.04,Very Low,XGBoost
Madhya Pradesh,2012,9,No Alert,0.01,Very Low,XGBoost
Madhya Pradesh,2012,10,No Alert,0.01,Very Low,XGBoost
Madhya Pradesh,2012,11,No Alert,0.01,Very Low,XGBoost
Madhya Pradesh,2012,12,No Alert,0.01,Very Low,XGBoost
Madhya Pradesh,2013,1,No Alert,0.0,Very Low,XGBoost
Madhya Pradesh,2013,2,No Alert,0.0,Very Low,XGBoost
Madhya Pradesh,2013,3,No Alert,0.02,Very Low,XGBoost
Madhya Pradesh,2013,4,Alert,99.67,High,XGBoost
Madhya Pradesh,2013,5,Alert,99.46,High,XGBoost
Madhya Pradesh,2013,6,Alert,99.77,High,XGBoost
Madhya Pradesh,2013,7,No Alert,0.04,Very Low,XGBoost
Madhya Pradesh,2013,8,No Alert,0.02,Very Low,XGBoost
Madhya Pradesh,2013,9,No Alert,0.01,Very Low,XGBoost
Madhya Pradesh,2013,10,No Alert,0.0,Very Low,XGBoost
Madhya Pradesh,2013,11,No Alert,0.01,Very Low,XGBoost
Madhya Pradesh,2013,12,No Alert,0.01,Very Low,XGBoost
Madhya Pradesh,2014,1,No Alert,0.0,Very Low,XGBoost
Madhya Pradesh,2014,2,No Alert,0.0,Very Low,XGBoost
Madhya Pradesh,2014,3,No Alert,0.02,Very Low,XGBoost
Madhya Pradesh,2014,4,No Alert,17.06,Very Low,XGBoost
Madhya Pradesh,2014,5,No Alert,27.7,Low,XGBoost
Madhya Pradesh,2014,6,Alert,99.94,High,XGBoost
Madhya Pradesh,2014,7,Alert,99.29,High,XGBoost
Madhya Pradesh,2014,8,No Alert,0.02,Very Low,XGBoost
Madhya Pradesh,2014,9,No Alert,0.01,Very Low,XGBoost
Madhya Pradesh,2014,10,No Alert,0.0,Very Low,XGBoost
Madhya Pradesh,2014,11,No Alert,0.01,Very Low,XGBoost
Madhya Pradesh,2014,12,No Alert,0.01,Very Low,XGBoost
Madhya Pradesh,2015,1,No Alert,0.0,Very Low,XGBoost
Madhya Pradesh,2015,2,No Alert,0.01,Very Low,XGBoost
Madhya Pradesh,2015,3,No Alert,0.01,Very Low,XGBoost
Madhya Pradesh,2015,4,Alert,99.81,High,XGBoost
Madhya Pradesh,2015,5,Alert,99.47,High,XGBoost
Madhya Pradesh,2015,6,Alert,99.87,High,XGBoost
Madhya Pradesh,2015,7,No Alert,0.04,Very Low,XGBoost
Madhya Pradesh,2015,8,No Alert,0.04,Very Low,XGBoost
Madhya Pradesh,2015,9,No Alert,0.01,Very Low,XGBoost
Madhya Pradesh,2015,10,No Alert,0.01,Very Low,XGBoost
Madhya Pradesh,2015,11,No Alert,0.01,Very Low,XGBoost
Madhya Pradesh,2015,12,No Alert,0.01,Very Low,XGBoost
Madhya Pradesh,2016,1,No Alert,0.01,Very Low,XGBoost
Madhya Pradesh,2016,2,No Alert,0.01,Very Low,XGBoost
Madhya Pradesh,2016,3,Alert,99.51,High,XGBoost
Madhya Pradesh,2016,4,No Alert,49.8,Low,XGBoost
Madhya Pradesh,2016,5,Alert,99.92,High,XGBoost
Madhya Pradesh,2016,6,Alert,99.48,High,XGBoost
Madhya Pradesh,2016,7,No Alert,0.08,Very Low,XGBoost
Madhya Pradesh,2016,8,No Alert,0.03,Very Low,XGBoost
Madhya Pradesh,2016,9,No Alert,0.01,Very Low,XGBoost
Madhya Pradesh,2016,10,No Alert,0.01,Very Low,XGBoost
Madhya Pradesh,2016,11,No Alert,0.02,Very Low,XGBoost
Madhya Pradesh,2016,12,No Alert,0.01,Very Low,XGBoost
Madhya Pradesh,2017,1,No Alert,0.01,Very Low,XGBoost
Madhya Pradesh,2017,2,No Alert,0.01,Very Low,XGBoost
Madhya Pradesh,2017,3,Alert,99.89,High,XGBoost
Madhya Pradesh,2017,4,Alert,99.9,High,XGBoost
Madhya Pradesh,2017,5,Alert,68.69,Moderate,XGBoost
Madhya Pradesh,2017,6,Alert,99.97,High,XGBoost
Madhya Pradesh,2017,7,No Alert,0.06,Very Low,XGBoost
Madhya Pradesh,2017,8,No Alert,0.04,Very Low,XGBoost
Madhya Pradesh,2017,9,No Alert,0.01,Very Low,XGBoost
Madhya Pradesh,2017,10,No Alert,0.01,Very Low,XGBoost
Madhya Pradesh,2017,11,No Alert,0.01,Very Low,XGBoost
Madhya Pradesh,2017,12,No Alert,0.01,Very Low,XGBoost
Madhya Pradesh,2018,1,No Alert,0.01,Very Low,XGBoost
Madhya Pradesh,2018,2,No Alert,0.01,Very Low,XGBoost
Madhya Pradesh,2018,3,No Alert,0.05,Very Low,XGBoost
Madhya Pradesh,2018,4,Alert,99.74,High,XGBoost
Madhya Pradesh,2018,5,Alert,99.72,High,XGBoost
Madhya Pradesh,2018,6,Alert,99.97,High,XGBoost
Madhya Pradesh,2018,7,No Alert,0.08,Very Low,XGBoost
Madhya Pradesh,2018,8,No Alert,0.06,Very Low,XGBoost
Madhya Pradesh,2018,9,No Alert,0.01,Very Low,XGBoost
Madhya Pradesh,2018,10,No Alert,0.02,Very Low,XGBoost
Madhya Pradesh,2018,11,No Alert,0.01,Very Low,XGBoost
Madhya Pradesh,2018,12,No Alert,0.01,Very Low,XGBoost
Madhya Pradesh,2019,1,No Alert,0.01,Very Low,XGBoost
Madhya Pradesh,2019,2,No Alert,0.01,Very Low,XGBoost
Madhya Pradesh,2019,3,Alert,99.75,High,XGBoost
Madhya Pradesh,2019,4,Alert,99.76,High,XGBoost
Madhya Pradesh,2019,5,Alert,82.2,High,XGBoost
Madhya Pradesh,2019,6,Alert,99.89,High,XGBoost
Madhya Pradesh,2019,7,No Alert,0.04,Very Low,XGBoost
Madhya Pradesh,2019,8,No Alert,0.08,Very Low,XGBoost
Madhya Pradesh,2019,9,No Alert,0.01,Very Low,XGBoost
Madhya Pradesh,2019,10,No Alert,0.01,Very Low,XGBoost
Madhya Pradesh,2019,11,No Alert,0.01,Very Low,XGBoost
Madhya Pradesh,2019,12,No Alert,0.01,Very Low,XGBoost
Madhya Pradesh,2020,1,No Alert,0.0,Very Low,XGBoost
Madhya Pradesh,2020,2,No Alert,0.01,Very Low,XGBoost
Madhya Pradesh,2020,3,No Alert,0.02,Very Low,XGBoost
Madhya Pradesh,2020,4,No Alert,17.63,Very Low,XGBoost
Madhya Pradesh,2020,5,No Alert,48.83,Low,XGBoost
Madhya Pradesh,2020,6,No Alert,0.04,Very Low,XGBoost
Madhya Pradesh,2020,7,No Alert,0.01,Very Low,XGBoost
Madhya Pradesh,2020,8,No Alert,0.06,Very Low,XGBoost
Madhya Pradesh,2020,9,No Alert,0.01,Very Low,XGBoost
Madhya Pradesh,2020,10,No Alert,0.01,Very Low,XGBoost
Madhya Pradesh,2020,11,No Alert,0.01,Very Low,XGBoost
Madhya Pradesh,2020,12,No Alert,0.01,Very Low,XGBoost
Madhya Pradesh,2021,1,No Alert,0.01,Very Low,XGBoost
Madhya Pradesh,2021,2,No Alert,0.01,Very Low,XGBoost
Madhya Pradesh,2021,3,Alert,98.91,High,XGBoost
Madhya Pradesh,2021,4,Alert,68.13,Moderate,XGBoost
Madhya Pradesh,2021,5,No Alert,11.78,Very Low,XGBoost
Madhya Pradesh,2021,6,No Alert,0.05,Very Low,XGBoost
Madhya Pradesh,2021,7,No Alert,0.02,Very Low,XGBoost
Madhya Pradesh,2021,8,No Alert,0.02,Very Low,XGBoost
Madhya Pradesh,2021,9,No Alert,0.01,Very Low,XGBoost
Madhya Pradesh,2021,10,No Alert,0.01,Very Low,XGBoost
Madhya Pradesh,2021,11,No Alert,0.02,Very Low,XGBoost
Madhya Pradesh,2021,12,No Alert,0.01,Very Low,XGBoost
Madhya Pradesh,2022,1,No Alert,0.01,Very Low,XGBoost
Madhya Pradesh,2022,2,No Alert,0.01,Very Low,XGBoost
Madhya Pradesh,2022,3,Alert,99.72,High,XGBoost
Madhya Pradesh,2022,4,Alert,97.09,High,XGBoost
Madhya Pradesh,2022,5,Alert,98.78,High,XGBoost
Madhya Pradesh,2022,6,Alert,99.74,High,XGBoost
Madhya Pradesh,2022,7,No Alert,0.01,Very Low,XGBoost
Madhya Pradesh,2022,8,No Alert,0.01,Very Low,XGBoost
Madhya Pradesh,2022,9,No Alert,0.0,Very Low,XGBoost
Madhya Pradesh,2022,10,No Alert,0.01,Very Low,XGBoost
Madhya Pradesh,2022,11,No Alert,0.01,Very Low,XGBoost
Madhya Pradesh,2022,12,No Alert,0.01,Very Low,XGBoost
Madhya Pradesh,2023,1,No Alert,0.01,Very Low,XGBoost
Madhya Pradesh,2023,2,No Alert,0.01,Very Low,XGBoost
Madhya Pradesh,2023,3,No Alert,0.03,Very Low,XGBoost
Madhya Pradesh,2023,4,Alert,99.62,High,XGBoost
Madhya Pradesh,2023,5,Alert,64.98,Moderate,XGBoost
Madhya Pradesh,2023,6,Alert,94.73,High,XGBoost
Madhya Pradesh,2023,7,No Alert,0.01,Very Low,XGBoost
Madhya Pradesh,2023,8,No Alert,0.02,Very Low,XGBoost
Madhya Pradesh,2023,9,No Alert,0.01,Very Low,XGBoost
Madhya Pradesh,2023,10,No Alert,0.01,Very Low,XGBoost
Madhya Pradesh,2023,11,No Alert,0.01,Very Low,XGBoost
Madhya Pradesh,2023,12,No Alert,0.01,Very Low,XGBoost
Madhya Pradesh,2024,1,No Alert,0.0,Very Low,XGBoost
Madhya Pradesh,2024,2,No Alert,0.01,Very Low,XGBoost
Madhya Pradesh,2024,3,No Alert,0.04,Very Low,XGBoost
Madhya Pradesh,2024,4,No Alert,0.1,Very Low,XGBoost
Madhya Pradesh,2024,5,Alert,95.23,High,XGBoost
Madhya Pradesh,2024,6,Alert,91.44,High,XGBoost
Madhya Pradesh,2024,7,No Alert,0.02,Very Low,XGBoost
Madhya Pradesh,2024,8,No Alert,0.02,Very Low,XGBoost
Madhya Pradesh,2024,9,No Alert,0.01,Very Low,XGBoost
Madhya Pradesh,2024,10,No Alert,0.01,Very Low,XGBoost
Madhya Pradesh,2024,11,No Alert,0.02,Very Low,XGBoost
Madhya Pradesh,2024,12,No Alert,0.01,Very Low,XGBoost
Madhya Pradesh,2025,1,No Alert,0.01,Very Low,XGBoost
Madhya Pradesh,2025,2,No Alert,0.01,Very Low,XGBoost
Madhya Pradesh,2025,3,No Alert,0.07,Very Low,XGBoost
Madhya Pradesh,2025,4,No Alert,39.2,Low,XGBoost
Madhya Pradesh,2025,5,No Alert,1.62,Very Low,XGBoost
Madhya Pradesh,2025,6,Alert,97.81,High,XGBoost
Madhya Pradesh,2025,7,No Alert,0.04,Very Low,XGBoost
Madhya Pradesh,2025,8,No Alert,0.01,Very Low,XGBoost
Madhya Pradesh,2025,9,No Alert,0.01,Very Low,XGBoost
Madhya Pradesh,2025,10,No Alert,0.01,Very Low,XGBoost
Madhya Pradesh,2025,11,No Alert,0.02,Very Low,XGBoost
Madhya Pradesh,2025,12,No Alert,0.01,Very Low,XGBoost
Maharashtra,2011,1,No Alert,0.01,Very Low,XGBoost
Maharashtra,2011,2,No Alert,0.01,Very Low,XGBoost
Maharashtra,2011,3,No Alert,0.04,Very Low,XGBoost
Maharashtra,2011,4,No Alert,9.97,Very Low,XGBoost
Maharashtra,2011,5,No Alert,17.89,Very Low,XGBoost
Maharashtra,2011,6,No Alert,0.03,Very Low,XGBoost
Maharashtra,2011,7,No Alert,0.06,Very Low,XGBoost
Maharashtra,2011,8,No Alert,0.07,Very Low,XGBoost
Maharashtra,2011,9,No Alert,0.02,Very Low,XGBoost
Maharashtra,2011,10,No Alert,0.01,Very Low,XGBoost
Maharashtra,2011,11,No Alert,0.01,Very Low,XGBoost
Maharashtra,2011,12,No Alert,0.01,Very Low,XGBoost
Maharashtra,2012,1,No Alert,0.01,Very Low,XGBoost
Maharashtra,2012,2,No Alert,0.01,Very Low,XGBoost
Maharashtra,2012,3,No Alert,0.05,Very Low,XGBoost
Maharashtra,2012,4,No Alert,20.23,Low,XGBoost
Maharashtra,2012,5,No Alert,26.54,Low,XGBoost
Maharashtra,2012,6,No Alert,0.14,Very Low,XGBoost
Maharashtra,2012,7,No Alert,0.07,Very Low,XGBoost
Maharashtra,2012,8,No Alert,0.03,Very Low,XGBoost
Maharashtra,2012,9,No Alert,0.01,Very Low,XGBoost
Maharashtra,2012,10,No Alert,0.01,Very Low,XGBoost
Maharashtra,2012,11,No Alert,0.01,Very Low,XGBoost
Maharashtra,2012,12,No Alert,0.01,Very Low,XGBoost
Maharashtra,2013,1,No Alert,0.01,Very Low,XGBoost
Maharashtra,2013,2,No Alert,0.01,Very Low,XGBoost
Maharashtra,2013,3,No Alert,0.04,Very Low,XGBoost
Maharashtra,2013,4,No Alert,16.15,Very Low,XGBoost
Maharashtra,2013,5,No Alert,30.92,Low,XGBoost
Maharashtra,2013,6,No Alert,0.07,Very Low,XGBoost
Maharashtra,2013,7,No Alert,0.05,Very Low,XGBoost
Maharashtra,2013,8,No Alert,0.01,Very Low,XGBoost
Maharashtra,2013,9,No Alert,0.01,Very Low,XGBoost
Maharashtra,2013,10,No Alert,0.01,Very Low,XGBoost
Maharashtra,2013,11,No Alert,0.01,Very Low,XGBoost
Maharashtra,2013,12,No Alert,0.01,Very Low,XGBoost
Maharashtra,2014,1,No Alert,0.01,Very Low,XGBoost
Maharashtra,2014,2,No Alert,0.01,Very Low,XGBoost
Maharashtra,2014,3,No Alert,0.03,Very Low,XGBoost
Maharashtra,2014,4,No Alert,47.81,Low,XGBoost
Maharashtra,2014,5,No Alert,6.18,Very Low,XGBoost
Maharashtra,2014,6,Alert,88.73,High,XGBoost
Maharashtra,2014,7,No Alert,0.04,Very Low,XGBoost
Maharashtra,2014,8,No Alert,0.03,Very Low,XGBoost
Maharashtra,2014,9,No Alert,0.01,Very Low,XGBoost
Maharashtra,2014,10,No Alert,0.01,Very Low,XGBoost
Maharashtra,2014,11,No Alert,0.02,Very Low,XGBoost
Maharashtra,2014,12,No Alert,0.01,Very Low,XGBoost
Maharashtra,2015,1,No Alert,0.01,Very Low,XGBoost
Maharashtra,2015,2,No Alert,0.02,Very Low,XGBoost
Maharashtra,2015,3,Alert,98.35,High,XGBoost
Maharashtra,2015,4,Alert,99.96,High,XGBoost
Maharashtra,2015,5,Alert,99.73,High,XGBoost
Maharashtra,2015,6,Alert,99.63,High,XGBoost
Maharashtra,2015,7,No Alert,0.04,Very Low,XGBoost
Maharashtra,2015,8,No Alert,0.02,Very Low,XGBoost
Maharashtra,2015,9,No Alert,0.01,Very Low,XGBoost
Maharashtra,2015,10,No Alert,0.02,Very Low,XGBoost
Maharashtra,2015,11,No Alert,0.01,Very Low,XGBoost
Maharashtra,2015,12,No Alert,0.02,Very Low,XGBoost
Maharashtra,2016,1,No Alert,0.03,Very Low,XGBoost
Maharashtra,2016,2,No Alert,0.03,Very Low,XGBoost
Maharashtra,2016,3,Alert,99.86,High,XGBoost
Maharashtra,2016,4,Alert,99.84,High,XGBoost
Maharashtra,2016,5,Alert,99.96,High,XGBoost
Maharashtra,2016,6,Alert,99.48,High,XGBoost
Maharashtra,2016,7,No Alert,0.06,Very Low,XGBoost
Maharashtra,2016,8,No Alert,0.04,Very Low,XGBoost
Maharashtra,2016,9,No Alert,0.03,Very Low,XGBoost
Maharashtra,2016,10,No Alert,0.02,Very Low,XGBoost
Maharashtra,2016,11,No Alert,0.03,Very Low,XGBoost
Maharashtra,2016,12,No Alert,0.03,Very Low,XGBoost
Maharashtra,2017,1,No Alert,0.02,Very Low,XGBoost
Maharashtra,2017,2,No Alert,0.02,Very Low,XGBoost
Maharashtra,2017,3,Alert,99.93,High,XGBoost
Maharashtra,2017,4,Alert,99.69,High,XGBoost
Maharashtra,2017,5,No Alert,35.38,Low,XGBoost
Maharashtra,2017,6,No Alert,0.12,Very Low,XGBoost
Maharashtra,2017,7,No Alert,0.05,Very Low,XGBoost
Maharashtra,2017,8,No Alert,0.04,Very Low,XGBoost
Maharashtra,2017,9,No Alert,0.04,Very Low,XGBoost
Maharashtra,2017,10,No Alert,0.01,Very Low,XGBoost
Maharashtra,2017,11,No Alert,0.03,Very Low,XGBoost
Maharashtra,2017,12,No Alert,0.03,Very Low,XGBoost
Maharashtra,2018,1,No Alert,0.02,Very Low,XGBoost
Maharashtra,2018,2,No Alert,0.03,Very Low,XGBoost
Maharashtra,2018,3,No Alert,0.12,Very Low,XGBoost
Maharashtra,2018,4,Alert,99.9,High,XGBoost
Maharashtra,2018,5,Alert,99.58,High,XGBoost
Maharashtra,2018,6,Alert,99.18,High,XGBoost
Maharashtra,2018,7,No Alert,0.05,Very Low,XGBoost
Maharashtra,2018,8,No Alert,0.03,Very Low,XGBoost
Maharashtra,2018,9,No Alert,0.02,Very Low,XGBoost
Maharashtra,2018,10,No Alert,0.03,Very Low,XGBoost
Maharashtra,2018,11,No Alert,0.03,Very Low,XGBoost
Maharashtra,2018,12,No Alert,0.02,Very Low,XGBoost
Maharashtra,2019,1,No Alert,0.02,Very Low,XGBoost
Maharashtra,2019,2,No Alert,0.02,Very Low,XGBoost
Maharashtra,2019,3,Alert,99.9,High,XGBoost
Maharashtra,2019,4,Alert,99.97,High,XGBoost
Maharashtra,2019,5,Alert,99.65,High,XGBoost
Maharashtra,2019,6,Alert,99.99,High,XGBoost
Maharashtra,2019,7,No Alert,0.05,Very Low,XGBoost
Maharashtra,2019,8,No Alert,0.06,Very Low,XGBoost
Maharashtra,2019,9,No Alert,0.03,Very Low,XGBoost
Maharashtra,2019,10,No Alert,0.01,Very Low,XGBoost
Maharashtra,2019,11,No Alert,0.01,Very Low,XGBoost
Maharashtra,2019,12,No Alert,0.01,Very Low,XGBoost
Maharashtra,2020,1,No Alert,0.01,Very Low,XGBoost
Maharashtra,2020,2,No Alert,0.01,Very Low,XGBoost
Maharashtra,2020,3,No Alert,0.05,Very Low,XGBoost
Maharashtra,2020,4,No Alert,12.32,Very Low,XGBoost
Maharashtra,2020,5,Alert,99.81,High,XGBoost
Maharashtra,2020,6,No Alert,0.01,Very Low,XGBoost
Maharashtra,2020,7,No Alert,0.01,Very Low,XGBoost
Maharashtra,2020,8,No Alert,0.05,Very Low,XGBoost
Maharashtra,2020,9,No Alert,0.02,Very Low,XGBoost
Maharashtra,2020,10,No Alert,0.01,Very Low,XGBoost
Maharashtra,2020,11,No Alert,0.01,Very Low,XGBoost
Maharashtra,2020,12,No Alert,0.02,Very Low,XGBoost
Maharashtra,2021,1,No Alert,0.01,Very Low,XGBoost
Maharashtra,2021,2,No Alert,0.02,Very Low,XGBoost
Maharashtra,2021,3,No Alert,0.08,Very Low,XGBoost
Maharashtra,2021,4,No Alert,41.64,Low,XGBoost
Maharashtra,2021,5,No Alert,0.02,Very Low,XGBoost
Maharashtra,2021,6,No Alert,0.01,Very Low,XGBoost
Maharashtra,2021,7,No Alert,0.05,Very Low,XGBoost
Maharashtra,2021,8,No Alert,0.02,Very Low,XGBoost
Maharashtra,2021,9,No Alert,0.05,Very Low,XGBoost
Maharashtra,2021,10,No Alert,0.01,Very Low,XGBoost
Maharashtra,2021,11,No Alert,0.01,Very Low,XGBoost
Maharashtra,2021,12,No Alert,0.01,Very Low,XGBoost
Maharashtra,2022,1,No Alert,0.01,Very Low,XGBoost
Maharashtra,2022,2,No Alert,0.02,Very Low,XGBoost
Maharashtra,2022,3,Alert,98.19,High,XGBoost
Maharashtra,2022,4,Alert,97.82,High,XGBoost
Maharashtra,2022,5,Alert,89.19,High,XGBoost
Maharashtra,2022,6,Alert,97.3,High,XGBoost
Maharashtra,2022,7,No Alert,0.04,Very Low,XGBoost
Maharashtra,2022,8,No Alert,0.06,Very Low,XGBoost
Maharashtra,2022,9,No Alert,0.01,Very Low,XGBoost
Maharashtra,2022,10,No Alert,0.01,Very Low,XGBoost
Maharashtra,2022,11,No Alert,0.03,Very Low,XGBoost
Maharashtra,2022,12,No Alert,0.02,Very Low,XGBoost
Maharashtra,2023,1,No Alert,0.01,Very Low,XGBoost
Maharashtra,2023,2,No Alert,0.02,Very Low,XGBoost
Maharashtra,2023,3,No Alert,0.06,Very Low,XGBoost
Maharashtra,2023,4,No Alert,0.08,Very Low,XGBoost
Maharashtra,2023,5,Alert,99.7,High,XGBoost
Maharashtra,2023,6,Alert,81.69,High,XGBoost
Maharashtra,2023,7,No Alert,0.04,Very Low,XGBoost
Maharashtra,2023,8,No Alert,0.01,Very Low,XGBoost
Maharashtra,2023,9,No Alert,0.04,Very Low,XGBoost
Maharashtra,2023,10,No Alert,0.01,Very Low,XGBoost
Maharashtra,2023,11,No Alert,0.01,Very Low,XGBoost
Maharashtra,2023,12,No Alert,0.02,Very Low,XGBoost
Maharashtra,2024,1,No Alert,0.01,Very Low,XGBoost
Maharashtra,2024,2,No Alert,0.04,Very Low,XGBoost
Maharashtra,2024,3,No Alert,0.06,Very Low,XGBoost
Maharashtra,2024,4,Alert,95.61,High,XGBoost
Maharashtra,2024,5,No Alert,0.13,Very Low,XGBoost
Maharashtra,2024,6,No Alert,0.0,Very Low,XGBoost
Maharashtra,2024,7,No Alert,0.01,Very Low,XGBoost
Maharashtra,2024,8,No Alert,0.01,Very Low,XGBoost
Maharashtra,2024,9,No Alert,0.02,Very Low,XGBoost
Maharashtra,2024,10,No Alert,0.01,Very Low,XGBoost
Maharashtra,2024,11,No Alert,0.02,Very Low,XGBoost
Maharashtra,2024,12,No Alert,0.03,Very Low,XGBoost
Maharashtra,2025,1,No Alert,0.05,Very Low,XGBoost
Maharashtra,2025,2,No Alert,0.06,Very Low,XGBoost
Maharashtra,2025,3,No Alert,0.04,Very Low,XGBoost
Maharashtra,2025,4,No Alert,0.13,Very Low,XGBoost
Maharashtra,2025,5,No Alert,0.03,Very Low,XGBoost
Maharashtra,2025,6,No Alert,0.01,Very Low,XGBoost
Maharashtra,2025,7,No Alert,0.01,Very Low,XGBoost
Maharashtra,2025,8,No Alert,0.01,Very Low,XGBoost
Maharashtra,2025,9,No Alert,0.02,Very Low,XGBoost
Maharashtra,2025,10,No Alert,0.01,Very Low,XGBoost
Maharashtra,2025,11,No Alert,0.03,Very Low,XGBoost
Maharashtra,2025,12,No Alert,0.03,Very Low,XGBoost
Manipur,2011,1,No Alert,0.01,Very Low,XGBoost
Manipur,2011,2,No Alert,0.01,Very Low,XGBoost
Manipur,2011,3,No Alert,0.02,Very Low,XGBoost
Manipur,2011,4,No Alert,0.07,Very Low,XGBoost
Manipur,2011,5,No Alert,0.01,Very Low,XGBoost
Manipur,2011,6,No Alert,0.01,Very Low,XGBoost
Manipur,2011,7,No Alert,0.01,Very Low,XGBoost
Manipur,2011,8,No Alert,0.01,Very Low,XGBoost
Manipur,2011,9,No Alert,0.01,Very Low,XGBoost
Manipur,2011,10,No Alert,0.01,Very Low,XGBoost
Manipur,2011,11,No Alert,0.01,Very Low,XGBoost
Manipur,2011,12,No Alert,0.01,Very Low,XGBoost
Manipur,2012,1,No Alert,0.02,Very Low,XGBoost
Manipur,2012,2,No Alert,0.02,Very Low,XGBoost
Manipur,2012,3,No Alert,0.03,Very Low,XGBoost
Manipur,2012,4,No Alert,0.06,Very Low,XGBoost
Manipur,2012,5,No Alert,0.03,Very Low,XGBoost
Manipur,2012,6,No Alert,0.01,Very Low,XGBoost
Manipur,2012,7,No Alert,0.01,Very Low,XGBoost
Manipur,2012,8,No Alert,0.01,Very Low,XGBoost
Manipur,2012,9,No Alert,0.01,Very Low,XGBoost
Manipur,2012,10,No Alert,0.01,Very Low,XGBoost
Manipur,2012,11,No Alert,0.02,Very Low,XGBoost
Manipur,2012,12,No Alert,0.01,Very Low,XGBoost
Manipur,2013,1,No Alert,0.01,Very Low,XGBoost
Manipur,2013,2,No Alert,0.01,Very Low,XGBoost
Manipur,2013,3,No Alert,0.03,Very Low,XGBoost
Manipur,2013,4,No Alert,0.07,Very Low,XGBoost
Manipur,2013,5,No Alert,0.01,Very Low,XGBoost
Manipur,2013,6,No Alert,0.01,Very Low,XGBoost
Manipur,2013,7,No Alert,0.01,Very Low,XGBoost
Manipur,2013,8,No Alert,0.01,Very Low,XGBoost
Manipur,2013,9,No Alert,0.01,Very Low,XGBoost
Manipur,2013,10,No Alert,0.01,Very Low,XGBoost
Manipur,2013,11,No Alert,0.01,Very Low,XGBoost
Manipur,2013,12,No Alert,0.01,Very Low,XGBoost
Manipur,2014,1,No Alert,0.01,Very Low,XGBoost
Manipur,2014,2,No Alert,0.02,Very Low,XGBoost
Manipur,2014,3,No Alert,0.03,Very Low,XGBoost
Manipur,2014,4,No Alert,0.09,Very Low,XGBoost
Manipur,2014,5,No Alert,0.02,Very Low,XGBoost
Manipur,2014,6,No Alert,0.01,Very Low,XGBoost
Manipur,2014,7,No Alert,0.0,Very Low,XGBoost
Manipur,2014,8,No Alert,0.01,Very Low,XGBoost
Manipur,2014,9,No Alert,0.01,Very Low,XGBoost
Manipur,2014,10,No Alert,0.01,Very Low,XGBoost
Manipur,2014,11,No Alert,0.02,Very Low,XGBoost
Manipur,2014,12,No Alert,0.01,Very Low,XGBoost
Manipur,2015,1,No Alert,0.01,Very Low,XGBoost
Manipur,2015,2,No Alert,0.03,Very Low,XGBoost
Manipur,2015,3,No Alert,0.04,Very Low,XGBoost
Manipur,2015,4,No Alert,0.07,Very Low,XGBoost
Manipur,2015,5,No Alert,0.02,Very Low,XGBoost
Manipur,2015,6,No Alert,0.0,Very Low,XGBoost
Manipur,2015,7,No Alert,0.01,Very Low,XGBoost
Manipur,2015,8,No Alert,0.01,Very Low,XGBoost
Manipur,2015,9,No Alert,0.02,Very Low,XGBoost
Manipur,2015,10,No Alert,0.01,Very Low,XGBoost
Manipur,2015,11,No Alert,0.01,Very Low,XGBoost
Manipur,2015,12,No Alert,0.02,Very Low,XGBoost
Manipur,2016,1,No Alert,0.02,Very Low,XGBoost
Manipur,2016,2,No Alert,0.02,Very Low,XGBoost
Manipur,2016,3,No Alert,0.05,Very Low,XGBoost
Manipur,2016,4,No Alert,0.07,Very Low,XGBoost
Manipur,2016,5,No Alert,0.03,Very Low,XGBoost
Manipur,2016,6,No Alert,0.0,Very Low,XGBoost
Manipur,2016,7,No Alert,0.0,Very Low,XGBoost
Manipur,2016,8,No Alert,0.01,Very Low,XGBoost
Manipur,2016,9,No Alert,0.01,Very Low,XGBoost
Manipur,2016,10,No Alert,0.01,Very Low,XGBoost
Manipur,2016,11,No Alert,0.01,Very Low,XGBoost
Manipur,2016,12,No Alert,0.01,Very Low,XGBoost
Manipur,2017,1,No Alert,0.01,Very Low,XGBoost
Manipur,2017,2,No Alert,0.02,Very Low,XGBoost
Manipur,2017,3,No Alert,0.04,Very Low,XGBoost
Manipur,2017,4,No Alert,0.07,Very Low,XGBoost
Manipur,2017,5,No Alert,0.01,Very Low,XGBoost
Manipur,2017,6,No Alert,0.0,Very Low,XGBoost
Manipur,2017,7,No Alert,0.0,Very Low,XGBoost
Manipur,2017,8,No Alert,0.01,Very Low,XGBoost
Manipur,2017,9,No Alert,0.01,Very Low,XGBoost
Manipur,2017,10,No Alert,0.01,Very Low,XGBoost
Manipur,2017,11,No Alert,0.01,Very Low,XGBoost
Manipur,2017,12,No Alert,0.01,Very Low,XGBoost
Manipur,2018,1,No Alert,0.01,Very Low,XGBoost
Manipur,2018,2,No Alert,0.03,Very Low,XGBoost
Manipur,2018,3,No Alert,0.04,Very Low,XGBoost
Manipur,2018,4,No Alert,0.07,Very Low,XGBoost
Manipur,2018,5,No Alert,0.02,Very Low,XGBoost
Manipur,2018,6,No Alert,0.01,Very Low,XGBoost
Manipur,2018,7,No Alert,0.01,Very Low,XGBoost
Manipur,2018,8,No Alert,0.01,Very Low,XGBoost
Manipur,2018,9,No Alert,0.02,Very Low,XGBoost
Manipur,2018,10,No Alert,0.01,Very Low,XGBoost
Manipur,2018,11,No Alert,0.03,Very Low,XGBoost
Manipur,2018,12,No Alert,0.01,Very Low,XGBoost
Manipur,2019,1,No Alert,0.01,Very Low,XGBoost
Manipur,2019,2,No Alert,0.02,Very Low,XGBoost
Manipur,2019,3,No Alert,0.04,Very Low,XGBoost
Manipur,2019,4,No Alert,0.07,Very Low,XGBoost
Manipur,2019,5,No Alert,0.02,Very Low,XGBoost
Manipur,2019,6,No Alert,0.01,Very Low,XGBoost
Manipur,2019,7,No Alert,0.01,Very Low,XGBoost
Manipur,2019,8,No Alert,0.01,Very Low,XGBoost
Manipur,2019,9,No Alert,0.01,Very Low,XGBoost
Manipur,2019,10,No Alert,0.01,Very Low,XGBoost
Manipur,2019,11,No Alert,0.01,Very Low,XGBoost
Manipur,2019,12,No Alert,0.01,Very Low,XGBoost
Manipur,2020,1,No Alert,0.01,Very Low,XGBoost
Manipur,2020,2,No Alert,0.01,Very Low,XGBoost
Manipur,2020,3,No Alert,0.04,Very Low,XGBoost
Manipur,2020,4,No Alert,0.05,Very Low,XGBoost
Manipur,2020,5,No Alert,0.02,Very Low,XGBoost
Manipur,2020,6,No Alert,0.0,Very Low,XGBoost
Manipur,2020,7,No Alert,0.01,Very Low,XGBoost
Manipur,2020,8,No Alert,0.01,Very Low,XGBoost
Manipur,2020,9,No Alert,0.01,Very Low,XGBoost
Manipur,2020,10,No Alert,0.01,Very Low,XGBoost
Manipur,2020,11,No Alert,0.01,Very Low,XGBoost
Manipur,2020,12,No Alert,0.02,Very Low,XGBoost
Manipur,2021,1,No Alert,0.01,Very Low,XGBoost
Manipur,2021,2,No Alert,0.02,Very Low,XGBoost
Manipur,2021,3,No Alert,0.04,Very Low,XGBoost
Manipur,2021,4,No Alert,0.16,Very Low,XGBoost
Manipur,2021,5,No Alert,0.02,Very Low,XGBoost
Manipur,2021,6,No Alert,0.0,Very Low,XGBoost
Manipur,2021,7,No Alert,0.0,Very Low,XGBoost
Manipur,2021,8,No Alert,0.01,Very Low,XGBoost
Manipur,2021,9,No Alert,0.01,Very Low,XGBoost
Manipur,2021,10,No Alert,0.02,Very Low,XGBoost
Manipur,2021,11,No Alert,0.01,Very Low,XGBoost
Manipur,2021,12,No Alert,0.01,Very Low,XGBoost
Manipur,2022,1,No Alert,0.01,Very Low,XGBoost
Manipur,2022,2,No Alert,0.02,Very Low,XGBoost
Manipur,2022,3,No Alert,0.05,Very Low,XGBoost
Manipur,2022,4,No Alert,0.08,Very Low,XGBoost
Manipur,2022,5,No Alert,0.01,Very Low,XGBoost
Manipur,2022,6,No Alert,0.01,Very Low,XGBoost
Manipur,2022,7,No Alert,0.0,Very Low,XGBoost
Manipur,2022,8,No Alert,0.01,Very Low,XGBoost
Manipur,2022,9,No Alert,0.01,Very Low,XGBoost
Manipur,2022,10,No Alert,0.01,Very Low,XGBoost
Manipur,2022,11,No Alert,0.02,Very Low,XGBoost
Manipur,2022,12,No Alert,0.02,Very Low,XGBoost
Manipur,2023,1,No Alert,0.01,Very Low,XGBoost
Manipur,2023,2,No Alert,0.02,Very Low,XGBoost
Manipur,2023,3,No Alert,0.04,Very Low,XGBoost
Manipur,2023,4,No Alert,0.15,Very Low,XGBoost
Manipur,2023,5,No Alert,0.03,Very Low,XGBoost
Manipur,2023,6,No Alert,0.0,Very Low,XGBoost
Manipur,2023,7,No Alert,0.0,Very Low,XGBoost
Manipur,2023,8,No Alert,0.01,Very Low,XGBoost
Manipur,2023,9,No Alert,0.01,Very Low,XGBoost
Manipur,2023,10,No Alert,0.01,Very Low,XGBoost
Manipur,2023,11,No Alert,0.01,Very Low,XGBoost
Manipur,2023,12,No Alert,0.01,Very Low,XGBoost
Manipur,2024,1,No Alert,0.02,Very Low,XGBoost
Manipur,2024,2,No Alert,0.01,Very Low,XGBoost
Manipur,2024,3,No Alert,0.03,Very Low,XGBoost
Manipur,2024,4,No Alert,0.08,Very Low,XGBoost
Manipur,2024,5,No Alert,0.01,Very Low,XGBoost
Manipur,2024,6,No Alert,0.0,Very Low,XGBoost
Manipur,2024,7,No Alert,0.01,Very Low,XGBoost
Manipur,2024,8,No Alert,0.0,Very Low,XGBoost
Manipur,2024,9,No Alert,0.0,Very Low,XGBoost
Manipur,2024,10,No Alert,0.02,Very Low,XGBoost
Manipur,2024,11,No Alert,0.01,Very Low,XGBoost
Manipur,2024,12,No Alert,0.01,Very Low,XGBoost
Manipur,2025,1,No Alert,0.02,Very Low,XGBoost
Manipur,2025,2,No Alert,0.03,Very Low,XGBoost
Manipur,2025,3,No Alert,0.04,Very Low,XGBoost
Manipur,2025,4,No Alert,0.12,Very Low,XGBoost
Manipur,2025,5,No Alert,0.01,Very Low,XGBoost
Manipur,2025,6,No Alert,0.0,Very Low,XGBoost
Manipur,2025,7,No Alert,0.0,Very Low,XGBoost
Manipur,2025,8,No Alert,0.0,Very Low,XGBoost
Manipur,2025,9,No Alert,0.0,Very Low,XGBoost
Manipur,2025,10,No Alert,0.01,Very Low,XGBoost
Manipur,2025,11,No Alert,0.01,Very Low,XGBoost
Manipur,2025,12,No Alert,0.01,Very Low,XGBoost
Meghalaya,2011,1,No Alert,0.01,Very Low,XGBoost
Meghalaya,2011,2,No Alert,0.01,Very Low,XGBoost
Meghalaya,2011,3,No Alert,0.01,Very Low,XGBoost
Meghalaya,2011,4,No Alert,0.04,Very Low,XGBoost
Meghalaya,2011,5,No Alert,0.0,Very Low,XGBoost
Meghalaya,2011,6,No Alert,0.0,Very Low,XGBoost
Meghalaya,2011,7,No Alert,0.0,Very Low,XGBoost
Meghalaya,2011,8,No Alert,0.01,Very Low,XGBoost
Meghalaya,2011,9,No Alert,0.01,Very Low,XGBoost
Meghalaya,2011,10,No Alert,0.01,Very Low,XGBoost
Meghalaya,2011,11,No Alert,0.01,Very Low,XGBoost
Meghalaya,2011,12,No Alert,0.01,Very Low,XGBoost
Meghalaya,2012,1,No Alert,0.01,Very Low,XGBoost
Meghalaya,2012,2,No Alert,0.01,Very Low,XGBoost
Meghalaya,2012,3,No Alert,0.01,Very Low,XGBoost
Meghalaya,2012,4,No Alert,0.03,Very Low,XGBoost
Meghalaya,2012,5,No Alert,0.01,Very Low,XGBoost
Meghalaya,2012,6,No Alert,0.01,Very Low,XGBoost
Meghalaya,2012,7,No Alert,0.0,Very Low,XGBoost
Meghalaya,2012,8,No Alert,0.01,Very Low,XGBoost
Meghalaya,2012,9,No Alert,0.01,Very Low,XGBoost
Meghalaya,2012,10,No Alert,0.01,Very Low,XGBoost
Meghalaya,2012,11,No Alert,0.01,Very Low,XGBoost
Meghalaya,2012,12,No Alert,0.01,Very Low,XGBoost
Meghalaya,2013,1,No Alert,0.01,Very Low,XGBoost
Meghalaya,2013,2,No Alert,0.01,Very Low,XGBoost
Meghalaya,2013,3,No Alert,0.01,Very Low,XGBoost
Meghalaya,2013,4,No Alert,0.04,Very Low,XGBoost
Meghalaya,2013,5,No Alert,0.0,Very Low,XGBoost
Meghalaya,2013,6,No Alert,0.0,Very Low,XGBoost
Meghalaya,2013,7,No Alert,0.0,Very Low,XGBoost
Meghalaya,2013,8,No Alert,0.01,Very Low,XGBoost
Meghalaya,2013,9,No Alert,0.01,Very Low,XGBoost
Meghalaya,2013,10,No Alert,0.01,Very Low,XGBoost
Meghalaya,2013,11,No Alert,0.01,Very Low,XGBoost
Meghalaya,2013,12,No Alert,0.01,Very Low,XGBoost
Meghalaya,2014,1,No Alert,0.01,Very Low,XGBoost
Meghalaya,2014,2,No Alert,0.01,Very Low,XGBoost
Meghalaya,2014,3,No Alert,0.02,Very Low,XGBoost
Meghalaya,2014,4,No Alert,0.04,Very Low,XGBoost
Meghalaya,2014,5,No Alert,0.01,Very Low,XGBoost
Meghalaya,2014,6,No Alert,0.01,Very Low,XGBoost
Meghalaya,2014,7,No Alert,0.0,Very Low,XGBoost
Meghalaya,2014,8,No Alert,0.01,Very Low,XGBoost
Meghalaya,2014,9,No Alert,0.01,Very Low,XGBoost
Meghalaya,2014,10,No Alert,0.01,Very Low,XGBoost
Meghalaya,2014,11,No Alert,0.01,Very Low,XGBoost
Meghalaya,2014,12,No Alert,0.01,Very Low,XGBoost
Meghalaya,2015,1,No Alert,0.01,Very Low,XGBoost
Meghalaya,2015,2,No Alert,0.01,Very Low,XGBoost
Meghalaya,2015,3,No Alert,0.02,Very Low,XGBoost
Meghalaya,2015,4,No Alert,0.04,Very Low,XGBoost
Meghalaya,2015,5,No Alert,0.01,Very Low,XGBoost
Meghalaya,2015,6,No Alert,0.0,Very Low,XGBoost
Meghalaya,2015,7,No Alert,0.0,Very Low,XGBoost
Meghalaya,2015,8,No Alert,0.01,Very Low,XGBoost
Meghalaya,2015,9,No Alert,0.01,Very Low,XGBoost
Meghalaya,2015,10,No Alert,0.01,Very Low,XGBoost
Meghalaya,2015,11,No Alert,0.01,Very Low,XGBoost
Meghalaya,2015,12,No Alert,0.01,Very Low,XGBoost
Meghalaya,2016,1,No Alert,0.01,Very Low,XGBoost
Meghalaya,2016,2,No Alert,0.01,Very Low,XGBoost
Meghalaya,2016,3,No Alert,0.02,Very Low,XGBoost
Meghalaya,2016,4,No Alert,0.05,Very Low,XGBoost
Meghalaya,2016,5,No Alert,0.01,Very Low,XGBoost
Meghalaya,2016,6,No Alert,0.0,Very Low,XGBoost
Meghalaya,2016,7,No Alert,0.0,Very Low,XGBoost
Meghalaya,2016,8,No Alert,0.01,Very Low,XGBoost
Meghalaya,2016,9,No Alert,0.01,Very Low,XGBoost
Meghalaya,2016,10,No Alert,0.01,Very Low,XGBoost
Meghalaya,2016,11,No Alert,0.01,Very Low,XGBoost
Meghalaya,2016,12,No Alert,0.01,Very Low,XGBoost
Meghalaya,2017,1,No Alert,0.01,Very Low,XGBoost
Meghalaya,2017,2,No Alert,0.01,Very Low,XGBoost
Meghalaya,2017,3,No Alert,0.02,Very Low,XGBoost
Meghalaya,2017,4,No Alert,0.05,Very Low,XGBoost
Meghalaya,2017,5,No Alert,0.01,Very Low,XGBoost
Meghalaya,2017,6,No Alert,0.0,Very Low,XGBoost
Meghalaya,2017,7,No Alert,0.0,Very Low,XGBoost
Meghalaya,2017,8,No Alert,0.01,Very Low,XGBoost
Meghalaya,2017,9,No Alert,0.01,Very Low,XGBoost
Meghalaya,2017,10,No Alert,0.01,Very Low,XGBoost
Meghalaya,2017,11,No Alert,0.01,Very Low,XGBoost
Meghalaya,2017,12,No Alert,0.01,Very Low,XGBoost
Meghalaya,2018,1,No Alert,0.01,Very Low,XGBoost
Meghalaya,2018,2,No Alert,0.01,Very Low,XGBoost
Meghalaya,2018,3,No Alert,0.01,Very Low,XGBoost
Meghalaya,2018,4,No Alert,0.04,Very Low,XGBoost
Meghalaya,2018,5,No Alert,0.01,Very Low,XGBoost
Meghalaya,2018,6,No Alert,0.0,Very Low,XGBoost
Meghalaya,2018,7,No Alert,0.01,Very Low,XGBoost
Meghalaya,2018,8,No Alert,0.01,Very Low,XGBoost
Meghalaya,2018,9,No Alert,0.01,Very Low,XGBoost
Meghalaya,2018,10,No Alert,0.02,Very Low,XGBoost
Meghalaya,2018,11,No Alert,0.01,Very Low,XGBoost
Meghalaya,2018,12,No Alert,0.01,Very Low,XGBoost
Meghalaya,2019,1,No Alert,0.01,Very Low,XGBoost
Meghalaya,2019,2,No Alert,0.01,Very Low,XGBoost
Meghalaya,2019,3,No Alert,0.02,Very Low,XGBoost
Meghalaya,2019,4,No Alert,0.05,Very Low,XGBoost
Meghalaya,2019,5,No Alert,0.01,Very Low,XGBoost
Meghalaya,2019,6,No Alert,0.0,Very Low,XGBoost
Meghalaya,2019,7,No Alert,0.0,Very Low,XGBoost
Meghalaya,2019,8,No Alert,0.01,Very Low,XGBoost
Meghalaya,2019,9,No Alert,0.01,Very Low,XGBoost
Meghalaya,2019,10,No Alert,0.02,Very Low,XGBoost
Meghalaya,2019,11,No Alert,0.01,Very Low,XGBoost
Meghalaya,2019,12,No Alert,0.01,Very Low,XGBoost
Meghalaya,2020,1,No Alert,0.01,Very Low,XGBoost
Meghalaya,2020,2,No Alert,0.01,Very Low,XGBoost
Meghalaya,2020,3,No Alert,0.02,Very Low,XGBoost
Meghalaya,2020,4,No Alert,0.04,Very Low,XGBoost
Meghalaya,2020,5,No Alert,0.01,Very Low,XGBoost
Meghalaya,2020,6,No Alert,0.0,Very Low,XGBoost
Meghalaya,2020,7,No Alert,0.0,Very Low,XGBoost
Meghalaya,2020,8,No Alert,0.01,Very Low,XGBoost
Meghalaya,2020,9,No Alert,0.01,Very Low,XGBoost
Meghalaya,2020,10,No Alert,0.01,Very Low,XGBoost
Meghalaya,2020,11,No Alert,0.01,Very Low,XGBoost
Meghalaya,2020,12,No Alert,0.01,Very Low,XGBoost
Meghalaya,2021,1,No Alert,0.02,Very Low,XGBoost
Meghalaya,2021,2,No Alert,0.01,Very Low,XGBoost
Meghalaya,2021,3,No Alert,0.02,Very Low,XGBoost
Meghalaya,2021,4,No Alert,0.04,Very Low,XGBoost
Meghalaya,2021,5,No Alert,0.01,Very Low,XGBoost
Meghalaya,2021,6,No Alert,0.0,Very Low,XGBoost
Meghalaya,2021,7,No Alert,0.0,Very Low,XGBoost
Meghalaya,2021,8,No Alert,0.01,Very Low,XGBoost
Meghalaya,2021,9,No Alert,0.01,Very Low,XGBoost
Meghalaya,2021,10,No Alert,0.01,Very Low,XGBoost
Meghalaya,2021,11,No Alert,0.01,Very Low,XGBoost
Meghalaya,2021,12,No Alert,0.01,Very Low,XGBoost
Meghalaya,2022,1,No Alert,0.01,Very Low,XGBoost
Meghalaya,2022,2,No Alert,0.01,Very Low,XGBoost
Meghalaya,2022,3,No Alert,0.02,Very Low,XGBoost
Meghalaya,2022,4,No Alert,0.04,Very Low,XGBoost
Meghalaya,2022,5,No Alert,0.0,Very Low,XGBoost
Meghalaya,2022,6,No Alert,0.0,Very Low,XGBoost
Meghalaya,2022,7,No Alert,0.0,Very Low,XGBoost
Meghalaya,2022,8,No Alert,0.01,Very Low,XGBoost
Meghalaya,2022,9,No Alert,0.01,Very Low,XGBoost
Meghalaya,2022,10,No Alert,0.01,Very Low,XGBoost
Meghalaya,2022,11,No Alert,0.01,Very Low,XGBoost
Meghalaya,2022,12,No Alert,0.01,Very Low,XGBoost
Meghalaya,2023,1,No Alert,0.01,Very Low,XGBoost
Meghalaya,2023,2,No Alert,0.01,Very Low,XGBoost
Meghalaya,2023,3,No Alert,0.02,Very Low,XGBoost
Meghalaya,2023,4,No Alert,0.04,Very Low,XGBoost
Meghalaya,2023,5,No Alert,0.01,Very Low,XGBoost
Meghalaya,2023,6,No Alert,0.0,Very Low,XGBoost
Meghalaya,2023,7,No Alert,0.0,Very Low,XGBoost
Meghalaya,2023,8,No Alert,0.01,Very Low,XGBoost
Meghalaya,2023,9,No Alert,0.01,Very Low,XGBoost
Meghalaya,2023,10,No Alert,0.02,Very Low,XGBoost
Meghalaya,2023,11,No Alert,0.01,Very Low,XGBoost
Meghalaya,2023,12,No Alert,0.01,Very Low,XGBoost
Meghalaya,2024,1,No Alert,0.01,Very Low,XGBoost
Meghalaya,2024,2,No Alert,0.01,Very Low,XGBoost
Meghalaya,2024,3,No Alert,0.02,Very Low,XGBoost
Meghalaya,2024,4,No Alert,0.06,Very Low,XGBoost
Meghalaya,2024,5,No Alert,0.01,Very Low,XGBoost
Meghalaya,2024,6,No Alert,0.0,Very Low,XGBoost
Meghalaya,2024,7,No Alert,0.01,Very Low,XGBoost
Meghalaya,2024,8,No Alert,0.01,Very Low,XGBoost
Meghalaya,2024,9,No Alert,0.01,Very Low,XGBoost
Meghalaya,2024,10,No Alert,0.01,Very Low,XGBoost
Meghalaya,2024,11,No Alert,0.02,Very Low,XGBoost
Meghalaya,2024,12,No Alert,0.02,Very Low,XGBoost
Meghalaya,2025,1,No Alert,0.02,Very Low,XGBoost
Meghalaya,2025,2,No Alert,0.02,Very Low,XGBoost
Meghalaya,2025,3,No Alert,0.04,Very Low,XGBoost
Meghalaya,2025,4,No Alert,0.05,Very Low,XGBoost
Meghalaya,2025,5,No Alert,0.01,Very Low,XGBoost
Meghalaya,2025,6,No Alert,0.0,Very Low,XGBoost
Meghalaya,2025,7,No Alert,0.01,Very Low,XGBoost
Meghalaya,2025,8,No Alert,0.01,Very Low,XGBoost
Meghalaya,2025,9,No Alert,0.01,Very Low,XGBoost
Meghalaya,2025,10,No Alert,0.01,Very Low,XGBoost
Meghalaya,2025,11,No Alert,0.02,Very Low,XGBoost
Meghalaya,2025,12,No Alert,0.02,Very Low,XGBoost
Mizoram,2011,1,No Alert,0.01,Very Low,XGBoost
Mizoram,2011,2,No Alert,0.01,Very Low,XGBoost
Mizoram,2011,3,No Alert,0.02,Very Low,XGBoost
Mizoram,2011,4,No Alert,0.04,Very Low,XGBoost
Mizoram,2011,5,No Alert,0.01,Very Low,XGBoost
Mizoram,2011,6,No Alert,0.0,Very Low,XGBoost
Mizoram,2011,7,No Alert,0.01,Very Low,XGBoost
Mizoram,2011,8,No Alert,0.0,Very Low,XGBoost
Mizoram,2011,9,No Alert,0.01,Very Low,XGBoost
Mizoram,2011,10,No Alert,0.01,Very Low,XGBoost
Mizoram,2011,11,No Alert,0.01,Very Low,XGBoost
Mizoram,2011,12,No Alert,0.01,Very Low,XGBoost
Mizoram,2012,1,No Alert,0.01,Very Low,XGBoost
Mizoram,2012,2,No Alert,0.01,Very Low,XGBoost
Mizoram,2012,3,No Alert,0.02,Very Low,XGBoost
Mizoram,2012,4,No Alert,0.04,Very Low,XGBoost
Mizoram,2012,5,No Alert,0.01,Very Low,XGBoost
Mizoram,2012,6,No Alert,0.01,Very Low,XGBoost
Mizoram,2012,7,No Alert,0.01,Very Low,XGBoost
Mizoram,2012,8,No Alert,0.01,Very Low,XGBoost
Mizoram,2012,9,No Alert,0.0,Very Low,XGBoost
Mizoram,2012,10,No Alert,0.01,Very Low,XGBoost
Mizoram,2012,11,No Alert,0.01,Very Low,XGBoost
Mizoram,2012,12,No Alert,0.01,Very Low,XGBoost
Mizoram,2013,1,No Alert,0.01,Very Low,XGBoost
Mizoram,2013,2,No Alert,0.01,Very Low,XGBoost
Mizoram,2013,3,No Alert,0.02,Very Low,XGBoost
Mizoram,2013,4,No Alert,0.04,Very Low,XGBoost
Mizoram,2013,5,No Alert,0.0,Very Low,XGBoost
Mizoram,2013,6,No Alert,0.0,Very Low,XGBoost
Mizoram,2013,7,No Alert,0.01,Very Low,XGBoost
Mizoram,2013,8,No Alert,0.01,Very Low,XGBoost
Mizoram,2013,9,No Alert,0.0,Very Low,XGBoost
Mizoram,2013,10,No Alert,0.01,Very Low,XGBoost
Mizoram,2013,11,No Alert,0.01,Very Low,XGBoost
Mizoram,2013,12,No Alert,0.01,Very Low,XGBoost
Mizoram,2014,1,No Alert,0.01,Very Low,XGBoost
Mizoram,2014,2,No Alert,0.01,Very Low,XGBoost
Mizoram,2014,3,No Alert,0.04,Very Low,XGBoost
Mizoram,2014,4,No Alert,0.16,Very Low,XGBoost
Mizoram,2014,5,No Alert,0.01,Very Low,XGBoost
Mizoram,2014,6,No Alert,0.01,Very Low,XGBoost
Mizoram,2014,7,No Alert,0.0,Very Low,XGBoost
Mizoram,2014,8,No Alert,0.01,Very Low,XGBoost
Mizoram,2014,9,No Alert,0.01,Very Low,XGBoost
Mizoram,2014,10,No Alert,0.01,Very Low,XGBoost
Mizoram,2014,11,No Alert,0.01,Very Low,XGBoost
Mizoram,2014,12,No Alert,0.01,Very Low,XGBoost
Mizoram,2015,1,No Alert,0.01,Very Low,XGBoost
Mizoram,2015,2,No Alert,0.01,Very Low,XGBoost
Mizoram,2015,3,No Alert,0.03,Very Low,XGBoost
Mizoram,2015,4,No Alert,0.04,Very Low,XGBoost
Mizoram,2015,5,No Alert,0.01,Very Low,XGBoost
Mizoram,2015,6,No Alert,0.0,Very Low,XGBoost
Mizoram,2015,7,No Alert,0.0,Very Low,XGBoost
Mizoram,2015,8,No Alert,0.01,Very Low,XGBoost
Mizoram,2015,9,No Alert,0.01,Very Low,XGBoost
Mizoram,2015,10,No Alert,0.01,Very Low,XGBoost
Mizoram,2015,11,No Alert,0.01,Very Low,XGBoost
Mizoram,2015,12,No Alert,0.01,Very Low,XGBoost
Mizoram,2016,1,No Alert,0.01,Very Low,XGBoost
Mizoram,2016,2,No Alert,0.01,Very Low,XGBoost
Mizoram,2016,3,No Alert,0.02,Very Low,XGBoost
Mizoram,2016,4,No Alert,0.07,Very Low,XGBoost
Mizoram,2016,5,No Alert,0.01,Very Low,XGBoost
Mizoram,2016,6,No Alert,0.0,Very Low,XGBoost
Mizoram,2016,7,No Alert,0.0,Very Low,XGBoost
Mizoram,2016,8,No Alert,0.01,Very Low,XGBoost
Mizoram,2016,9,No Alert,0.01,Very Low,XGBoost
Mizoram,2016,10,No Alert,0.01,Very Low,XGBoost
Mizoram,2016,11,No Alert,0.01,Very Low,XGBoost
Mizoram,2016,12,No Alert,0.01,Very Low,XGBoost
Mizoram,2017,1,No Alert,0.01,Very Low,XGBoost
Mizoram,2017,2,No Alert,0.01,Very Low,XGBoost
Mizoram,2017,3,No Alert,0.02,Very Low,XGBoost
Mizoram,2017,4,No Alert,0.05,Very Low,XGBoost
Mizoram,2017,5,No Alert,0.02,Very Low,XGBoost
Mizoram,2017,6,No Alert,0.0,Very Low,XGBoost
Mizoram,2017,7,No Alert,0.0,Very Low,XGBoost
Mizoram,2017,8,No Alert,0.01,Very Low,XGBoost
Mizoram,2017,9,No Alert,0.01,Very Low,XGBoost
Mizoram,2017,10,No Alert,0.01,Very Low,XGBoost
Mizoram,2017,11,No Alert,0.01,Very Low,XGBoost
Mizoram,2017,12,No Alert,0.01,Very Low,XGBoost
Mizoram,2018,1,No Alert,0.01,Very Low,XGBoost
Mizoram,2018,2,No Alert,0.01,Very Low,XGBoost
Mizoram,2018,3,No Alert,0.04,Very Low,XGBoost
Mizoram,2018,4,No Alert,0.05,Very Low,XGBoost
Mizoram,2018,5,No Alert,0.01,Very Low,XGBoost
Mizoram,2018,6,No Alert,0.0,Very Low,XGBoost
Mizoram,2018,7,No Alert,0.0,Very Low,XGBoost
Mizoram,2018,8,No Alert,0.01,Very Low,XGBoost
Mizoram,2018,9,No Alert,0.01,Very Low,XGBoost
Mizoram,2018,10,No Alert,0.01,Very Low,XGBoost
Mizoram,2018,11,No Alert,0.01,Very Low,XGBoost
Mizoram,2018,12,No Alert,0.01,Very Low,XGBoost
Mizoram,2019,1,No Alert,0.01,Very Low,XGBoost
Mizoram,2019,2,No Alert,0.01,Very Low,XGBoost
Mizoram,2019,3,No Alert,0.02,Very Low,XGBoost
Mizoram,2019,4,No Alert,0.07,Very Low,XGBoost
Mizoram,2019,5,No Alert,0.01,Very Low,XGBoost
Mizoram,2019,6,No Alert,0.0,Very Low,XGBoost
Mizoram,2019,7,No Alert,0.01,Very Low,XGBoost
Mizoram,2019,8,No Alert,0.01,Very Low,XGBoost
Mizoram,2019,9,No Alert,0.01,Very Low,XGBoost
Mizoram,2019,10,No Alert,0.01,Very Low,XGBoost
Mizoram,2019,11,No Alert,0.01,Very Low,XGBoost
Mizoram,2019,12,No Alert,0.01,Very Low,XGBoost
Mizoram,2020,1,No Alert,0.01,Very Low,XGBoost
Mizoram,2020,2,No Alert,0.01,Very Low,XGBoost
Mizoram,2020,3,No Alert,0.03,Very Low,XGBoost
Mizoram,2020,4,No Alert,0.04,Very Low,XGBoost
Mizoram,2020,5,No Alert,0.01,Very Low,XGBoost
Mizoram,2020,6,No Alert,0.0,Very Low,XGBoost
Mizoram,2020,7,No Alert,0.0,Very Low,XGBoost
Mizoram,2020,8,No Alert,0.01,Very Low,XGBoost
Mizoram,2020,9,No Alert,0.01,Very Low,XGBoost
Mizoram,2020,10,No Alert,0.01,Very Low,XGBoost
Mizoram,2020,11,No Alert,0.01,Very Low,XGBoost
Mizoram,2020,12,No Alert,0.01,Very Low,XGBoost
Mizoram,2021,1,No Alert,0.01,Very Low,XGBoost
Mizoram,2021,2,No Alert,0.01,Very Low,XGBoost
Mizoram,2021,3,No Alert,0.07,Very Low,XGBoost
Mizoram,2021,4,No Alert,0.3,Very Low,XGBoost
Mizoram,2021,5,No Alert,0.01,Very Low,XGBoost
Mizoram,2021,6,No Alert,0.0,Very Low,XGBoost
Mizoram,2021,7,No Alert,0.0,Very Low,XGBoost
Mizoram,2021,8,No Alert,0.01,Very Low,XGBoost
Mizoram,2021,9,No Alert,0.01,Very Low,XGBoost
Mizoram,2021,10,No Alert,0.01,Very Low,XGBoost
Mizoram,2021,11,No Alert,0.01,Very Low,XGBoost
Mizoram,2021,12,No Alert,0.01,Very Low,XGBoost
Mizoram,2022,1,No Alert,0.01,Very Low,XGBoost
Mizoram,2022,2,No Alert,0.01,Very Low,XGBoost
Mizoram,2022,3,No Alert,0.04,Very Low,XGBoost
Mizoram,2022,4,No Alert,0.06,Very Low,XGBoost
Mizoram,2022,5,No Alert,0.01,Very Low,XGBoost
Mizoram,2022,6,No Alert,0.0,Very Low,XGBoost
Mizoram,2022,7,No Alert,0.0,Very Low,XGBoost
Mizoram,2022,8,No Alert,0.0,Very Low,XGBoost
Mizoram,2022,9,No Alert,0.01,Very Low,XGBoost
Mizoram,2022,10,No Alert,0.01,Very Low,XGBoost
Mizoram,2022,11,No Alert,0.01,Very Low,XGBoost
Mizoram,2022,12,No Alert,0.01,Very Low,XGBoost
Mizoram,2023,1,No Alert,0.01,Very Low,XGBoost
Mizoram,2023,2,No Alert,0.01,Very Low,XGBoost
Mizoram,2023,3,No Alert,0.02,Very Low,XGBoost
Mizoram,2023,4,No Alert,0.13,Very Low,XGBoost
Mizoram,2023,5,No Alert,0.01,Very Low,XGBoost
Mizoram,2023,6,No Alert,0.0,Very Low,XGBoost
Mizoram,2023,7,No Alert,0.0,Very Low,XGBoost
Mizoram,2023,8,No Alert,0.01,Very Low,XGBoost
Mizoram,2023,9,No Alert,0.0,Very Low,XGBoost
Mizoram,2023,10,No Alert,0.01,Very Low,XGBoost
Mizoram,2023,11,No Alert,0.01,Very Low,XGBoost
Mizoram,2023,12,No Alert,0.01,Very Low,XGBoost
Mizoram,2024,1,No Alert,0.01,Very Low,XGBoost
Mizoram,2024,2,No Alert,0.01,Very Low,XGBoost
Mizoram,2024,3,No Alert,0.02,Very Low,XGBoost
Mizoram,2024,4,No Alert,0.04,Very Low,XGBoost
Mizoram,2024,5,No Alert,0.01,Very Low,XGBoost
Mizoram,2024,6,No Alert,0.0,Very Low,XGBoost
Mizoram,2024,7,No Alert,0.01,Very Low,XGBoost
Mizoram,2024,8,No Alert,0.01,Very Low,XGBoost
Mizoram,2024,9,No Alert,0.01,Very Low,XGBoost
Mizoram,2024,10,No Alert,0.01,Very Low,XGBoost
Mizoram,2024,11,No Alert,0.02,Very Low,XGBoost
Mizoram,2024,12,No Alert,0.02,Very Low,XGBoost
Mizoram,2025,1,No Alert,0.02,Very Low,XGBoost
Mizoram,2025,2,No Alert,0.02,Very Low,XGBoost
Mizoram,2025,3,No Alert,0.04,Very Low,XGBoost
Mizoram,2025,4,No Alert,0.05,Very Low,XGBoost
Mizoram,2025,5,No Alert,0.01,Very Low,XGBoost
Mizoram,2025,6,No Alert,0.01,Very Low,XGBoost
Mizoram,2025,7,No Alert,0.01,Very Low,XGBoost
Mizoram,2025,8,No Alert,0.01,Very Low,XGBoost
Mizoram,2025,9,No Alert,0.01,Very Low,XGBoost
Mizoram,2025,10,No Alert,0.01,Very Low,XGBoost
Mizoram,2025,11,No Alert,0.02,Very Low,XGBoost
Mizoram,2025,12,No Alert,0.02,Very Low,XGBoost
Nagaland,2011,1,No Alert,0.01,Very Low,XGBoost
Nagaland,2011,2,No Alert,0.0,Very Low,XGBoost
Nagaland,2011,3,No Alert,0.01,Very Low,XGBoost
Nagaland,2011,4,No Alert,0.04,Very Low,XGBoost
Nagaland,2011,5,No Alert,0.01,Very Low,XGBoost
Nagaland,2011,6,No Alert,0.01,Very Low,XGBoost
Nagaland,2011,7,No Alert,0.01,Very Low,XGBoost
Nagaland,2011,8,No Alert,0.01,Very Low,XGBoost
Nagaland,2011,9,No Alert,0.01,Very Low,XGBoost
Nagaland,2011,10,No Alert,0.01,Very Low,XGBoost
Nagaland,2011,11,No Alert,0.01,Very Low,XGBoost
Nagaland,2011,12,No Alert,0.01,Very Low,XGBoost
Nagaland,2012,1,No Alert,0.01,Very Low,XGBoost
Nagaland,2012,2,No Alert,0.01,Very Low,XGBoost
Nagaland,2012,3,No Alert,0.01,Very Low,XGBoost
Nagaland,2012,4,No Alert,0.04,Very Low,XGBoost
Nagaland,2012,5,No Alert,0.01,Very Low,XGBoost
Nagaland,2012,6,No Alert,0.01,Very Low,XGBoost
Nagaland,2012,7,No Alert,0.01,Very Low,XGBoost
Nagaland,2012,8,No Alert,0.01,Very Low,XGBoost
Nagaland,2012,9,No Alert,0.01,Very Low,XGBoost
Nagaland,2012,10,No Alert,0.01,Very Low,XGBoost
Nagaland,2012,11,No Alert,0.01,Very Low,XGBoost
Nagaland,2012,12,No Alert,0.01,Very Low,XGBoost
Nagaland,2013,1,No Alert,0.01,Very Low,XGBoost
Nagaland,2013,2,No Alert,0.0,Very Low,XGBoost
Nagaland,2013,3,No Alert,0.01,Very Low,XGBoost
Nagaland,2013,4,No Alert,0.05,Very Low,XGBoost
Nagaland,2013,5,No Alert,0.0,Very Low,XGBoost
Nagaland,2013,6,No Alert,0.0,Very Low,XGBoost
Nagaland,2013,7,No Alert,0.01,Very Low,XGBoost
Nagaland,2013,8,No Alert,0.01,Very Low,XGBoost
Nagaland,2013,9,No Alert,0.01,Very Low,XGBoost
Nagaland,2013,10,No Alert,0.01,Very Low,XGBoost
Nagaland,2013,11,No Alert,0.01,Very Low,XGBoost
Nagaland,2013,12,No Alert,0.01,Very Low,XGBoost
Nagaland,2014,1,No Alert,0.01,Very Low,XGBoost
Nagaland,2014,2,No Alert,0.01,Very Low,XGBoost
Nagaland,2014,3,No Alert,0.01,Very Low,XGBoost
Nagaland,2014,4,No Alert,0.05,Very Low,XGBoost
Nagaland,2014,5,No Alert,0.01,Very Low,XGBoost
Nagaland,2014,6,No Alert,0.01,Very Low,XGBoost
Nagaland,2014,7,No Alert,0.0,Very Low,XGBoost
Nagaland,2014,8,No Alert,0.01,Very Low,XGBoost
Nagaland,2014,9,No Alert,0.01,Very Low,XGBoost
Nagaland,2014,10,No Alert,0.01,Very Low,XGBoost
Nagaland,2014,11,No Alert,0.01,Very Low,XGBoost
Nagaland,2014,12,No Alert,0.01,Very Low,XGBoost
Nagaland,2015,1,No Alert,0.01,Very Low,XGBoost
Nagaland,2015,2,No Alert,0.01,Very Low,XGBoost
Nagaland,2015,3,No Alert,0.01,Very Low,XGBoost
Nagaland,2015,4,No Alert,0.03,Very Low,XGBoost
Nagaland,2015,5,No Alert,0.01,Very Low,XGBoost
Nagaland,2015,6,No Alert,0.0,Very Low,XGBoost
Nagaland,2015,7,No Alert,0.01,Very Low,XGBoost
Nagaland,2015,8,No Alert,0.01,Very Low,XGBoost
Nagaland,2015,9,No Alert,0.01,Very Low,XGBoost
Nagaland,2015,10,No Alert,0.01,Very Low,XGBoost
Nagaland,2015,11,No Alert,0.01,Very Low,XGBoost
Nagaland,2015,12,No Alert,0.01,Very Low,XGBoost
Nagaland,2016,1,No Alert,0.01,Very Low,XGBoost
Nagaland,2016,2,No Alert,0.01,Very Low,XGBoost
Nagaland,2016,3,No Alert,0.02,Very Low,XGBoost
Nagaland,2016,4,No Alert,0.05,Very Low,XGBoost
Nagaland,2016,5,No Alert,0.01,Very Low,XGBoost
Nagaland,2016,6,No Alert,0.01,Very Low,XGBoost
Nagaland,2016,7,No Alert,0.0,Very Low,XGBoost
Nagaland,2016,8,No Alert,0.01,Very Low,XGBoost
Nagaland,2016,9,No Alert,0.01,Very Low,XGBoost
Nagaland,2016,10,No Alert,0.01,Very Low,XGBoost
Nagaland,2016,11,No Alert,0.01,Very Low,XGBoost
Nagaland,2016,12,No Alert,0.01,Very Low,XGBoost
Nagaland,2017,1,No Alert,0.01,Very Low,XGBoost
Nagaland,2017,2,No Alert,0.01,Very Low,XGBoost
Nagaland,2017,3,No Alert,0.02,Very Low,XGBoost
Nagaland,2017,4,No Alert,0.05,Very Low,XGBoost
Nagaland,2017,5,No Alert,0.01,Very Low,XGBoost
Nagaland,2017,6,No Alert,0.01,Very Low,XGBoost
Nagaland,2017,7,No Alert,0.0,Very Low,XGBoost
Nagaland,2017,8,No Alert,0.01,Very Low,XGBoost
Nagaland,2017,9,No Alert,0.01,Very Low,XGBoost
Nagaland,2017,10,No Alert,0.01,Very Low,XGBoost
Nagaland,2017,11,No Alert,0.01,Very Low,XGBoost
Nagaland,2017,12,No Alert,0.01,Very Low,XGBoost
Nagaland,2018,1,No Alert,0.01,Very Low,XGBoost
Nagaland,2018,2,No Alert,0.01,Very Low,XGBoost
Nagaland,2018,3,No Alert,0.01,Very Low,XGBoost
Nagaland,2018,4,No Alert,0.04,Very Low,XGBoost
Nagaland,2018,5,No Alert,0.01,Very Low,XGBoost
Nagaland,2018,6,No Alert,0.0,Very Low,XGBoost
Nagaland,2018,7,No Alert,0.01,Very Low,XGBoost
Nagaland,2018,8,No Alert,0.01,Very Low,XGBoost
Nagaland,2018,9,No Alert,0.01,Very Low,XGBoost
Nagaland,2018,10,No Alert,0.01,Very Low,XGBoost
Nagaland,2018,11,No Alert,0.01,Very Low,XGBoost
Nagaland,2018,12,No Alert,0.01,Very Low,XGBoost
Nagaland,2019,1,No Alert,0.01,Very Low,XGBoost
Nagaland,2019,2,No Alert,0.01,Very Low,XGBoost
Nagaland,2019,3,No Alert,0.02,Very Low,XGBoost
Nagaland,2019,4,No Alert,0.05,Very Low,XGBoost
Nagaland,2019,5,No Alert,0.01,Very Low,XGBoost
Nagaland,2019,6,No Alert,0.01,Very Low,XGBoost
Nagaland,2019,7,No Alert,0.01,Very Low,XGBoost
Nagaland,2019,8,No Alert,0.01,Very Low,XGBoost
Nagaland,2019,9,No Alert,0.01,Very Low,XGBoost
Nagaland,2019,10,No Alert,0.01,Very Low,XGBoost
Nagaland,2019,11,No Alert,0.01,Very Low,XGBoost
Nagaland,2019,12,No Alert,0.01,Very Low,XGBoost
Nagaland,2020,1,No Alert,0.01,Very Low,XGBoost
Nagaland,2020,2,No Alert,0.01,Very Low,XGBoost
Nagaland,2020,3,No Alert,0.01,Very Low,XGBoost
Nagaland,2020,4,No Alert,0.05,Very Low,XGBoost
Nagaland,2020,5,No Alert,0.01,Very Low,XGBoost
Nagaland,2020,6,No Alert,0.0,Very Low,XGBoost
Nagaland,2020,7,No Alert,0.0,Very Low,XGBoost
Nagaland,2020,8,No Alert,0.01,Very Low,XGBoost
Nagaland,2020,9,No Alert,0.01,Very Low,XGBoost
Nagaland,2020,10,No Alert,0.01,Very Low,XGBoost
Nagaland,2020,11,No Alert,0.01,Very Low,XGBoost
Nagaland,2020,12,No Alert,0.01,Very Low,XGBoost
Nagaland,2021,1,No Alert,0.01,Very Low,XGBoost
Nagaland,2021,2,No Alert,0.01,Very Low,XGBoost
Nagaland,2021,3,No Alert,0.02,Very Low,XGBoost
Nagaland,2021,4,No Alert,0.05,Very Low,XGBoost
Nagaland,2021,5,No Alert,0.01,Very Low,XGBoost
Nagaland,2021,6,No Alert,0.0,Very Low,XGBoost
Nagaland,2021,7,No Alert,0.01,Very Low,XGBoost
Nagaland,2021,8,No Alert,0.01,Very Low,XGBoost
Nagaland,2021,9,No Alert,0.01,Very Low,XGBoost
Nagaland,2021,10,No Alert,0.01,Very Low,XGBoost
Nagaland,2021,11,No Alert,0.01,Very Low,XGBoost
Nagaland,2021,12,No Alert,0.01,Very Low,XGBoost
Nagaland,2022,1,No Alert,0.01,Very Low,XGBoost
Nagaland,2022,2,No Alert,0.01,Very Low,XGBoost
Nagaland,2022,3,No Alert,0.01,Very Low,XGBoost
Nagaland,2022,4,No Alert,0.05,Very Low,XGBoost
Nagaland,2022,5,No Alert,0.01,Very Low,XGBoost
Nagaland,2022,6,No Alert,0.0,Very Low,XGBoost
Nagaland,2022,7,No Alert,0.0,Very Low,XGBoost
Nagaland,2022,8,No Alert,0.01,Very Low,XGBoost
Nagaland,2022,9,No Alert,0.01,Very Low,XGBoost
Nagaland,2022,10,No Alert,0.01,Very Low,XGBoost
Nagaland,2022,11,No Alert,0.01,Very Low,XGBoost
Nagaland,2022,12,No Alert,0.01,Very Low,XGBoost
Nagaland,2023,1,No Alert,0.01,Very Low,XGBoost
Nagaland,2023,2,No Alert,0.01,Very Low,XGBoost
Nagaland,2023,3,No Alert,0.01,Very Low,XGBoost
Nagaland,2023,4,No Alert,0.05,Very Low,XGBoost
Nagaland,2023,5,No Alert,0.01,Very Low,XGBoost
Nagaland,2023,6,No Alert,0.0,Very Low,XGBoost
Nagaland,2023,7,No Alert,0.0,Very Low,XGBoost
Nagaland,2023,8,No Alert,0.01,Very Low,XGBoost
Nagaland,2023,9,No Alert,0.01,Very Low,XGBoost
Nagaland,2023,10,No Alert,0.01,Very Low,XGBoost
Nagaland,2023,11,No Alert,0.01,Very Low,XGBoost
Nagaland,2023,12,No Alert,0.01,Very Low,XGBoost
Nagaland,2024,1,No Alert,0.01,Very Low,XGBoost
Nagaland,2024,2,No Alert,0.02,Very Low,XGBoost
Nagaland,2024,3,No Alert,0.02,Very Low,XGBoost
Nagaland,2024,4,No Alert,0.05,Very Low,XGBoost
Nagaland,2024,5,No Alert,0.01,Very Low,XGBoost
Nagaland,2024,6,No Alert,0.0,Very Low,XGBoost
Nagaland,2024,7,No Alert,0.0,Very Low,XGBoost
Nagaland,2024,8,No Alert,0.01,Very Low,XGBoost
Nagaland,2024,9,No Alert,0.01,Very Low,XGBoost
Nagaland,2024,10,No Alert,0.01,Very Low,XGBoost
Nagaland,2024,11,No Alert,0.02,Very Low,XGBoost
Nagaland,2024,12,No Alert,0.03,Very Low,XGBoost
Nagaland,2025,1,No Alert,0.02,Very Low,XGBoost
Nagaland,2025,2,No Alert,0.02,Very Low,XGBoost
Nagaland,2025,3,No Alert,0.02,Very Low,XGBoost
Nagaland,2025,4,No Alert,0.06,Very Low,XGBoost
Nagaland,2025,5,No Alert,0.01,Very Low,XGBoost
Nagaland,2025,6,No Alert,0.0,Very Low,XGBoost
Nagaland,2025,7,No Alert,0.0,Very Low,XGBoost
Nagaland,2025,8,No Alert,0.01,Very Low,XGBoost
Nagaland,2025,9,No Alert,0.01,Very Low,XGBoost
Nagaland,2025,10,No Alert,0.01,Very Low,XGBoost
Nagaland,2025,11,No Alert,0.01,Very Low,XGBoost
Nagaland,2025,12,No Alert,0.02,Very Low,XGBoost
Odisha,2011,1,No Alert,0.01,Very Low,XGBoost
Odisha,2011,2,No Alert,0.01,Very Low,XGBoost
Odisha,2011,3,No Alert,0.02,Very Low,XGBoost
Odisha,2011,4,No Alert,0.02,Very Low,XGBoost
Odisha,2011,5,No Alert,2.19,Very Low,XGBoost
Odisha,2011,6,No Alert,0.03,Very Low,XGBoost
Odisha,2011,7,No Alert,0.02,Very Low,XGBoost
Odisha,2011,8,No Alert,0.03,Very Low,XGBoost
Odisha,2011,9,No Alert,0.03,Very Low,XGBoost
Odisha,2011,10,No Alert,0.02,Very Low,XGBoost
Odisha,2011,11,No Alert,0.01,Very Low,XGBoost
Odisha,2011,12,No Alert,0.01,Very Low,XGBoost
Odisha,2012,1,No Alert,0.01,Very Low,XGBoost
Odisha,2012,2,No Alert,0.01,Very Low,XGBoost
Odisha,2012,3,Alert,97.63,High,XGBoost
Odisha,2012,4,Alert,59.09,Moderate,XGBoost
Odisha,2012,5,Alert,99.57,High,XGBoost
Odisha,2012,6,Alert,99.96,High,XGBoost
Odisha,2012,7,No Alert,0.06,Very Low,XGBoost
Odisha,2012,8,No Alert,0.05,Very Low,XGBoost
Odisha,2012,9,No Alert,0.03,Very Low,XGBoost
Odisha,2012,10,No Alert,0.02,Very Low,XGBoost
Odisha,2012,11,No Alert,0.01,Very Low,XGBoost
Odisha,2012,12,No Alert,0.01,Very Low,XGBoost
Odisha,2013,1,No Alert,0.01,Very Low,XGBoost
Odisha,2013,2,No Alert,0.01,Very Low,XGBoost
Odisha,2013,3,No Alert,0.02,Very Low,XGBoost
Odisha,2013,4,Alert,58.31,Moderate,XGBoost
Odisha,2013,5,Alert,99.68,High,XGBoost
Odisha,2013,6,No Alert,0.02,Very Low,XGBoost
Odisha,2013,7,No Alert,0.04,Very Low,XGBoost
Odisha,2013,8,No Alert,0.04,Very Low,XGBoost
Odisha,2013,9,No Alert,0.03,Very Low,XGBoost
Odisha,2013,10,No Alert,0.01,Very Low,XGBoost
Odisha,2013,11,No Alert,0.01,Very Low,XGBoost
Odisha,2013,12,No Alert,0.02,Very Low,XGBoost
Odisha,2014,1,No Alert,0.01,Very Low,XGBoost
Odisha,2014,2,No Alert,0.01,Very Low,XGBoost
Odisha,2014,3,Alert,98.98,High,XGBoost
Odisha,2014,4,Alert,99.66,High,XGBoost
Odisha,2014,5,Alert,99.79,High,XGBoost
Odisha,2014,6,Alert,99.78,High,XGBoost
Odisha,2014,7,No Alert,0.04,Very Low,XGBoost
Odisha,2014,8,No Alert,0.03,Very Low,XGBoost
Odisha,2014,9,No Alert,0.03,Very Low,XGBoost
Odisha,2014,10,No Alert,0.01,Very Low,XGBoost
Odisha,2014,11,No Alert,0.02,Very Low,XGBoost
Odisha,2014,12,No Alert,0.02,Very Low,XGBoost
Odisha,2015,1,No Alert,0.01,Very Low,XGBoost
Odisha,2015,2,No Alert,0.02,Very Low,XGBoost
Odisha,2015,3,No Alert,0.03,Very Low,XGBoost
Odisha,2015,4,Alert,71.29,Moderate,XGBoost
Odisha,2015,5,Alert,98.79,High,XGBoost
Odisha,2015,6,Alert,99.3,High,XGBoost
Odisha,2015,7,No Alert,0.05,Very Low,XGBoost
Odisha,2015,8,No Alert,0.06,Very Low,XGBoost
Odisha,2015,9,No Alert,0.04,Very Low,XGBoost
Odisha,2015,10,No Alert,0.01,Very Low,XGBoost
Odisha,2015,11,No Alert,0.01,Very Low,XGBoost
Odisha,2015,12,No Alert,0.02,Very Low,XGBoost
Odisha,2016,1,No Alert,0.02,Very Low,XGBoost
Odisha,2016,2,No Alert,0.01,Very Low,XGBoost
Odisha,2016,3,No Alert,0.02,Very Low,XGBoost
Odisha,2016,4,Alert,99.91,High,XGBoost
Odisha,2016,5,Alert,68.53,Moderate,XGBoost
Odisha,2016,6,No Alert,0.03,Very Low,XGBoost
Odisha,2016,7,No Alert,0.03,Very Low,XGBoost
Odisha,2016,8,No Alert,0.04,Very Low,XGBoost
Odisha,2016,9,No Alert,0.02,Very Low,XGBoost
Odisha,2016,10,No Alert,0.01,Very Low,XGBoost
Odisha,2016,11,No Alert,0.02,Very Low,XGBoost
Odisha,2016,12,No Alert,0.03,Very Low,XGBoost
Odisha,2017,1,No Alert,0.02,Very Low,XGBoost
Odisha,2017,2,No Alert,0.04,Very Low,XGBoost
Odisha,2017,3,Alert,99.85,High,XGBoost
Odisha,2017,4,Alert,99.64,High,XGBoost
Odisha,2017,5,No Alert,13.27,Very Low,XGBoost
Odisha,2017,6,Alert,99.56,High,XGBoost
Odisha,2017,7,No Alert,0.03,Very Low,XGBoost
Odisha,2017,8,No Alert,0.07,Very Low,XGBoost
Odisha,2017,9,No Alert,0.04,Very Low,XGBoost
Odisha,2017,10,No Alert,0.01,Very Low,XGBoost
Odisha,2017,11,No Alert,0.02,Very Low,XGBoost
Odisha,2017,12,No Alert,0.02,Very Low,XGBoost
Odisha,2018,1,No Alert,0.02,Very Low,XGBoost
Odisha,2018,2,No Alert,0.03,Very Low,XGBoost
Odisha,2018,3,No Alert,0.02,Very Low,XGBoost
Odisha,2018,4,No Alert,0.01,Very Low,XGBoost
Odisha,2018,5,No Alert,16.49,Very Low,XGBoost
Odisha,2018,6,No Alert,0.12,Very Low,XGBoost
Odisha,2018,7,No Alert,0.08,Very Low,XGBoost
Odisha,2018,8,No Alert,0.07,Very Low,XGBoost
Odisha,2018,9,No Alert,0.02,Very Low,XGBoost
Odisha,2018,10,No Alert,0.01,Very Low,XGBoost
Odisha,2018,11,No Alert,0.01,Very Low,XGBoost
Odisha,2018,12,No Alert,0.02,Very Low,XGBoost
Odisha,2019,1,No Alert,0.02,Very Low,XGBoost
Odisha,2019,2,No Alert,0.01,Very Low,XGBoost
Odisha,2019,3,No Alert,0.01,Very Low,XGBoost
Odisha,2019,4,No Alert,43.4,Low,XGBoost
Odisha,2019,5,No Alert,1.71,Very Low,XGBoost
Odisha,2019,6,Alert,96.41,High,XGBoost
Odisha,2019,7,No Alert,0.03,Very Low,XGBoost
Odisha,2019,8,No Alert,0.06,Very Low,XGBoost
Odisha,2019,9,No Alert,0.02,Very Low,XGBoost
Odisha,2019,10,No Alert,0.01,Very Low,XGBoost
Odisha,2019,11,No Alert,0.02,Very Low,XGBoost
Odisha,2019,12,No Alert,0.01,Very Low,XGBoost
Odisha,2020,1,No Alert,0.01,Very Low,XGBoost
Odisha,2020,2,No Alert,0.01,Very Low,XGBoost
Odisha,2020,3,No Alert,0.02,Very Low,XGBoost
Odisha,2020,4,No Alert,0.04,Very Low,XGBoost
Odisha,2020,5,No Alert,14.84,Very Low,XGBoost
Odisha,2020,6,No Alert,0.03,Very Low,XGBoost
Odisha,2020,7,No Alert,0.03,Very Low,XGBoost
Odisha,2020,8,No Alert,0.07,Very Low,XGBoost
Odisha,2020,9,No Alert,0.05,Very Low,XGBoost
Odisha,2020,10,No Alert,0.01,Very Low,XGBoost
Odisha,2020,11,No Alert,0.02,Very Low,XGBoost
Odisha,2020,12,No Alert,0.03,Very Low,XGBoost
Odisha,2021,1,No Alert,0.02,Very Low,XGBoost
Odisha,2021,2,No Alert,0.03,Very Low,XGBoost
Odisha,2021,3,Alert,96.92,High,XGBoost
Odisha,2021,4,No Alert,0.05,Very Low,XGBoost
Odisha,2021,5,No Alert,0.02,Very Low,XGBoost
Odisha,2021,6,No Alert,0.02,Very Low,XGBoost
Odisha,2021,7,No Alert,0.02,Very Low,XGBoost
Odisha,2021,8,No Alert,0.03,Very Low,XGBoost
Odisha,2021,9,No Alert,0.03,Very Low,XGBoost
Odisha,2021,10,No Alert,0.01,Very Low,XGBoost
Odisha,2021,11,No Alert,0.01,Very Low,XGBoost
Odisha,2021,12,No Alert,0.01,Very Low,XGBoost
Odisha,2022,1,No Alert,0.01,Very Low,XGBoost
Odisha,2022,2,No Alert,0.01,Very Low,XGBoost
Odisha,2022,3,No Alert,0.02,Very Low,XGBoost
Odisha,2022,4,Alert,78.36,Moderate,XGBoost
Odisha,2022,5,No Alert,6.66,Very Low,XGBoost
Odisha,2022,6,No Alert,23.75,Low,XGBoost
Odisha,2022,7,No Alert,0.02,Very Low,XGBoost
Odisha,2022,8,No Alert,0.05,Very Low,XGBoost
Odisha,2022,9,No Alert,0.02,Very Low,XGBoost
Odisha,2022,10,No Alert,0.01,Very Low,XGBoost
Odisha,2022,11,No Alert,0.04,Very Low,XGBoost
Odisha,2022,12,No Alert,0.02,Very Low,XGBoost
Odisha,2023,1,No Alert,0.02,Very Low,XGBoost
Odisha,2023,2,No Alert,0.03,Very Low,XGBoost
Odisha,2023,3,No Alert,0.02,Very Low,XGBoost
Odisha,2023,4,Alert,91.77,High,XGBoost
Odisha,2023,5,No Alert,0.02,Very Low,XGBoost
Odisha,2023,6,Alert,58.27,Moderate,XGBoost
Odisha,2023,7,No Alert,0.02,Very Low,XGBoost
Odisha,2023,8,No Alert,0.05,Very Low,XGBoost
Odisha,2023,9,No Alert,0.03,Very Low,XGBoost
Odisha,2023,10,No Alert,0.01,Very Low,XGBoost
Odisha,2023,11,No Alert,0.02,Very Low,XGBoost
Odisha,2023,12,No Alert,0.02,Very Low,XGBoost
Odisha,2024,1,No Alert,0.01,Very Low,XGBoost
Odisha,2024,2,No Alert,0.01,Very Low,XGBoost
Odisha,2024,3,No Alert,0.02,Very Low,XGBoost
Odisha,2024,4,Alert,72.82,Moderate,XGBoost
Odisha,2024,5,No Alert,0.04,Very Low,XGBoost
Odisha,2024,6,No Alert,0.1,Very Low,XGBoost
Odisha,2024,7,No Alert,0.03,Very Low,XGBoost
Odisha,2024,8,No Alert,0.02,Very Low,XGBoost
Odisha,2024,9,No Alert,0.01,Very Low,XGBoost
Odisha,2024,10,No Alert,0.01,Very Low,XGBoost
Odisha,2024,11,No Alert,0.01,Very Low,XGBoost
Odisha,2024,12,No Alert,0.01,Very Low,XGBoost
Odisha,2025,1,No Alert,0.01,Very Low,XGBoost
Odisha,2025,2,No Alert,0.01,Very Low,XGBoost
Odisha,2025,3,Alert,95.7,High,XGBoost
Odisha,2025,4,No Alert,0.05,Very Low,XGBoost
Odisha,2025,5,No Alert,0.02,Very Low,XGBoost
Odisha,2025,6,No Alert,0.02,Very Low,XGBoost
Odisha,2025,7,No Alert,0.04,Very Low,XGBoost
Odisha,2025,8,No Alert,0.02,Very Low,XGBoost
Odisha,2025,9,No Alert,0.01,Very Low,XGBoost
Odisha,2025,10,No Alert,0.01,Very Low,XGBoost
Odisha,2025,11,No Alert,0.01,Very Low,XGBoost
Odisha,2025,12,No Alert,0.02,Very Low,XGBoost
Puducherry,2011,1,No Alert,0.0,Very Low,XGBoost
Puducherry,2011,2,No Alert,0.0,Very Low,XGBoost
Puducherry,2011,3,No Alert,0.0,Very Low,XGBoost
Puducherry,2011,4,No Alert,0.01,Very Low,XGBoost
Puducherry,2011,5,No Alert,0.01,Very Low,XGBoost
Puducherry,2011,6,No Alert,0.02,Very Low,XGBoost
Puducherry,2011,7,No Alert,0.07,Very Low,XGBoost
Puducherry,2011,8,No Alert,0.02,Very Low,XGBoost
Puducherry,2011,9,No Alert,0.02,Very Low,XGBoost
Puducherry,2011,10,No Alert,0.0,Very Low,XGBoost
Puducherry,2011,11,No Alert,0.01,Very Low,XGBoost
Puducherry,2011,12,No Alert,0.01,Very Low,XGBoost
Puducherry,2012,1,No Alert,0.0,Very Low,XGBoost
Puducherry,2012,2,No Alert,0.0,Very Low,XGBoost
Puducherry,2012,3,No Alert,0.01,Very Low,XGBoost
Puducherry,2012,4,No Alert,0.01,Very Low,XGBoost
Puducherry,2012,5,No Alert,0.01,Very Low,XGBoost
Puducherry,2012,6,No Alert,0.02,Very Low,XGBoost
Puducherry,2012,7,No Alert,0.04,Very Low,XGBoost
Puducherry,2012,8,No Alert,0.04,Very Low,XGBoost
Puducherry,2012,9,No Alert,0.02,Very Low,XGBoost
Puducherry,2012,10,No Alert,0.01,Very Low,XGBoost
Puducherry,2012,11,No Alert,0.01,Very Low,XGBoost
Puducherry,2012,12,No Alert,0.01,Very Low,XGBoost
Puducherry,2013,1,No Alert,0.0,Very Low,XGBoost
Puducherry,2013,2,No Alert,0.0,Very Low,XGBoost
Puducherry,2013,3,No Alert,0.0,Very Low,XGBoost
Puducherry,2013,4,No Alert,0.02,Very Low,XGBoost
Puducherry,2013,5,No Alert,0.02,Very Low,XGBoost
Puducherry,2013,6,No Alert,0.05,Very Low,XGBoost
Puducherry,2013,7,No Alert,0.07,Very Low,XGBoost
Puducherry,2013,8,No Alert,0.03,Very Low,XGBoost
Puducherry,2013,9,No Alert,0.02,Very Low,XGBoost
Puducherry,2013,10,No Alert,0.01,Very Low,XGBoost
Puducherry,2013,11,No Alert,0.01,Very Low,XGBoost
Puducherry,2013,12,No Alert,0.01,Very Low,XGBoost
Puducherry,2014,1,No Alert,0.0,Very Low,XGBoost
Puducherry,2014,2,No Alert,0.0,Very Low,XGBoost
Puducherry,2014,3,No Alert,0.01,Very Low,XGBoost
Puducherry,2014,4,No Alert,0.02,Very Low,XGBoost
Puducherry,2014,5,No Alert,0.01,Very Low,XGBoost
Puducherry,2014,6,No Alert,0.03,Very Low,XGBoost
Puducherry,2014,7,No Alert,0.11,Very Low,XGBoost
Puducherry,2014,8,No Alert,0.04,Very Low,XGBoost
Puducherry,2014,9,No Alert,0.04,Very Low,XGBoost
Puducherry,2014,10,No Alert,0.01,Very Low,XGBoost
Puducherry,2014,11,No Alert,0.01,Very Low,XGBoost
Puducherry,2014,12,No Alert,0.01,Very Low,XGBoost
Puducherry,2015,1,No Alert,0.0,Very Low,XGBoost
Puducherry,2015,2,No Alert,0.0,Very Low,XGBoost
Puducherry,2015,3,No Alert,0.01,Very Low,XGBoost
Puducherry,2015,4,No Alert,0.02,Very Low,XGBoost
Puducherry,2015,5,No Alert,0.03,Very Low,XGBoost
Puducherry,2015,6,No Alert,0.02,Very Low,XGBoost
Puducherry,2015,7,No Alert,0.02,Very Low,XGBoost
Puducherry,2015,8,No Alert,0.03,Very Low,XGBoost
Puducherry,2015,9,No Alert,0.03,Very Low,XGBoost
Puducherry,2015,10,No Alert,0.01,Very Low,XGBoost
Puducherry,2015,11,No Alert,0.01,Very Low,XGBoost
Puducherry,2015,12,No Alert,0.01,Very Low,XGBoost
Puducherry,2016,1,No Alert,0.01,Very Low,XGBoost
Puducherry,2016,2,No Alert,0.01,Very Low,XGBoost
Puducherry,2016,3,No Alert,0.02,Very Low,XGBoost
Puducherry,2016,4,No Alert,0.11,Very Low,XGBoost
Puducherry,2016,5,No Alert,0.07,Very Low,XGBoost
Puducherry,2016,6,No Alert,0.04,Very Low,XGBoost
Puducherry,2016,7,No Alert,0.02,Very Low,XGBoost
Puducherry,2016,8,No Alert,0.04,Very Low,XGBoost
Puducherry,2016,9,No Alert,0.04,Very Low,XGBoost
Puducherry,2016,10,No Alert,0.01,Very Low,XGBoost
Puducherry,2016,11,No Alert,0.02,Very Low,XGBoost
Puducherry,2016,12,No Alert,0.01,Very Low,XGBoost
Puducherry,2017,1,No Alert,0.01,Very Low,XGBoost
Puducherry,2017,2,No Alert,0.01,Very Low,XGBoost
Puducherry,2017,3,No Alert,0.01,Very Low,XGBoost
Puducherry,2017,4,No Alert,0.1,Very Low,XGBoost
Puducherry,2017,5,No Alert,0.05,Very Low,XGBoost
Puducherry,2017,6,No Alert,0.03,Very Low,XGBoost
Puducherry,2017,7,No Alert,0.06,Very Low,XGBoost
Puducherry,2017,8,No Alert,0.05,Very Low,XGBoost
Puducherry,2017,9,No Alert,0.02,Very Low,XGBoost
Puducherry,2017,10,No Alert,0.02,Very Low,XGBoost
Puducherry,2017,11,No Alert,0.01,Very Low,XGBoost
Puducherry,2017,12,No Alert,0.01,Very Low,XGBoost
Puducherry,2018,1,No Alert,0.0,Very Low,XGBoost
Puducherry,2018,2,No Alert,0.01,Very Low,XGBoost
Puducherry,2018,3,No Alert,0.01,Very Low,XGBoost
Puducherry,2018,4,No Alert,0.04,Very Low,XGBoost
Puducherry,2018,5,No Alert,0.02,Very Low,XGBoost
Puducherry,2018,6,No Alert,0.03,Very Low,XGBoost
Puducherry,2018,7,No Alert,0.08,Very Low,XGBoost
Puducherry,2018,8,No Alert,0.1,Very Low,XGBoost
Puducherry,2018,9,No Alert,0.02,Very Low,XGBoost
Puducherry,2018,10,No Alert,0.01,Very Low,XGBoost
Puducherry,2018,11,No Alert,0.02,Very Low,XGBoost
Puducherry,2018,12,No Alert,0.02,Very Low,XGBoost
Puducherry,2019,1,No Alert,0.0,Very Low,XGBoost
Puducherry,2019,2,No Alert,0.01,Very Low,XGBoost
Puducherry,2019,3,No Alert,0.01,Very Low,XGBoost
Puducherry,2019,4,No Alert,0.06,Very Low,XGBoost
Puducherry,2019,5,No Alert,0.03,Very Low,XGBoost
Puducherry,2019,6,No Alert,0.02,Very Low,XGBoost
Puducherry,2019,7,No Alert,0.03,Very Low,XGBoost
Puducherry,2019,8,No Alert,0.03,Very Low,XGBoost
Puducherry,2019,9,No Alert,0.02,Very Low,XGBoost
Puducherry,2019,10,No Alert,0.01,Very Low,XGBoost
Puducherry,2019,11,No Alert,0.01,Very Low,XGBoost
Puducherry,2019,12,No Alert,0.02,Very Low,XGBoost
Puducherry,2020,1,No Alert,0.01,Very Low,XGBoost
Puducherry,2020,2,No Alert,0.01,Very Low,XGBoost
Puducherry,2020,3,No Alert,0.01,Very Low,XGBoost
Puducherry,2020,4,No Alert,0.03,Very Low,XGBoost
Puducherry,2020,5,No Alert,0.01,Very Low,XGBoost
Puducherry,2020,6,No Alert,0.03,Very Low,XGBoost
Puducherry,2020,7,No Alert,0.01,Very Low,XGBoost
Puducherry,2020,8,No Alert,0.03,Very Low,XGBoost
Puducherry,2020,9,No Alert,0.02,Very Low,XGBoost
Puducherry,2020,10,No Alert,0.02,Very Low,XGBoost
Puducherry,2020,11,No Alert,0.01,Very Low,XGBoost
Puducherry,2020,12,No Alert,0.01,Very Low,XGBoost
Puducherry,2021,1,No Alert,0.01,Very Low,XGBoost
Puducherry,2021,2,No Alert,0.0,Very Low,XGBoost
Puducherry,2021,3,No Alert,0.01,Very Low,XGBoost
Puducherry,2021,4,No Alert,0.04,Very Low,XGBoost
Puducherry,2021,5,No Alert,0.02,Very Low,XGBoost
Puducherry,2021,6,No Alert,0.01,Very Low,XGBoost
Puducherry,2021,7,No Alert,0.01,Very Low,XGBoost
Puducherry,2021,8,No Alert,0.02,Very Low,XGBoost
Puducherry,2021,9,No Alert,0.02,Very Low,XGBoost
Puducherry,2021,10,No Alert,0.01,Very Low,XGBoost
Puducherry,2021,11,No Alert,0.01,Very Low,XGBoost
Puducherry,2021,12,No Alert,0.02,Very Low,XGBoost
Puducherry,2022,1,No Alert,0.01,Very Low,XGBoost
Puducherry,2022,2,No Alert,0.01,Very Low,XGBoost
Puducherry,2022,3,No Alert,0.01,Very Low,XGBoost
Puducherry,2022,4,No Alert,0.03,Very Low,XGBoost
Puducherry,2022,5,No Alert,0.04,Very Low,XGBoost
Puducherry,2022,6,No Alert,0.01,Very Low,XGBoost
Puducherry,2022,7,No Alert,0.01,Very Low,XGBoost
Puducherry,2022,8,No Alert,0.02,Very Low,XGBoost
Puducherry,2022,9,No Alert,0.02,Very Low,XGBoost
Puducherry,2022,10,No Alert,0.01,Very Low,XGBoost
Puducherry,2022,11,No Alert,0.02,Very Low,XGBoost
Puducherry,2022,12,No Alert,0.02,Very Low,XGBoost
Puducherry,2023,1,No Alert,0.01,Very Low,XGBoost
Puducherry,2023,2,No Alert,0.0,Very Low,XGBoost
Puducherry,2023,3,No Alert,0.01,Very Low,XGBoost
Puducherry,2023,4,No Alert,0.02,Very Low,XGBoost
Puducherry,2023,5,No Alert,0.02,Very Low,XGBoost
Puducherry,2023,6,No Alert,0.02,Very Low,XGBoost
Puducherry,2023,7,No Alert,0.02,Very Low,XGBoost
Puducherry,2023,8,No Alert,0.02,Very Low,XGBoost
Puducherry,2023,9,No Alert,0.02,Very Low,XGBoost
Puducherry,2023,10,No Alert,0.01,Very Low,XGBoost
Puducherry,2023,11,No Alert,0.01,Very Low,XGBoost
Puducherry,2023,12,No Alert,0.02,Very Low,XGBoost
Puducherry,2024,1,No Alert,0.01,Very Low,XGBoost
Puducherry,2024,2,No Alert,0.01,Very Low,XGBoost
Puducherry,2024,3,No Alert,0.01,Very Low,XGBoost
Puducherry,2024,4,No Alert,0.05,Very Low,XGBoost
Puducherry,2024,5,No Alert,0.03,Very Low,XGBoost
Puducherry,2024,6,No Alert,0.0,Very Low,XGBoost
Puducherry,2024,7,No Alert,0.01,Very Low,XGBoost
Puducherry,2024,8,No Alert,0.01,Very Low,XGBoost
Puducherry,2024,9,No Alert,0.01,Very Low,XGBoost
Puducherry,2024,10,No Alert,0.01,Very Low,XGBoost
Puducherry,2024,11,No Alert,0.01,Very Low,XGBoost
Puducherry,2024,12,No Alert,0.01,Very Low,XGBoost
Puducherry,2025,1,No Alert,0.0,Very Low,XGBoost
Puducherry,2025,2,No Alert,0.01,Very Low,XGBoost
Puducherry,2025,3,No Alert,0.01,Very Low,XGBoost
Puducherry,2025,4,No Alert,0.01,Very Low,XGBoost
Puducherry,2025,5,No Alert,0.02,Very Low,XGBoost
Puducherry,2025,6,No Alert,0.0,Very Low,XGBoost
Puducherry,2025,7,No Alert,0.01,Very Low,XGBoost
Puducherry,2025,8,No Alert,0.01,Very Low,XGBoost
Puducherry,2025,9,No Alert,0.01,Very Low,XGBoost
Puducherry,2025,10,No Alert,0.01,Very Low,XGBoost
Puducherry,2025,11,No Alert,0.01,Very Low,XGBoost
Puducherry,2025,12,No Alert,0.01,Very Low,XGBoost
Punjab,2011,1,No Alert,0.02,Very Low,XGBoost
Punjab,2011,2,No Alert,0.01,Very Low,XGBoost
Punjab,2011,3,No Alert,0.02,Very Low,XGBoost
Punjab,2011,4,Alert,99.92,High,XGBoost
Punjab,2011,5,Alert,99.64,High,XGBoost
Punjab,2011,6,No Alert,1.73,Very Low,XGBoost
Punjab,2011,7,No Alert,0.09,Very Low,XGBoost
Punjab,2011,8,No Alert,0.05,Very Low,XGBoost
Punjab,2011,9,No Alert,0.02,Very Low,XGBoost
Punjab,2011,10,No Alert,0.02,Very Low,XGBoost
Punjab,2011,11,No Alert,0.02,Very Low,XGBoost
Punjab,2011,12,No Alert,0.01,Very Low,XGBoost
Punjab,2012,1,No Alert,0.01,Very Low,XGBoost
Punjab,2012,2,No Alert,0.02,Very Low,XGBoost
Punjab,2012,3,No Alert,0.03,Very Low,XGBoost
Punjab,2012,4,No Alert,0.11,Very Low,XGBoost
Punjab,2012,5,Alert,99.99,High,XGBoost
Punjab,2012,6,Alert,99.07,High,XGBoost
Punjab,2012,7,Alert,99.85,High,XGBoost
Punjab,2012,8,No Alert,0.05,Very Low,XGBoost
Punjab,2012,9,No Alert,0.02,Very Low,XGBoost
Punjab,2012,10,No Alert,0.02,Very Low,XGBoost
Punjab,2012,11,No Alert,0.02,Very Low,XGBoost
Punjab,2012,12,No Alert,0.02,Very Low,XGBoost
Punjab,2013,1,No Alert,0.02,Very Low,XGBoost
Punjab,2013,2,No Alert,0.01,Very Low,XGBoost
Punjab,2013,3,No Alert,0.04,Very Low,XGBoost
Punjab,2013,4,No Alert,0.19,Very Low,XGBoost
Punjab,2013,5,Alert,99.99,High,XGBoost
Punjab,2013,6,Alert,99.99,High,XGBoost
Punjab,2013,7,No Alert,0.06,Very Low,XGBoost
Punjab,2013,8,No Alert,0.05,Very Low,XGBoost
Punjab,2013,9,No Alert,0.01,Very Low,XGBoost
Punjab,2013,10,No Alert,0.01,Very Low,XGBoost
Punjab,2013,11,No Alert,0.02,Very Low,XGBoost
Punjab,2013,12,No Alert,0.02,Very Low,XGBoost
Punjab,2014,1,No Alert,0.01,Very Low,XGBoost
Punjab,2014,2,No Alert,0.01,Very Low,XGBoost
Punjab,2014,3,No Alert,0.02,Very Low,XGBoost
Punjab,2014,4,Alert,99.99,High,XGBoost
Punjab,2014,5,Alert,99.86,High,XGBoost
Punjab,2014,6,Alert,99.91,High,XGBoost
Punjab,2014,7,No Alert,0.23,Very Low,XGBoost
Punjab,2014,8,No Alert,0.41,Very Low,XGBoost
Punjab,2014,9,No Alert,0.02,Very Low,XGBoost
Punjab,2014,10,No Alert,0.02,Very Low,XGBoost
Punjab,2014,11,No Alert,0.03,Very Low,XGBoost
Punjab,2014,12,No Alert,0.03,Very Low,XGBoost
Punjab,2015,1,No Alert,0.02,Very Low,XGBoost
Punjab,2015,2,No Alert,0.01,Very Low,XGBoost
Punjab,2015,3,No Alert,0.02,Very Low,XGBoost
Punjab,2015,4,No Alert,0.03,Very Low,XGBoost
Punjab,2015,5,Alert,99.31,High,XGBoost
Punjab,2015,6,Alert,99.84,High,XGBoost
Punjab,2015,7,No Alert,0.09,Very Low,XGBoost
Punjab,2015,8,No Alert,0.18,Very Low,XGBoost
Punjab,2015,9,No Alert,0.01,Very Low,XGBoost
Punjab,2015,10,No Alert,0.02,Very Low,XGBoost
Punjab,2015,11,No Alert,0.03,Very Low,XGBoost
Punjab,2015,12,No Alert,0.03,Very Low,XGBoost
Punjab,2016,1,No Alert,0.03,Very Low,XGBoost
Punjab,2016,2,No Alert,0.02,Very Low,XGBoost
Punjab,2016,3,No Alert,0.02,Very Low,XGBoost
Punjab,2016,4,Alert,99.97,High,XGBoost
Punjab,2016,5,Alert,100.0,High,XGBoost
Punjab,2016,6,Alert,99.96,High,XGBoost
Punjab,2016,7,No Alert,0.15,Very Low,XGBoost
Punjab,2016,8,No Alert,0.09,Very Low,XGBoost
Punjab,2016,9,No Alert,0.03,Very Low,XGBoost
Punjab,2016,10,No Alert,0.04,Very Low,XGBoost
Punjab,2016,11,No Alert,0.04,Very Low,XGBoost
Punjab,2016,12,No Alert,0.03,Very Low,XGBoost
Punjab,2017,1,No Alert,0.02,Very Low,XGBoost
Punjab,2017,2,No Alert,0.02,Very Low,XGBoost
Punjab,2017,3,No Alert,0.04,Very Low,XGBoost
Punjab,2017,4,Alert,100.0,High,XGBoost
Punjab,2017,5,Alert,99.99,High,XGBoost
Punjab,2017,6,Alert,100.0,High,XGBoost
Punjab,2017,7,No Alert,0.13,Very Low,XGBoost
Punjab,2017,8,No Alert,0.12,Very Low,XGBoost
Punjab,2017,9,No Alert,0.01,Very Low,XGBoost
Punjab,2017,10,No Alert,0.02,Very Low,XGBoost
Punjab,2017,11,No Alert,0.04,Very Low,XGBoost
Punjab,2017,12,No Alert,0.03,Very Low,XGBoost
Punjab,2018,1,No Alert,0.03,Very Low,XGBoost
Punjab,2018,2,No Alert,0.02,Very Low,XGBoost
Punjab,2018,3,No Alert,0.03,Very Low,XGBoost
Punjab,2018,4,Alert,99.93,High,XGBoost
Punjab,2018,5,Alert,99.89,High,XGBoost
Punjab,2018,6,Alert,99.99,High,XGBoost
Punjab,2018,7,No Alert,0.34,Very Low,XGBoost
Punjab,2018,8,No Alert,0.27,Very Low,XGBoost
Punjab,2018,9,No Alert,0.01,Very Low,XGBoost
Punjab,2018,10,No Alert,0.02,Very Low,XGBoost
Punjab,2018,11,No Alert,0.02,Very Low,XGBoost
Punjab,2018,12,No Alert,0.02,Very Low,XGBoost
Punjab,2019,1,No Alert,0.02,Very Low,XGBoost
Punjab,2019,2,No Alert,0.01,Very Low,XGBoost
Punjab,2019,3,No Alert,0.03,Very Low,XGBoost
Punjab,2019,4,No Alert,0.12,Very Low,XGBoost
Punjab,2019,5,Alert,99.95,High,XGBoost
Punjab,2019,6,Alert,99.97,High,XGBoost
Punjab,2019,7,Alert,98.61,High,XGBoost
Punjab,2019,8,No Alert,0.15,Very Low,XGBoost
Punjab,2019,9,No Alert,0.02,Very Low,XGBoost
Punjab,2019,10,No Alert,0.03,Very Low,XGBoost
Punjab,2019,11,No Alert,0.02,Very Low,XGBoost
Punjab,2019,12,No Alert,0.03,Very Low,XGBoost
Punjab,2020,1,No Alert,0.01,Very Low,XGBoost
Punjab,2020,2,No Alert,0.01,Very Low,XGBoost
Punjab,2020,3,No Alert,0.02,Very Low,XGBoost
Punjab,2020,4,No Alert,0.04,Very Low,XGBoost
Punjab,2020,5,Alert,99.77,High,XGBoost
Punjab,2020,6,No Alert,2.16,Very Low,XGBoost
Punjab,2020,7,No Alert,0.2,Very Low,XGBoost
Punjab,2020,8,No Alert,0.24,Very Low,XGBoost
Punjab,2020,9,No Alert,0.02,Very Low,XGBoost
Punjab,2020,10,No Alert,0.02,Very Low,XGBoost
Punjab,2020,11,No Alert,0.03,Very Low,XGBoost
Punjab,2020,12,No Alert,0.03,Very Low,XGBoost
Punjab,2021,1,No Alert,0.01,Very Low,XGBoost
Punjab,2021,2,No Alert,0.03,Very Low,XGBoost
Punjab,2021,3,No Alert,0.02,Very Low,XGBoost
Punjab,2021,4,No Alert,0.16,Very Low,XGBoost
Punjab,2021,5,No Alert,18.21,Very Low,XGBoost
Punjab,2021,6,Alert,98.61,High,XGBoost
Punjab,2021,7,Alert,94.94,High,XGBoost
Punjab,2021,8,No Alert,0.09,Very Low,XGBoost
Punjab,2021,9,No Alert,0.01,Very Low,XGBoost
Punjab,2021,10,No Alert,0.01,Very Low,XGBoost
Punjab,2021,11,No Alert,0.03,Very Low,XGBoost
Punjab,2021,12,No Alert,0.03,Very Low,XGBoost
Punjab,2022,1,No Alert,0.01,Very Low,XGBoost
Punjab,2022,2,No Alert,0.01,Very Low,XGBoost
Punjab,2022,3,No Alert,0.04,Very Low,XGBoost
Punjab,2022,4,Alert,98.01,High,XGBoost
Punjab,2022,5,Alert,99.68,High,XGBoost
Punjab,2022,6,Alert,99.85,High,XGBoost
Punjab,2022,7,No Alert,0.06,Very Low,XGBoost
Punjab,2022,8,No Alert,0.14,Very Low,XGBoost
Punjab,2022,9,No Alert,0.01,Very Low,XGBoost
Punjab,2022,10,No Alert,0.02,Very Low,XGBoost
Punjab,2022,11,No Alert,0.03,Very Low,XGBoost
Punjab,2022,12,No Alert,0.03,Very Low,XGBoost
Punjab,2023,1,No Alert,0.02,Very Low,XGBoost
Punjab,2023,2,No Alert,0.02,Very Low,XGBoost
Punjab,2023,3,No Alert,0.02,Very Low,XGBoost
Punjab,2023,4,No Alert,0.24,Very Low,XGBoost
Punjab,2023,5,Alert,99.45,High,XGBoost
Punjab,2023,6,No Alert,20.03,Low,XGBoost
Punjab,2023,7,No Alert,0.05,Very Low,XGBoost
Punjab,2023,8,No Alert,0.1,Very Low,XGBoost
Punjab,2023,9,No Alert,0.02,Very Low,XGBoost
Punjab,2023,10,No Alert,0.02,Very Low,XGBoost
Punjab,2023,11,No Alert,0.02,Very Low,XGBoost
Punjab,2023,12,No Alert,0.03,Very Low,XGBoost
Punjab,2024,1,No Alert,0.03,Very Low,XGBoost
Punjab,2024,2,No Alert,0.03,Very Low,XGBoost
Punjab,2024,3,No Alert,0.04,Very Low,XGBoost
Punjab,2024,4,No Alert,0.31,Very Low,XGBoost
Punjab,2024,5,Alert,99.46,High,XGBoost
Punjab,2024,6,Alert,96.39,High,XGBoost
Punjab,2024,7,No Alert,0.06,Very Low,XGBoost
Punjab,2024,8,No Alert,0.02,Very Low,XGBoost
Punjab,2024,9,No Alert,0.01,Very Low,XGBoost
Punjab,2024,10,No Alert,0.06,Very Low,XGBoost
Punjab,2024,11,No Alert,0.04,Very Low,XGBoost
Punjab,2024,12,No Alert,0.04,Very Low,XGBoost
Punjab,2025,1,No Alert,0.03,Very Low,XGBoost
Punjab,2025,2,No Alert,0.03,Very Low,XGBoost
Punjab,2025,3,No Alert,0.04,Very Low,XGBoost
Punjab,2025,4,No Alert,0.26,Very Low,XGBoost
Punjab,2025,5,No Alert,0.97,Very Low,XGBoost
Punjab,2025,6,Alert,99.43,High,XGBoost
Punjab,2025,7,No Alert,0.03,Very Low,XGBoost
Punjab,2025,8,No Alert,0.01,Very Low,XGBoost
Punjab,2025,9,No Alert,0.01,Very Low,XGBoost
Punjab,2025,10,No Alert,0.02,Very Low,XGBoost
Punjab,2025,11,No Alert,0.03,Very Low,XGBoost
Punjab,2025,12,No Alert,0.03,Very Low,XGBoost
Rajasthan,2011,1,No Alert,0.01,Very Low,XGBoost
Rajasthan,2011,2,No Alert,0.01,Very Low,XGBoost
Rajasthan,2011,3,No Alert,0.02,Very Low,XGBoost
Rajasthan,2011,4,Alert,78.3,Moderate,XGBoost
Rajasthan,2011,5,No Alert,2.9,Very Low,XGBoost
Rajasthan,2011,6,Alert,99.01,High,XGBoost
Rajasthan,2011,7,No Alert,0.16,Very Low,XGBoost
Rajasthan,2011,8,No Alert,0.03,Very Low,XGBoost
Rajasthan,2011,9,No Alert,0.04,Very Low,XGBoost
Rajasthan,2011,10,No Alert,0.02,Very Low,XGBoost
Rajasthan,2011,11,No Alert,0.02,Very Low,XGBoost
Rajasthan,2011,12,No Alert,0.01,Very Low,XGBoost
Rajasthan,2012,1,No Alert,0.01,Very Low,XGBoost
Rajasthan,2012,2,No Alert,0.01,Very Low,XGBoost
Rajasthan,2012,3,No Alert,0.04,Very Low,XGBoost
Rajasthan,2012,4,No Alert,29.49,Low,XGBoost
Rajasthan,2012,5,No Alert,31.06,Low,XGBoost
Rajasthan,2012,6,No Alert,3.89,Very Low,XGBoost
Rajasthan,2012,7,Alert,99.96,High,XGBoost
Rajasthan,2012,8,No Alert,0.06,Very Low,XGBoost
Rajasthan,2012,9,No Alert,0.02,Very Low,XGBoost
Rajasthan,2012,10,No Alert,0.03,Very Low,XGBoost
Rajasthan,2012,11,No Alert,0.01,Very Low,XGBoost
Rajasthan,2012,12,No Alert,0.01,Very Low,XGBoost
Rajasthan,2013,1,No Alert,0.01,Very Low,XGBoost
Rajasthan,2013,2,No Alert,0.01,Very Low,XGBoost
Rajasthan,2013,3,No Alert,0.03,Very Low,XGBoost
Rajasthan,2013,4,No Alert,0.09,Very Low,XGBoost
Rajasthan,2013,5,No Alert,31.52,Low,XGBoost
Rajasthan,2013,6,Alert,99.82,High,XGBoost
Rajasthan,2013,7,No Alert,0.1,Very Low,XGBoost
Rajasthan,2013,8,No Alert,0.06,Very Low,XGBoost
Rajasthan,2013,9,Alert,97.06,High,XGBoost
Rajasthan,2013,10,No Alert,0.01,Very Low,XGBoost
Rajasthan,2013,11,No Alert,0.01,Very Low,XGBoost
Rajasthan,2013,12,No Alert,0.01,Very Low,XGBoost
Rajasthan,2014,1,No Alert,0.0,Very Low,XGBoost
Rajasthan,2014,2,No Alert,0.01,Very Low,XGBoost
Rajasthan,2014,3,No Alert,0.02,Very Low,XGBoost
Rajasthan,2014,4,Alert,99.88,High,XGBoost
Rajasthan,2014,5,Alert,65.68,Moderate,XGBoost
Rajasthan,2014,6,Alert,99.53,High,XGBoost
Rajasthan,2014,7,Alert,99.9,High,XGBoost
Rajasthan,2014,8,No Alert,0.1,Very Low,XGBoost
Rajasthan,2014,9,No Alert,0.03,Very Low,XGBoost
Rajasthan,2014,10,No Alert,0.02,Very Low,XGBoost
Rajasthan,2014,11,No Alert,0.02,Very Low,XGBoost
Rajasthan,2014,12,No Alert,0.01,Very Low,XGBoost
Rajasthan,2015,1,No Alert,0.01,Very Low,XGBoost
Rajasthan,2015,2,No Alert,0.02,Very Low,XGBoost
Rajasthan,2015,3,No Alert,0.02,Very Low,XGBoost
Rajasthan,2015,4,Alert,99.91,High,XGBoost
Rajasthan,2015,5,No Alert,46.35,Low,XGBoost
Rajasthan,2015,6,No Alert,7.07,Very Low,XGBoost
Rajasthan,2015,7,No Alert,0.2,Very Low,XGBoost
Rajasthan,2015,8,No Alert,0.08,Very Low,XGBoost
Rajasthan,2015,9,No Alert,0.01,Very Low,XGBoost
Rajasthan,2015,10,No Alert,0.05,Very Low,XGBoost
Rajasthan,2015,11,No Alert,0.02,Very Low,XGBoost
Rajasthan,2015,12,No Alert,0.02,Very Low,XGBoost
Rajasthan,2016,1,No Alert,0.02,Very Low,XGBoost
Rajasthan,2016,2,No Alert,0.03,Very Low,XGBoost
Rajasthan,2016,3,No Alert,0.14,Very Low,XGBoost
Rajasthan,2016,4,Alert,99.62,High,XGBoost
Rajasthan,2016,5,Alert,99.79,High,XGBoost
Rajasthan,2016,6,Alert,99.87,High,XGBoost
Rajasthan,2016,7,No Alert,0.25,Very Low,XGBoost
Rajasthan,2016,8,No Alert,0.07,Very Low,XGBoost
Rajasthan,2016,9,No Alert,0.04,Very Low,XGBoost
Rajasthan,2016,10,No Alert,0.03,Very Low,XGBoost
Rajasthan,2016,11,No Alert,0.03,Very Low,XGBoost
Rajasthan,2016,12,No Alert,0.03,Very Low,XGBoost
Rajasthan,2017,1,No Alert,0.01,Very Low,XGBoost
Rajasthan,2017,2,No Alert,0.04,Very Low,XGBoost
Rajasthan,2017,3,Alert,99.94,High,XGBoost
Rajasthan,2017,4,Alert,99.84,High,XGBoost
Rajasthan,2017,5,Alert,64.79,Moderate,XGBoost
Rajasthan,2017,6,Alert,99.66,High,XGBoost
Rajasthan,2017,7,No Alert,0.04,Very Low,XGBoost
Rajasthan,2017,8,No Alert,0.07,Very Low,XGBoost
Rajasthan,2017,9,No Alert,0.06,Very Low,XGBoost
Rajasthan,2017,10,No Alert,0.08,Very Low,XGBoost
Rajasthan,2017,11,No Alert,0.03,Very Low,XGBoost
Rajasthan,2017,12,No Alert,0.03,Very Low,XGBoost
Rajasthan,2018,1,No Alert,0.02,Very Low,XGBoost
Rajasthan,2018,2,No Alert,0.02,Very Low,XGBoost
Rajasthan,2018,3,Alert,99.7,High,XGBoost
Rajasthan,2018,4,Alert,99.85,High,XGBoost
Rajasthan,2018,5,No Alert,48.0,Low,XGBoost
Rajasthan,2018,6,Alert,99.73,High,XGBoost
Rajasthan,2018,7,Alert,99.81,High,XGBoost
Rajasthan,2018,8,No Alert,0.15,Very Low,XGBoost
Rajasthan,2018,9,No Alert,0.02,Very Low,XGBoost
Rajasthan,2018,10,Alert,99.3,High,XGBoost
Rajasthan,2018,11,No Alert,0.03,Very Low,XGBoost
Rajasthan,2018,12,No Alert,0.02,Very Low,XGBoost
Rajasthan,2019,1,No Alert,0.02,Very Low,XGBoost
Rajasthan,2019,2,No Alert,0.03,Very Low,XGBoost
Rajasthan,2019,3,No Alert,0.04,Very Low,XGBoost
Rajasthan,2019,4,Alert,99.91,High,XGBoost
Rajasthan,2019,5,Alert,68.08,Moderate,XGBoost
Rajasthan,2019,6,Alert,99.48,High,XGBoost
Rajasthan,2019,7,Alert,99.95,High,XGBoost
Rajasthan,2019,8,No Alert,0.11,Very Low,XGBoost
Rajasthan,2019,9,No Alert,0.02,Very Low,XGBoost
Rajasthan,2019,10,No Alert,0.07,Very Low,XGBoost
Rajasthan,2019,11,No Alert,0.01,Very Low,XGBoost
Rajasthan,2019,12,No Alert,0.01,Very Low,XGBoost
Rajasthan,2020,1,No Alert,0.01,Very Low,XGBoost
Rajasthan,2020,2,No Alert,0.02,Very Low,XGBoost
Rajasthan,2020,3,No Alert,0.04,Very Low,XGBoost
Rajasthan,2020,4,Alert,85.93,High,XGBoost
Rajasthan,2020,5,Alert,99.39,High,XGBoost
Rajasthan,2020,6,Alert,98.59,High,XGBoost
Rajasthan,2020,7,Alert,96.84,High,XGBoost
Rajasthan,2020,8,No Alert,0.14,Very Low,XGBoost
Rajasthan,2020,9,No Alert,0.02,Very Low,XGBoost
Rajasthan,2020,10,No Alert,0.03,Very Low,XGBoost
Rajasthan,2020,11,No Alert,0.02,Very Low,XGBoost
Rajasthan,2020,12,No Alert,0.02,Very Low,XGBoost
Rajasthan,2021,1,No Alert,0.01,Very Low,XGBoost
Rajasthan,2021,2,No Alert,0.02,Very Low,XGBoost
Rajasthan,2021,3,Alert,92.03,High,XGBoost
Rajasthan,2021,4,Alert,99.68,High,XGBoost
Rajasthan,2021,5,No Alert,16.24,Very Low,XGBoost
Rajasthan,2021,6,No Alert,0.43,Very Low,XGBoost
Rajasthan,2021,7,Alert,95.21,High,XGBoost
Rajasthan,2021,8,No Alert,0.11,Very Low,XGBoost
Rajasthan,2021,9,No Alert,0.01,Very Low,XGBoost
Rajasthan,2021,10,No Alert,0.02,Very Low,XGBoost
Rajasthan,2021,11,No Alert,0.02,Very Low,XGBoost
Rajasthan,2021,12,No Alert,0.02,Very Low,XGBoost
Rajasthan,2022,1,No Alert,0.01,Very Low,XGBoost
Rajasthan,2022,2,No Alert,0.02,Very Low,XGBoost
Rajasthan,2022,3,Alert,99.56,High,XGBoost
Rajasthan,2022,4,Alert,96.22,High,XGBoost
Rajasthan,2022,5,Alert,96.45,High,XGBoost
Rajasthan,2022,6,No Alert,2.55,Very Low,XGBoost
Rajasthan,2022,7,No Alert,0.03,Very Low,XGBoost
Rajasthan,2022,8,No Alert,0.04,Very Low,XGBoost
Rajasthan,2022,9,No Alert,0.02,Very Low,XGBoost
Rajasthan,2022,10,No Alert,0.04,Very Low,XGBoost
Rajasthan,2022,11,No Alert,0.02,Very Low,XGBoost
Rajasthan,2022,12,No Alert,0.02,Very Low,XGBoost
Rajasthan,2023,1,No Alert,0.02,Very Low,XGBoost
Rajasthan,2023,2,No Alert,0.03,Very Low,XGBoost
Rajasthan,2023,3,No Alert,0.02,Very Low,XGBoost
Rajasthan,2023,4,No Alert,0.3,Very Low,XGBoost
Rajasthan,2023,5,Alert,98.8,High,XGBoost
Rajasthan,2023,6,No Alert,0.04,Very Low,XGBoost
Rajasthan,2023,7,No Alert,0.09,Very Low,XGBoost
Rajasthan,2023,8,No Alert,0.02,Very Low,XGBoost
Rajasthan,2023,9,No Alert,0.03,Very Low,XGBoost
Rajasthan,2023,10,No Alert,0.06,Very Low,XGBoost
Rajasthan,2023,11,No Alert,0.02,Very Low,XGBoost
Rajasthan,2023,12,No Alert,0.02,Very Low,XGBoost
Rajasthan,2024,1,No Alert,0.01,Very Low,XGBoost
Rajasthan,2024,2,No Alert,0.02,Very Low,XGBoost
Rajasthan,2024,3,No Alert,0.06,Very Low,XGBoost
Rajasthan,2024,4,No Alert,0.33,Very Low,XGBoost
Rajasthan,2024,5,Alert,97.96,High,XGBoost
Rajasthan,2024,6,No Alert,38.01,Low,XGBoost
Rajasthan,2024,7,No Alert,0.04,Very Low,XGBoost
Rajasthan,2024,8,No Alert,0.01,Very Low,XGBoost
Rajasthan,2024,9,No Alert,0.01,Very Low,XGBoost
Rajasthan,2024,10,No Alert,0.03,Very Low,XGBoost
Rajasthan,2024,11,No Alert,0.04,Very Low,XGBoost
Rajasthan,2024,12,No Alert,0.02,Very Low,XGBoost
Rajasthan,2025,1,No Alert,0.01,Very Low,XGBoost
Rajasthan,2025,2,No Alert,0.02,Very Low,XGBoost
Rajasthan,2025,3,No Alert,0.09,Very Low,XGBoost
Rajasthan,2025,4,Alert,56.7,Moderate,XGBoost
Rajasthan,2025,5,Alert,93.81,High,XGBoost
Rajasthan,2025,6,Alert,99.88,High,XGBoost
Rajasthan,2025,7,No Alert,0.02,Very Low,XGBoost
Rajasthan,2025,8,No Alert,0.01,Very Low,XGBoost
Rajasthan,2025,9,No Alert,0.01,Very Low,XGBoost
Rajasthan,2025,10,No Alert,0.01,Very Low,XGBoost
Rajasthan,2025,11,No Alert,0.03,Very Low,XGBoost
Rajasthan,2025,12,No Alert,0.03,Very Low,XGBoost
Sikkim,2011,1,No Alert,0.01,Very Low,XGBoost
Sikkim,2011,2,No Alert,0.01,Very Low,XGBoost
Sikkim,2011,3,No Alert,0.01,Very Low,XGBoost
Sikkim,2011,4,No Alert,0.04,Very Low,XGBoost
Sikkim,2011,5,No Alert,0.01,Very Low,XGBoost
Sikkim,2011,6,No Alert,0.0,Very Low,XGBoost
Sikkim,2011,7,No Alert,0.01,Very Low,XGBoost
Sikkim,2011,8,No Alert,0.01,Very Low,XGBoost
Sikkim,2011,9,No Alert,0.01,Very Low,XGBoost
Sikkim,2011,10,No Alert,0.01,Very Low,XGBoost
Sikkim,2011,11,No Alert,0.01,Very Low,XGBoost
Sikkim,2011,12,No Alert,0.01,Very Low,XGBoost
Sikkim,2012,1,No Alert,0.01,Very Low,XGBoost
Sikkim,2012,2,No Alert,0.01,Very Low,XGBoost
Sikkim,2012,3,No Alert,0.01,Very Low,XGBoost
Sikkim,2012,4,No Alert,0.03,Very Low,XGBoost
Sikkim,2012,5,No Alert,0.01,Very Low,XGBoost
Sikkim,2012,6,No Alert,0.0,Very Low,XGBoost
Sikkim,2012,7,No Alert,0.01,Very Low,XGBoost
Sikkim,2012,8,No Alert,0.01,Very Low,XGBoost
Sikkim,2012,9,No Alert,0.01,Very Low,XGBoost
Sikkim,2012,10,No Alert,0.01,Very Low,XGBoost
Sikkim,2012,11,No Alert,0.01,Very Low,XGBoost
Sikkim,2012,12,No Alert,0.01,Very Low,XGBoost
Sikkim,2013,1,No Alert,0.01,Very Low,XGBoost
Sikkim,2013,2,No Alert,0.01,Very Low,XGBoost
Sikkim,2013,3,No Alert,0.01,Very Low,XGBoost
Sikkim,2013,4,No Alert,0.03,Very Low,XGBoost
Sikkim,2013,5,No Alert,0.01,Very Low,XGBoost
Sikkim,2013,6,No Alert,0.0,Very Low,XGBoost
Sikkim,2013,7,No Alert,0.01,Very Low,XGBoost
Sikkim,2013,8,No Alert,0.01,Very Low,XGBoost
Sikkim,2013,9,No Alert,0.01,Very Low,XGBoost
Sikkim,2013,10,No Alert,0.01,Very Low,XGBoost
Sikkim,2013,11,No Alert,0.01,Very Low,XGBoost
Sikkim,2013,12,No Alert,0.01,Very Low,XGBoost
Sikkim,2014,1,No Alert,0.01,Very Low,XGBoost
Sikkim,2014,2,No Alert,0.01,Very Low,XGBoost
Sikkim,2014,3,No Alert,0.01,Very Low,XGBoost
Sikkim,2014,4,No Alert,0.03,Very Low,XGBoost
Sikkim,2014,5,No Alert,0.01,Very Low,XGBoost
Sikkim,2014,6,No Alert,0.0,Very Low,XGBoost
Sikkim,2014,7,No Alert,0.02,Very Low,XGBoost
Sikkim,2014,8,No Alert,0.03,Very Low,XGBoost
Sikkim,2014,9,No Alert,0.01,Very Low,XGBoost
Sikkim,2014,10,No Alert,0.01,Very Low,XGBoost
Sikkim,2014,11,No Alert,0.01,Very Low,XGBoost
Sikkim,2014,12,No Alert,0.01,Very Low,XGBoost
Sikkim,2015,1,No Alert,0.01,Very Low,XGBoost
Sikkim,2015,2,No Alert,0.01,Very Low,XGBoost
Sikkim,2015,3,No Alert,0.01,Very Low,XGBoost
Sikkim,2015,4,No Alert,0.04,Very Low,XGBoost
Sikkim,2015,5,No Alert,0.01,Very Low,XGBoost
Sikkim,2015,6,No Alert,0.01,Very Low,XGBoost
Sikkim,2015,7,No Alert,0.01,Very Low,XGBoost
Sikkim,2015,8,No Alert,0.03,Very Low,XGBoost
Sikkim,2015,9,No Alert,0.01,Very Low,XGBoost
Sikkim,2015,10,No Alert,0.01,Very Low,XGBoost
Sikkim,2015,11,No Alert,0.01,Very Low,XGBoost
Sikkim,2015,12,No Alert,0.01,Very Low,XGBoost
Sikkim,2016,1,No Alert,0.01,Very Low,XGBoost
Sikkim,2016,2,No Alert,0.01,Very Low,XGBoost
Sikkim,2016,3,No Alert,0.01,Very Low,XGBoost
Sikkim,2016,4,No Alert,0.03,Very Low,XGBoost
Sikkim,2016,5,No Alert,0.01,Very Low,XGBoost
Sikkim,2016,6,No Alert,0.01,Very Low,XGBoost
Sikkim,2016,7,No Alert,0.02,Very Low,XGBoost
Sikkim,2016,8,No Alert,0.02,Very Low,XGBoost
Sikkim,2016,9,No Alert,0.02,Very Low,XGBoost
Sikkim,2016,10,No Alert,0.02,Very Low,XGBoost
Sikkim,2016,11,No Alert,0.01,Very Low,XGBoost
Sikkim,2016,12,No Alert,0.01,Very Low,XGBoost
Sikkim,2017,1,No Alert,0.01,Very Low,XGBoost
Sikkim,2017,2,No Alert,0.01,Very Low,XGBoost
Sikkim,2017,3,No Alert,0.01,Very Low,XGBoost
Sikkim,2017,4,No Alert,0.04,Very Low,XGBoost
Sikkim,2017,5,No Alert,0.02,Very Low,XGBoost
Sikkim,2017,6,No Alert,0.01,Very Low,XGBoost
Sikkim,2017,7,No Alert,0.02,Very Low,XGBoost
Sikkim,2017,8,No Alert,0.04,Very Low,XGBoost
Sikkim,2017,9,No Alert,0.03,Very Low,XGBoost
Sikkim,2017,10,No Alert,0.02,Very Low,XGBoost
Sikkim,2017,11,No Alert,0.01,Very Low,XGBoost
Sikkim,2017,12,No Alert,0.01,Very Low,XGBoost
Sikkim,2018,1,No Alert,0.01,Very Low,XGBoost
Sikkim,2018,2,No Alert,0.01,Very Low,XGBoost
Sikkim,2018,3,No Alert,0.01,Very Low,XGBoost
Sikkim,2018,4,No Alert,0.04,Very Low,XGBoost
Sikkim,2018,5,No Alert,0.01,Very Low,XGBoost
Sikkim,2018,6,No Alert,0.01,Very Low,XGBoost
Sikkim,2018,7,No Alert,0.02,Very Low,XGBoost
Sikkim,2018,8,No Alert,0.04,Very Low,XGBoost
Sikkim,2018,9,No Alert,0.01,Very Low,XGBoost
Sikkim,2018,10,No Alert,0.02,Very Low,XGBoost
Sikkim,2018,11,No Alert,0.02,Very Low,XGBoost
Sikkim,2018,12,No Alert,0.02,Very Low,XGBoost
Sikkim,2019,1,No Alert,0.01,Very Low,XGBoost
Sikkim,2019,2,No Alert,0.01,Very Low,XGBoost
Sikkim,2019,3,No Alert,0.01,Very Low,XGBoost
Sikkim,2019,4,No Alert,0.04,Very Low,XGBoost
Sikkim,2019,5,No Alert,0.01,Very Low,XGBoost
Sikkim,2019,6,No Alert,0.0,Very Low,XGBoost
Sikkim,2019,7,No Alert,0.01,Very Low,XGBoost
Sikkim,2019,8,No Alert,0.03,Very Low,XGBoost
Sikkim,2019,9,No Alert,0.01,Very Low,XGBoost
Sikkim,2019,10,No Alert,0.02,Very Low,XGBoost
Sikkim,2019,11,No Alert,0.02,Very Low,XGBoost
Sikkim,2019,12,No Alert,0.02,Very Low,XGBoost
Sikkim,2020,1,No Alert,0.01,Very Low,XGBoost
Sikkim,2020,2,No Alert,0.01,Very Low,XGBoost
Sikkim,2020,3,No Alert,0.01,Very Low,XGBoost
Sikkim,2020,4,No Alert,0.04,Very Low,XGBoost
Sikkim,2020,5,No Alert,0.01,Very Low,XGBoost
Sikkim,2020,6,No Alert,0.01,Very Low,XGBoost
Sikkim,2020,7,No Alert,0.01,Very Low,XGBoost
Sikkim,2020,8,No Alert,0.04,Very Low,XGBoost
Sikkim,2020,9,No Alert,0.02,Very Low,XGBoost
Sikkim,2020,10,No Alert,0.02,Very Low,XGBoost
Sikkim,2020,11,No Alert,0.02,Very Low,XGBoost
Sikkim,2020,12,No Alert,0.01,Very Low,XGBoost
Sikkim,2021,1,No Alert,0.01,Very Low,XGBoost
Sikkim,2021,2,No Alert,0.01,Very Low,XGBoost
Sikkim,2021,3,No Alert,0.01,Very Low,XGBoost
Sikkim,2021,4,No Alert,0.04,Very Low,XGBoost
Sikkim,2021,5,No Alert,0.01,Very Low,XGBoost
Sikkim,2021,6,No Alert,0.01,Very Low,XGBoost
Sikkim,2021,7,No Alert,0.02,Very Low,XGBoost
Sikkim,2021,8,No Alert,0.03,Very Low,XGBoost
Sikkim,2021,9,No Alert,0.01,Very Low,XGBoost
Sikkim,2021,10,No Alert,0.02,Very Low,XGBoost
Sikkim,2021,11,No Alert,0.02,Very Low,XGBoost
Sikkim,2021,12,No Alert,0.02,Very Low,XGBoost
Sikkim,2022,1,No Alert,0.01,Very Low,XGBoost
Sikkim,2022,2,No Alert,0.01,Very Low,XGBoost
Sikkim,2022,3,No Alert,0.02,Very Low,XGBoost
Sikkim,2022,4,No Alert,0.04,Very Low,XGBoost
Sikkim,2022,5,No Alert,0.01,Very Low,XGBoost
Sikkim,2022,6,No Alert,0.01,Very Low,XGBoost
Sikkim,2022,7,No Alert,0.02,Very Low,XGBoost
Sikkim,2022,8,No Alert,0.03,Very Low,XGBoost
Sikkim,2022,9,No Alert,0.01,Very Low,XGBoost
Sikkim,2022,10,No Alert,0.02,Very Low,XGBoost
Sikkim,2022,11,No Alert,0.02,Very Low,XGBoost
Sikkim,2022,12,No Alert,0.01,Very Low,XGBoost
Sikkim,2023,1,No Alert,0.01,Very Low,XGBoost
Sikkim,2023,2,No Alert,0.01,Very Low,XGBoost
Sikkim,2023,3,No Alert,0.01,Very Low,XGBoost
Sikkim,2023,4,No Alert,0.05,Very Low,XGBoost
Sikkim,2023,5,No Alert,0.02,Very Low,XGBoost
Sikkim,2023,6,No Alert,0.0,Very Low,XGBoost
Sikkim,2023,7,No Alert,0.03,Very Low,XGBoost
Sikkim,2023,8,No Alert,0.04,Very Low,XGBoost
Sikkim,2023,9,No Alert,0.01,Very Low,XGBoost
Sikkim,2023,10,No Alert,0.01,Very Low,XGBoost
Sikkim,2023,11,No Alert,0.01,Very Low,XGBoost
Sikkim,2023,12,No Alert,0.02,Very Low,XGBoost
Sikkim,2024,1,No Alert,0.01,Very Low,XGBoost
Sikkim,2024,2,No Alert,0.02,Very Low,XGBoost
Sikkim,2024,3,No Alert,0.03,Very Low,XGBoost
Sikkim,2024,4,No Alert,0.03,Very Low,XGBoost
Sikkim,2024,5,No Alert,0.01,Very Low,XGBoost
Sikkim,2024,6,No Alert,0.01,Very Low,XGBoost
Sikkim,2024,7,No Alert,0.01,Very Low,XGBoost
Sikkim,2024,8,No Alert,0.01,Very Low,XGBoost
Sikkim,2024,9,No Alert,0.02,Very Low,XGBoost
Sikkim,2024,10,No Alert,0.02,Very Low,XGBoost
Sikkim,2024,11,No Alert,0.02,Very Low,XGBoost
Sikkim,2024,12,No Alert,0.03,Very Low,XGBoost
Sikkim,2025,1,No Alert,0.02,Very Low,XGBoost
Sikkim,2025,2,No Alert,0.01,Very Low,XGBoost
Sikkim,2025,3,No Alert,0.02,Very Low,XGBoost
Sikkim,2025,4,No Alert,0.05,Very Low,XGBoost
Sikkim,2025,5,No Alert,0.01,Very Low,XGBoost
Sikkim,2025,6,No Alert,0.01,Very Low,XGBoost
Sikkim,2025,7,No Alert,0.01,Very Low,XGBoost
Sikkim,2025,8,No Alert,0.01,Very Low,XGBoost
Sikkim,2025,9,No Alert,0.01,Very Low,XGBoost
Sikkim,2025,10,No Alert,0.02,Very Low,XGBoost
Sikkim,2025,11,No Alert,0.03,Very Low,XGBoost
Sikkim,2025,12,No Alert,0.02,Very Low,XGBoost
Tamil Nadu,2011,1,No Alert,0.0,Very Low,XGBoost
Tamil Nadu,2011,2,No Alert,0.0,Very Low,XGBoost
Tamil Nadu,2011,3,No Alert,0.01,Very Low,XGBoost
Tamil Nadu,2011,4,No Alert,27.39,Low,XGBoost
Tamil Nadu,2011,5,No Alert,27.55,Low,XGBoost
Tamil Nadu,2011,6,No Alert,0.05,Very Low,XGBoost
Tamil Nadu,2011,7,No Alert,0.08,Very Low,XGBoost
Tamil Nadu,2011,8,No Alert,0.04,Very Low,XGBoost
Tamil Nadu,2011,9,No Alert,0.04,Very Low,XGBoost
Tamil Nadu,2011,10,No Alert,0.01,Very Low,XGBoost
Tamil Nadu,2011,11,No Alert,0.01,Very Low,XGBoost
Tamil Nadu,2011,12,No Alert,0.01,Very Low,XGBoost
Tamil Nadu,2012,1,No Alert,0.0,Very Low,XGBoost
Tamil Nadu,2012,2,No Alert,0.0,Very Low,XGBoost
Tamil Nadu,2012,3,No Alert,0.01,Very Low,XGBoost
Tamil Nadu,2012,4,No Alert,39.71,Low,XGBoost
Tamil Nadu,2012,5,Alert,99.66,High,XGBoost
Tamil Nadu,2012,6,Alert,95.38,High,XGBoost
Tamil Nadu,2012,7,No Alert,0.1,Very Low,XGBoost
Tamil Nadu,2012,8,No Alert,0.06,Very Low,XGBoost
Tamil Nadu,2012,9,No Alert,0.03,Very Low,XGBoost
Tamil Nadu,2012,10,No Alert,0.01,Very Low,XGBoost
Tamil Nadu,2012,11,No Alert,0.01,Very Low,XGBoost
Tamil Nadu,2012,12,No Alert,0.0,Very Low,XGBoost
Tamil Nadu,2013,1,No Alert,0.0,Very Low,XGBoost
Tamil Nadu,2013,2,No Alert,0.0,Very Low,XGBoost
Tamil Nadu,2013,3,No Alert,0.01,Very Low,XGBoost
Tamil Nadu,2013,4,Alert,55.47,Moderate,XGBoost
Tamil Nadu,2013,5,Alert,99.85,High,XGBoost
Tamil Nadu,2013,6,No Alert,0.06,Very Low,XGBoost
Tamil Nadu,2013,7,No Alert,0.06,Very Low,XGBoost
Tamil Nadu,2013,8,No Alert,0.03,Very Low,XGBoost
Tamil Nadu,2013,9,No Alert,0.05,Very Low,XGBoost
Tamil Nadu,2013,10,No Alert,0.03,Very Low,XGBoost
Tamil Nadu,2013,11,No Alert,0.01,Very Low,XGBoost
Tamil Nadu,2013,12,No Alert,0.01,Very Low,XGBoost
Tamil Nadu,2014,1,No Alert,0.0,Very Low,XGBoost
Tamil Nadu,2014,2,No Alert,0.01,Very Low,XGBoost
Tamil Nadu,2014,3,Alert,92.15,High,XGBoost
Tamil Nadu,2014,4,Alert,67.95,Moderate,XGBoost
Tamil Nadu,2014,5,Alert,99.59,High,XGBoost
Tamil Nadu,2014,6,Alert,96.54,High,XGBoost
Tamil Nadu,2014,7,No Alert,0.1,Very Low,XGBoost
Tamil Nadu,2014,8,No Alert,0.03,Very Low,XGBoost
Tamil Nadu,2014,9,No Alert,0.03,Very Low,XGBoost
Tamil Nadu,2014,10,No Alert,0.01,Very Low,XGBoost
Tamil Nadu,2014,11,No Alert,0.01,Very Low,XGBoost
Tamil Nadu,2014,12,No Alert,0.01,Very Low,XGBoost
Tamil Nadu,2015,1,No Alert,0.0,Very Low,XGBoost
Tamil Nadu,2015,2,No Alert,0.0,Very Low,XGBoost
Tamil Nadu,2015,3,No Alert,0.01,Very Low,XGBoost
Tamil Nadu,2015,4,No Alert,6.13,Very Low,XGBoost
Tamil Nadu,2015,5,No Alert,0.02,Very Low,XGBoost
Tamil Nadu,2015,6,No Alert,0.03,Very Low,XGBoost
Tamil Nadu,2015,7,No Alert,0.1,Very Low,XGBoost
Tamil Nadu,2015,8,No Alert,0.04,Very Low,XGBoost
Tamil Nadu,2015,9,No Alert,0.02,Very Low,XGBoost
Tamil Nadu,2015,10,No Alert,0.01,Very Low,XGBoost
Tamil Nadu,2015,11,No Alert,0.01,Very Low,XGBoost
Tamil Nadu,2015,12,No Alert,0.01,Very Low,XGBoost
Tamil Nadu,2016,1,No Alert,0.01,Very Low,XGBoost
Tamil Nadu,2016,2,No Alert,0.01,Very Low,XGBoost
Tamil Nadu,2016,3,No Alert,0.02,Very Low,XGBoost
Tamil Nadu,2016,4,Alert,99.73,High,XGBoost
Tamil Nadu,2016,5,No Alert,28.23,Low,XGBoost
Tamil Nadu,2016,6,No Alert,0.05,Very Low,XGBoost
Tamil Nadu,2016,7,No Alert,0.04,Very Low,XGBoost
Tamil Nadu,2016,8,No Alert,0.12,Very Low,XGBoost
Tamil Nadu,2016,9,No Alert,0.06,Very Low,XGBoost
Tamil Nadu,2016,10,No Alert,0.04,Very Low,XGBoost
Tamil Nadu,2016,11,No Alert,0.01,Very Low,XGBoost
Tamil Nadu,2016,12,No Alert,0.01,Very Low,XGBoost
Tamil Nadu,2017,1,No Alert,0.01,Very Low,XGBoost
Tamil Nadu,2017,2,No Alert,0.01,Very Low,XGBoost
Tamil Nadu,2017,3,No Alert,0.01,Very Low,XGBoost
Tamil Nadu,2017,4,Alert,51.97,Moderate,XGBoost
Tamil Nadu,2017,5,Alert,69.67,Moderate,XGBoost
Tamil Nadu,2017,6,No Alert,0.14,Very Low,XGBoost
Tamil Nadu,2017,7,No Alert,0.12,Very Low,XGBoost
Tamil Nadu,2017,8,No Alert,0.03,Very Low,XGBoost
Tamil Nadu,2017,9,No Alert,0.02,Very Low,XGBoost
Tamil Nadu,2017,10,No Alert,0.02,Very Low,XGBoost
Tamil Nadu,2017,11,No Alert,0.01,Very Low,XGBoost
Tamil Nadu,2017,12,No Alert,0.01,Very Low,XGBoost
Tamil Nadu,2018,1,No Alert,0.01,Very Low,XGBoost
Tamil Nadu,2018,2,No Alert,0.01,Very Low,XGBoost
Tamil Nadu,2018,3,No Alert,0.02,Very Low,XGBoost
Tamil Nadu,2018,4,No Alert,8.99,Very Low,XGBoost
Tamil Nadu,2018,5,No Alert,0.02,Very Low,XGBoost
Tamil Nadu,2018,6,No Alert,0.15,Very Low,XGBoost
Tamil Nadu,2018,7,No Alert,0.1,Very Low,XGBoost
Tamil Nadu,2018,8,No Alert,0.08,Very Low,XGBoost
Tamil Nadu,2018,9,No Alert,0.02,Very Low,XGBoost
Tamil Nadu,2018,10,No Alert,0.01,Very Low,XGBoost
Tamil Nadu,2018,11,No Alert,0.01,Very Low,XGBoost
Tamil Nadu,2018,12,No Alert,0.01,Very Low,XGBoost
Tamil Nadu,2019,1,No Alert,0.01,Very Low,XGBoost
Tamil Nadu,2019,2,No Alert,0.0,Very Low,XGBoost
Tamil Nadu,2019,3,No Alert,0.04,Very Low,XGBoost
Tamil Nadu,2019,4,No Alert,0.06,Very Low,XGBoost
Tamil Nadu,2019,5,Alert,99.54,High,XGBoost
Tamil Nadu,2019,6,Alert,98.04,High,XGBoost
Tamil Nadu,2019,7,No Alert,0.09,Very Low,XGBoost
Tamil Nadu,2019,8,No Alert,0.09,Very Low,XGBoost
Tamil Nadu,2019,9,No Alert,0.02,Very Low,XGBoost
Tamil Nadu,2019,10,No Alert,0.01,Very Low,XGBoost
Tamil Nadu,2019,11,No Alert,0.01,Very Low,XGBoost
Tamil Nadu,2019,12,No Alert,0.01,Very Low,XGBoost
Tamil Nadu,2020,1,No Alert,0.01,Very Low,XGBoost
Tamil Nadu,2020,2,No Alert,0.01,Very Low,XGBoost
Tamil Nadu,2020,3,No Alert,0.02,Very Low,XGBoost
Tamil Nadu,2020,4,No Alert,0.03,Very Low,XGBoost
Tamil Nadu,2020,5,No Alert,13.81,Very Low,XGBoost
Tamil Nadu,2020,6,No Alert,0.04,Very Low,XGBoost
Tamil Nadu,2020,7,No Alert,0.01,Very Low,XGBoost
Tamil Nadu,2020,8,No Alert,0.02,Very Low,XGBoost
Tamil Nadu,2020,9,No Alert,0.01,Very Low,XGBoost
Tamil Nadu,2020,10,No Alert,0.01,Very Low,XGBoost
Tamil Nadu,2020,11,No Alert,0.01,Very Low,XGBoost
Tamil Nadu,2020,12,No Alert,0.01,Very Low,XGBoost
Tamil Nadu,2021,1,No Alert,0.0,Very Low,XGBoost
Tamil Nadu,2021,2,No Alert,0.01,Very Low,XGBoost
Tamil Nadu,2021,3,No Alert,0.02,Very Low,XGBoost
Tamil Nadu,2021,4,No Alert,0.04,Very Low,XGBoost
Tamil Nadu,2021,5,No Alert,0.01,Very Low,XGBoost
Tamil Nadu,2021,6,No Alert,0.03,Very Low,XGBoost
Tamil Nadu,2021,7,No Alert,0.03,Very Low,XGBoost
Tamil Nadu,2021,8,No Alert,0.02,Very Low,XGBoost
Tamil Nadu,2021,9,No Alert,0.02,Very Low,XGBoost
Tamil Nadu,2021,10,No Alert,0.01,Very Low,XGBoost
Tamil Nadu,2021,11,No Alert,0.01,Very Low,XGBoost
Tamil Nadu,2021,12,No Alert,0.01,Very Low,XGBoost
Tamil Nadu,2022,1,No Alert,0.0,Very Low,XGBoost
Tamil Nadu,2022,2,No Alert,0.0,Very Low,XGBoost
Tamil Nadu,2022,3,No Alert,0.01,Very Low,XGBoost
Tamil Nadu,2022,4,No Alert,0.02,Very Low,XGBoost
Tamil Nadu,2022,5,No Alert,0.02,Very Low,XGBoost
Tamil Nadu,2022,6,No Alert,0.01,Very Low,XGBoost
Tamil Nadu,2022,7,No Alert,0.01,Very Low,XGBoost
Tamil Nadu,2022,8,No Alert,0.01,Very Low,XGBoost
Tamil Nadu,2022,9,No Alert,0.02,Very Low,XGBoost
Tamil Nadu,2022,10,No Alert,0.01,Very Low,XGBoost
Tamil Nadu,2022,11,No Alert,0.01,Very Low,XGBoost
Tamil Nadu,2022,12,No Alert,0.01,Very Low,XGBoost
Tamil Nadu,2023,1,No Alert,0.01,Very Low,XGBoost
Tamil Nadu,2023,2,No Alert,0.0,Very Low,XGBoost
Tamil Nadu,2023,3,No Alert,0.01,Very Low,XGBoost
Tamil Nadu,2023,4,No Alert,0.02,Very Low,XGBoost
Tamil Nadu,2023,5,No Alert,27.02,Low,XGBoost
Tamil Nadu,2023,6,No Alert,0.02,Very Low,XGBoost
Tamil Nadu,2023,7,No Alert,0.03,Very Low,XGBoost
Tamil Nadu,2023,8,No Alert,0.02,Very Low,XGBoost
Tamil Nadu,2023,9,No Alert,0.01,Very Low,XGBoost
Tamil Nadu,2023,10,No Alert,0.01,Very Low,XGBoost
Tamil Nadu,2023,11,No Alert,0.01,Very Low,XGBoost
Tamil Nadu,2023,12,No Alert,0.01,Very Low,XGBoost
Tamil Nadu,2024,1,No Alert,0.0,Very Low,XGBoost
Tamil Nadu,2024,2,No Alert,0.01,Very Low,XGBoost
Tamil Nadu,2024,3,No Alert,0.01,Very Low,XGBoost
Tamil Nadu,2024,4,No Alert,0.05,Very Low,XGBoost
Tamil Nadu,2024,5,No Alert,24.26,Low,XGBoost
Tamil Nadu,2024,6,No Alert,0.0,Very Low,XGBoost
Tamil Nadu,2024,7,No Alert,0.01,Very Low,XGBoost
Tamil Nadu,2024,8,No Alert,0.01,Very Low,XGBoost
Tamil Nadu,2024,9,No Alert,0.01,Very Low,XGBoost
Tamil Nadu,2024,10,No Alert,0.01,Very Low,XGBoost
Tamil Nadu,2024,11,No Alert,0.01,Very Low,XGBoost
Tamil Nadu,2024,12,No Alert,0.01,Very Low,XGBoost
Tamil Nadu,2025,1,No Alert,0.01,Very Low,XGBoost
Tamil Nadu,2025,2,No Alert,0.01,Very Low,XGBoost
Tamil Nadu,2025,3,No Alert,0.01,Very Low,XGBoost
Tamil Nadu,2025,4,No Alert,0.02,Very Low,XGBoost
Tamil Nadu,2025,5,No Alert,0.02,Very Low,XGBoost
Tamil Nadu,2025,6,No Alert,0.01,Very Low,XGBoost
Tamil Nadu,2025,7,No Alert,5.26,Very Low,XGBoost
Tamil Nadu,2025,8,No Alert,0.01,Very Low,XGBoost
Tamil Nadu,2025,9,No Alert,0.01,Very Low,XGBoost
Tamil Nadu,2025,10,No Alert,0.01,Very Low,XGBoost
Tamil Nadu,2025,11,No Alert,0.01,Very Low,XGBoost
Tamil Nadu,2025,12,No Alert,0.01,Very Low,XGBoost
Telangana,2011,1,No Alert,0.01,Very Low,XGBoost
Telangana,2011,2,No Alert,0.01,Very Low,XGBoost
Telangana,2011,3,No Alert,0.01,Very Low,XGBoost
Telangana,2011,4,No Alert,0.03,Very Low,XGBoost
Telangana,2011,5,No Alert,10.14,Very Low,XGBoost
Telangana,2011,6,No Alert,0.16,Very Low,XGBoost
Telangana,2011,7,No Alert,0.12,Very Low,XGBoost
Telangana,2011,8,No Alert,0.08,Very Low,XGBoost
Telangana,2011,9,No Alert,0.04,Very Low,XGBoost
Telangana,2011,10,No Alert,0.01,Very Low,XGBoost
Telangana,2011,11,No Alert,0.01,Very Low,XGBoost
Telangana,2011,12,No Alert,0.02,Very Low,XGBoost
Telangana,2012,1,No Alert,0.01,Very Low,XGBoost
Telangana,2012,2,No Alert,0.01,Very Low,XGBoost
Telangana,2012,3,No Alert,0.02,Very Low,XGBoost
Telangana,2012,4,No Alert,38.31,Low,XGBoost
Telangana,2012,5,Alert,98.85,High,XGBoost
Telangana,2012,6,Alert,98.72,High,XGBoost
Telangana,2012,7,No Alert,0.1,Very Low,XGBoost
Telangana,2012,8,No Alert,0.07,Very Low,XGBoost
Telangana,2012,9,No Alert,0.04,Very Low,XGBoost
Telangana,2012,10,No Alert,0.01,Very Low,XGBoost
Telangana,2012,11,No Alert,0.01,Very Low,XGBoost
Telangana,2012,12,No Alert,0.01,Very Low,XGBoost
Telangana,2013,1,No Alert,0.01,Very Low,XGBoost
Telangana,2013,2,No Alert,0.01,Very Low,XGBoost
Telangana,2013,3,No Alert,0.03,Very Low,XGBoost
Telangana,2013,4,No Alert,0.01,Very Low,XGBoost
Telangana,2013,5,Alert,99.56,High,XGBoost
Telangana,2013,6,No Alert,0.09,Very Low,XGBoost
Telangana,2013,7,No Alert,0.1,Very Low,XGBoost
Telangana,2013,8,No Alert,0.04,Very Low,XGBoost
Telangana,2013,9,No Alert,0.02,Very Low,XGBoost
Telangana,2013,10,No Alert,0.01,Very Low,XGBoost
Telangana,2013,11,No Alert,0.01,Very Low,XGBoost
Telangana,2013,12,No Alert,0.01,Very Low,XGBoost
Telangana,2014,1,No Alert,0.01,Very Low,XGBoost
Telangana,2014,2,No Alert,0.02,Very Low,XGBoost
Telangana,2014,3,No Alert,0.02,Very Low,XGBoost
Telangana,2014,4,No Alert,46.13,Low,XGBoost
Telangana,2014,5,Alert,63.08,Moderate,XGBoost
Telangana,2014,6,Alert,95.6,High,XGBoost
Telangana,2014,7,No Alert,0.09,Very Low,XGBoost
Telangana,2014,8,No Alert,0.04,Very Low,XGBoost
Telangana,2014,9,No Alert,0.03,Very Low,XGBoost
Telangana,2014,10,No Alert,0.01,Very Low,XGBoost
Telangana,2014,11,No Alert,0.01,Very Low,XGBoost
Telangana,2014,12,No Alert,0.01,Very Low,XGBoost
Telangana,2015,1,No Alert,0.01,Very Low,XGBoost
Telangana,2015,2,No Alert,0.03,Very Low,XGBoost
Telangana,2015,3,No Alert,0.03,Very Low,XGBoost
Telangana,2015,4,No Alert,0.09,Very Low,XGBoost
Telangana,2015,5,Alert,99.78,High,XGBoost
Telangana,2015,6,No Alert,0.11,Very Low,XGBoost
Telangana,2015,7,No Alert,0.15,Very Low,XGBoost
Telangana,2015,8,No Alert,0.07,Very Low,XGBoost
Telangana,2015,9,No Alert,0.02,Very Low,XGBoost
Telangana,2015,10,No Alert,0.01,Very Low,XGBoost
Telangana,2015,11,No Alert,0.01,Very Low,XGBoost
Telangana,2015,12,No Alert,0.02,Very Low,XGBoost
Telangana,2016,1,No Alert,0.02,Very Low,XGBoost
Telangana,2016,2,No Alert,0.05,Very Low,XGBoost
Telangana,2016,3,No Alert,0.07,Very Low,XGBoost
Telangana,2016,4,Alert,99.83,High,XGBoost
Telangana,2016,5,Alert,57.68,Moderate,XGBoost
Telangana,2016,6,No Alert,0.16,Very Low,XGBoost
Telangana,2016,7,No Alert,0.11,Very Low,XGBoost
Telangana,2016,8,No Alert,0.13,Very Low,XGBoost
Telangana,2016,9,No Alert,0.06,Very Low,XGBoost
Telangana,2016,10,No Alert,0.02,Very Low,XGBoost
Telangana,2016,11,No Alert,0.03,Very Low,XGBoost
Telangana,2016,12,No Alert,0.02,Very Low,XGBoost
Telangana,2017,1,No Alert,0.02,Very Low,XGBoost
Telangana,2017,2,No Alert,0.03,Very Low,XGBoost
Telangana,2017,3,No Alert,0.13,Very Low,XGBoost
Telangana,2017,4,Alert,99.68,High,XGBoost
Telangana,2017,5,Alert,99.57,High,XGBoost
Telangana,2017,6,Alert,97.7,High,XGBoost
Telangana,2017,7,No Alert,0.07,Very Low,XGBoost
Telangana,2017,8,No Alert,0.09,Very Low,XGBoost
Telangana,2017,9,No Alert,0.02,Very Low,XGBoost
Telangana,2017,10,No Alert,0.02,Very Low,XGBoost
Telangana,2017,11,No Alert,0.01,Very Low,XGBoost
Telangana,2017,12,No Alert,0.03,Very Low,XGBoost
Telangana,2018,1,No Alert,0.02,Very Low,XGBoost
Telangana,2018,2,No Alert,0.02,Very Low,XGBoost
Telangana,2018,3,No Alert,0.08,Very Low,XGBoost
Telangana,2018,4,Alert,99.9,High,XGBoost
Telangana,2018,5,Alert,62.01,Moderate,XGBoost
Telangana,2018,6,No Alert,0.27,Very Low,XGBoost
Telangana,2018,7,No Alert,0.14,Very Low,XGBoost
Telangana,2018,8,No Alert,0.1,Very Low,XGBoost
Telangana,2018,9,No Alert,0.01,Very Low,XGBoost
Telangana,2018,10,No Alert,0.01,Very Low,XGBoost
Telangana,2018,11,No Alert,0.03,Very Low,XGBoost
Telangana,2018,12,No Alert,0.01,Very Low,XGBoost
Telangana,2019,1,No Alert,0.01,Very Low,XGBoost
Telangana,2019,2,No Alert,0.03,Very Low,XGBoost
Telangana,2019,3,No Alert,0.02,Very Low,XGBoost
Telangana,2019,4,Alert,99.87,High,XGBoost
Telangana,2019,5,Alert,99.95,High,XGBoost
Telangana,2019,6,Alert,99.6,High,XGBoost
Telangana,2019,7,No Alert,0.11,Very Low,XGBoost
Telangana,2019,8,No Alert,0.11,Very Low,XGBoost
Telangana,2019,9,No Alert,0.03,Very Low,XGBoost
Telangana,2019,10,No Alert,0.02,Very Low,XGBoost
Telangana,2019,11,No Alert,0.01,Very Low,XGBoost
Telangana,2019,12,No Alert,0.01,Very Low,XGBoost
Telangana,2020,1,No Alert,0.01,Very Low,XGBoost
Telangana,2020,2,No Alert,0.01,Very Low,XGBoost
Telangana,2020,3,No Alert,0.01,Very Low,XGBoost
Telangana,2020,4,No Alert,0.13,Very Low,XGBoost
Telangana,2020,5,No Alert,27.48,Low,XGBoost
Telangana,2020,6,No Alert,0.07,Very Low,XGBoost
Telangana,2020,7,No Alert,0.01,Very Low,XGBoost
Telangana,2020,8,No Alert,0.05,Very Low,XGBoost
Telangana,2020,9,No Alert,0.02,Very Low,XGBoost
Telangana,2020,10,No Alert,0.01,Very Low,XGBoost
Telangana,2020,11,No Alert,0.01,Very Low,XGBoost
Telangana,2020,12,No Alert,0.02,Very Low,XGBoost
Telangana,2021,1,No Alert,0.01,Very Low,XGBoost
Telangana,2021,2,No Alert,0.02,Very Low,XGBoost
Telangana,2021,3,No Alert,0.04,Very Low,XGBoost
Telangana,2021,4,No Alert,0.07,Very Low,XGBoost
Telangana,2021,5,No Alert,0.04,Very Low,XGBoost
Telangana,2021,6,No Alert,0.05,Very Low,XGBoost
Telangana,2021,7,No Alert,0.04,Very Low,XGBoost
Telangana,2021,8,No Alert,0.07,Very Low,XGBoost
Telangana,2021,9,No Alert,0.06,Very Low,XGBoost
Telangana,2021,10,No Alert,0.02,Very Low,XGBoost
Telangana,2021,11,No Alert,0.01,Very Low,XGBoost
Telangana,2021,12,No Alert,0.02,Very Low,XGBoost
Telangana,2022,1,No Alert,0.01,Very Low,XGBoost
Telangana,2022,2,No Alert,0.03,Very Low,XGBoost
Telangana,2022,3,No Alert,0.03,Very Low,XGBoost
Telangana,2022,4,Alert,94.4,High,XGBoost
Telangana,2022,5,Alert,86.91,High,XGBoost
Telangana,2022,6,Alert,97.35,High,XGBoost
Telangana,2022,7,No Alert,0.05,Very Low,XGBoost
Telangana,2022,8,No Alert,0.08,Very Low,XGBoost
Telangana,2022,9,No Alert,0.04,Very Low,XGBoost
Telangana,2022,10,No Alert,0.01,Very Low,XGBoost
Telangana,2022,11,No Alert,0.03,Very Low,XGBoost
Telangana,2022,12,No Alert,0.01,Very Low,XGBoost
Telangana,2023,1,No Alert,0.01,Very Low,XGBoost
Telangana,2023,2,No Alert,0.03,Very Low,XGBoost
Telangana,2023,3,No Alert,0.03,Very Low,XGBoost
Telangana,2023,4,No Alert,0.07,Very Low,XGBoost
Telangana,2023,5,No Alert,0.01,Very Low,XGBoost
Telangana,2023,6,No Alert,35.0,Low,XGBoost
Telangana,2023,7,No Alert,0.07,Very Low,XGBoost
Telangana,2023,8,No Alert,0.03,Very Low,XGBoost
Telangana,2023,9,No Alert,0.04,Very Low,XGBoost
Telangana,2023,10,No Alert,0.02,Very Low,XGBoost
Telangana,2023,11,No Alert,0.01,Very Low,XGBoost
Telangana,2023,12,No Alert,0.02,Very Low,XGBoost
Telangana,2024,1,No Alert,0.01,Very Low,XGBoost
Telangana,2024,2,No Alert,0.04,Very Low,XGBoost
Telangana,2024,3,No Alert,0.07,Very Low,XGBoost
Telangana,2024,4,Alert,66.6,Moderate,XGBoost
Telangana,2024,5,No Alert,43.38,Low,XGBoost
Telangana,2024,6,No Alert,0.02,Very Low,XGBoost
Telangana,2024,7,No Alert,0.03,Very Low,XGBoost
Telangana,2024,8,No Alert,0.01,Very Low,XGBoost
Telangana,2024,9,No Alert,0.01,Very Low,XGBoost
Telangana,2024,10,No Alert,0.01,Very Low,XGBoost
Telangana,2024,11,No Alert,0.02,Very Low,XGBoost
Telangana,2024,12,No Alert,0.01,Very Low,XGBoost
Telangana,2025,1,No Alert,0.02,Very Low,XGBoost
Telangana,2025,2,No Alert,0.02,Very Low,XGBoost
Telangana,2025,3,No Alert,0.05,Very Low,XGBoost
Telangana,2025,4,No Alert,0.03,Very Low,XGBoost
Telangana,2025,5,No Alert,0.01,Very Low,XGBoost
Telangana,2025,6,No Alert,0.01,Very Low,XGBoost
Telangana,2025,7,No Alert,0.02,Very Low,XGBoost
Telangana,2025,8,No Alert,0.01,Very Low,XGBoost
Telangana,2025,9,No Alert,0.01,Very Low,XGBoost
Telangana,2025,10,No Alert,0.01,Very Low,XGBoost
Telangana,2025,11,No Alert,0.03,Very Low,XGBoost
Telangana,2025,12,No Alert,0.03,Very Low,XGBoost
Tripura,2011,1,No Alert,0.01,Very Low,XGBoost
Tripura,2011,2,No Alert,0.01,Very Low,XGBoost
Tripura,2011,3,No Alert,0.01,Very Low,XGBoost
Tripura,2011,4,No Alert,0.04,Very Low,XGBoost
Tripura,2011,5,No Alert,0.0,Very Low,XGBoost
Tripura,2011,6,No Alert,0.01,Very Low,XGBoost
Tripura,2011,7,No Alert,0.01,Very Low,XGBoost
Tripura,2011,8,No Alert,0.01,Very Low,XGBoost
Tripura,2011,9,No Alert,0.01,Very Low,XGBoost
Tripura,2011,10,No Alert,0.01,Very Low,XGBoost
Tripura,2011,11,No Alert,0.01,Very Low,XGBoost
Tripura,2011,12,No Alert,0.01,Very Low,XGBoost
Tripura,2012,1,No Alert,0.01,Very Low,XGBoost
Tripura,2012,2,No Alert,0.01,Very Low,XGBoost
Tripura,2012,3,No Alert,0.01,Very Low,XGBoost
Tripura,2012,4,No Alert,0.04,Very Low,XGBoost
Tripura,2012,5,No Alert,0.01,Very Low,XGBoost
Tripura,2012,6,No Alert,0.02,Very Low,XGBoost
Tripura,2012,7,No Alert,0.02,Very Low,XGBoost
Tripura,2012,8,No Alert,0.04,Very Low,XGBoost
Tripura,2012,9,No Alert,0.01,Very Low,XGBoost
Tripura,2012,10,No Alert,0.01,Very Low,XGBoost
Tripura,2012,11,No Alert,0.01,Very Low,XGBoost
Tripura,2012,12,No Alert,0.02,Very Low,XGBoost
Tripura,2013,1,No Alert,0.01,Very Low,XGBoost
Tripura,2013,2,No Alert,0.01,Very Low,XGBoost
Tripura,2013,3,No Alert,0.02,Very Low,XGBoost
Tripura,2013,4,No Alert,0.04,Very Low,XGBoost
Tripura,2013,5,No Alert,0.0,Very Low,XGBoost
Tripura,2013,6,No Alert,0.04,Very Low,XGBoost
Tripura,2013,7,No Alert,0.01,Very Low,XGBoost
Tripura,2013,8,No Alert,0.01,Very Low,XGBoost
Tripura,2013,9,No Alert,0.01,Very Low,XGBoost
Tripura,2013,10,No Alert,0.01,Very Low,XGBoost
Tripura,2013,11,No Alert,0.01,Very Low,XGBoost
Tripura,2013,12,No Alert,0.01,Very Low,XGBoost
Tripura,2014,1,No Alert,0.01,Very Low,XGBoost
Tripura,2014,2,No Alert,0.01,Very Low,XGBoost
Tripura,2014,3,No Alert,0.03,Very Low,XGBoost
Tripura,2014,4,No Alert,0.08,Very Low,XGBoost
Tripura,2014,5,No Alert,0.0,Very Low,XGBoost
Tripura,2014,6,No Alert,0.03,Very Low,XGBoost
Tripura,2014,7,No Alert,0.04,Very Low,XGBoost
Tripura,2014,8,No Alert,0.02,Very Low,XGBoost
Tripura,2014,9,No Alert,0.01,Very Low,XGBoost
Tripura,2014,10,No Alert,0.01,Very Low,XGBoost
Tripura,2014,11,No Alert,0.02,Very Low,XGBoost
Tripura,2014,12,No Alert,0.02,Very Low,XGBoost
Tripura,2015,1,No Alert,0.01,Very Low,XGBoost
Tripura,2015,2,No Alert,0.01,Very Low,XGBoost
Tripura,2015,3,No Alert,0.02,Very Low,XGBoost
Tripura,2015,4,No Alert,0.06,Very Low,XGBoost
Tripura,2015,5,No Alert,0.0,Very Low,XGBoost
Tripura,2015,6,No Alert,0.01,Very Low,XGBoost
Tripura,2015,7,No Alert,0.01,Very Low,XGBoost
Tripura,2015,8,No Alert,0.01,Very Low,XGBoost
Tripura,2015,9,No Alert,0.02,Very Low,XGBoost
Tripura,2015,10,No Alert,0.01,Very Low,XGBoost
Tripura,2015,11,No Alert,0.01,Very Low,XGBoost
Tripura,2015,12,No Alert,0.01,Very Low,XGBoost
Tripura,2016,1,No Alert,0.01,Very Low,XGBoost
Tripura,2016,2,No Alert,0.01,Very Low,XGBoost
Tripura,2016,3,No Alert,0.02,Very Low,XGBoost
Tripura,2016,4,No Alert,0.05,Very Low,XGBoost
Tripura,2016,5,No Alert,0.01,Very Low,XGBoost
Tripura,2016,6,No Alert,0.02,Very Low,XGBoost
Tripura,2016,7,No Alert,0.01,Very Low,XGBoost
Tripura,2016,8,No Alert,0.05,Very Low,XGBoost
Tripura,2016,9,No Alert,0.03,Very Low,XGBoost
Tripura,2016,10,No Alert,0.01,Very Low,XGBoost
Tripura,2016,11,No Alert,0.01,Very Low,XGBoost
Tripura,2016,12,No Alert,0.01,Very Low,XGBoost
Tripura,2017,1,No Alert,0.03,Very Low,XGBoost
Tripura,2017,2,No Alert,0.01,Very Low,XGBoost
Tripura,2017,3,No Alert,0.01,Very Low,XGBoost
Tripura,2017,4,No Alert,0.05,Very Low,XGBoost
Tripura,2017,5,No Alert,0.01,Very Low,XGBoost
Tripura,2017,6,No Alert,0.01,Very Low,XGBoost
Tripura,2017,7,No Alert,0.01,Very Low,XGBoost
Tripura,2017,8,No Alert,0.03,Very Low,XGBoost
Tripura,2017,9,No Alert,0.03,Very Low,XGBoost
Tripura,2017,10,No Alert,0.01,Very Low,XGBoost
Tripura,2017,11,No Alert,0.01,Very Low,XGBoost
Tripura,2017,12,No Alert,0.01,Very Low,XGBoost
Tripura,2018,1,No Alert,0.02,Very Low,XGBoost
Tripura,2018,2,No Alert,0.01,Very Low,XGBoost
Tripura,2018,3,No Alert,0.01,Very Low,XGBoost
Tripura,2018,4,No Alert,0.05,Very Low,XGBoost
Tripura,2018,5,No Alert,0.0,Very Low,XGBoost
Tripura,2018,6,No Alert,0.01,Very Low,XGBoost
Tripura,2018,7,No Alert,0.02,Very Low,XGBoost
Tripura,2018,8,No Alert,0.06,Very Low,XGBoost
Tripura,2018,9,No Alert,0.03,Very Low,XGBoost
Tripura,2018,10,No Alert,0.01,Very Low,XGBoost
Tripura,2018,11,No Alert,0.01,Very Low,XGBoost
Tripura,2018,12,No Alert,0.02,Very Low,XGBoost
Tripura,2019,1,No Alert,0.01,Very Low,XGBoost
Tripura,2019,2,No Alert,0.01,Very Low,XGBoost
Tripura,2019,3,No Alert,0.01,Very Low,XGBoost
Tripura,2019,4,No Alert,0.04,Very Low,XGBoost
Tripura,2019,5,No Alert,0.01,Very Low,XGBoost
Tripura,2019,6,No Alert,0.04,Very Low,XGBoost
Tripura,2019,7,No Alert,0.02,Very Low,XGBoost
Tripura,2019,8,No Alert,0.07,Very Low,XGBoost
Tripura,2019,9,No Alert,0.03,Very Low,XGBoost
Tripura,2019,10,No Alert,0.01,Very Low,XGBoost
Tripura,2019,11,No Alert,0.01,Very Low,XGBoost
Tripura,2019,12,No Alert,0.01,Very Low,XGBoost
Tripura,2020,1,No Alert,0.01,Very Low,XGBoost
Tripura,2020,2,No Alert,0.02,Very Low,XGBoost
Tripura,2020,3,No Alert,0.03,Very Low,XGBoost
Tripura,2020,4,No Alert,0.06,Very Low,XGBoost
Tripura,2020,5,No Alert,0.0,Very Low,XGBoost
Tripura,2020,6,No Alert,0.01,Very Low,XGBoost
Tripura,2020,7,No Alert,0.02,Very Low,XGBoost
Tripura,2020,8,No Alert,0.03,Very Low,XGBoost
Tripura,2020,9,No Alert,0.01,Very Low,XGBoost
Tripura,2020,10,No Alert,0.01,Very Low,XGBoost
Tripura,2020,11,No Alert,0.01,Very Low,XGBoost
Tripura,2020,12,No Alert,0.02,Very Low,XGBoost
Tripura,2021,1,No Alert,0.01,Very Low,XGBoost
Tripura,2021,2,No Alert,0.01,Very Low,XGBoost
Tripura,2021,3,No Alert,0.02,Very Low,XGBoost
Tripura,2021,4,No Alert,0.05,Very Low,XGBoost
Tripura,2021,5,No Alert,0.0,Very Low,XGBoost
Tripura,2021,6,No Alert,0.0,Very Low,XGBoost
Tripura,2021,7,No Alert,0.01,Very Low,XGBoost
Tripura,2021,8,No Alert,0.01,Very Low,XGBoost
Tripura,2021,9,No Alert,0.01,Very Low,XGBoost
Tripura,2021,10,No Alert,0.01,Very Low,XGBoost
Tripura,2021,11,No Alert,0.02,Very Low,XGBoost
Tripura,2021,12,No Alert,0.01,Very Low,XGBoost
Tripura,2022,1,No Alert,0.01,Very Low,XGBoost
Tripura,2022,2,No Alert,0.01,Very Low,XGBoost
Tripura,2022,3,No Alert,0.02,Very Low,XGBoost
Tripura,2022,4,No Alert,0.02,Very Low,XGBoost
Tripura,2022,5,No Alert,0.0,Very Low,XGBoost
Tripura,2022,6,No Alert,0.01,Very Low,XGBoost
Tripura,2022,7,No Alert,0.02,Very Low,XGBoost
Tripura,2022,8,No Alert,0.03,Very Low,XGBoost
Tripura,2022,9,No Alert,0.02,Very Low,XGBoost
Tripura,2022,10,No Alert,0.01,Very Low,XGBoost
Tripura,2022,11,No Alert,0.01,Very Low,XGBoost
Tripura,2022,12,No Alert,0.01,Very Low,XGBoost
Tripura,2023,1,No Alert,0.02,Very Low,XGBoost
Tripura,2023,2,No Alert,0.02,Very Low,XGBoost
Tripura,2023,3,No Alert,0.01,Very Low,XGBoost
Tripura,2023,4,No Alert,0.04,Very Low,XGBoost
Tripura,2023,5,No Alert,0.01,Very Low,XGBoost
Tripura,2023,6,No Alert,0.01,Very Low,XGBoost
Tripura,2023,7,No Alert,0.01,Very Low,XGBoost
Tripura,2023,8,No Alert,0.02,Very Low,XGBoost
Tripura,2023,9,No Alert,0.05,Very Low,XGBoost
Tripura,2023,10,No Alert,0.01,Very Low,XGBoost
Tripura,2023,11,No Alert,0.01,Very Low,XGBoost
Tripura,2023,12,No Alert,0.01,Very Low,XGBoost
Tripura,2024,1,No Alert,0.02,Very Low,XGBoost
Tripura,2024,2,No Alert,0.01,Very Low,XGBoost
Tripura,2024,3,No Alert,0.01,Very Low,XGBoost
Tripura,2024,4,No Alert,0.02,Very Low,XGBoost
Tripura,2024,5,No Alert,0.0,Very Low,XGBoost
Tripura,2024,6,No Alert,0.01,Very Low,XGBoost
Tripura,2024,7,No Alert,0.01,Very Low,XGBoost
Tripura,2024,8,No Alert,0.01,Very Low,XGBoost
Tripura,2024,9,No Alert,0.01,Very Low,XGBoost
Tripura,2024,10,No Alert,0.01,Very Low,XGBoost
Tripura,2024,11,No Alert,0.02,Very Low,XGBoost
Tripura,2024,12,No Alert,0.03,Very Low,XGBoost
Tripura,2025,1,No Alert,0.03,Very Low,XGBoost
Tripura,2025,2,No Alert,0.02,Very Low,XGBoost
Tripura,2025,3,No Alert,0.03,Very Low,XGBoost
Tripura,2025,4,No Alert,0.02,Very Low,XGBoost
Tripura,2025,5,No Alert,0.0,Very Low,XGBoost
Tripura,2025,6,No Alert,0.01,Very Low,XGBoost
Tripura,2025,7,No Alert,0.01,Very Low,XGBoost
Tripura,2025,8,No Alert,0.01,Very Low,XGBoost
Tripura,2025,9,No Alert,0.01,Very Low,XGBoost
Tripura,2025,10,No Alert,0.01,Very Low,XGBoost
Tripura,2025,11,No Alert,0.02,Very Low,XGBoost
Tripura,2025,12,No Alert,0.03,Very Low,XGBoost
Uttar Pradesh,2011,1,No Alert,0.01,Very Low,XGBoost
Uttar Pradesh,2011,2,No Alert,0.02,Very Low,XGBoost
Uttar Pradesh,2011,3,No Alert,0.04,Very Low,XGBoost
Uttar Pradesh,2011,4,No Alert,0.03,Very Low,XGBoost
Uttar Pradesh,2011,5,No Alert,3.09,Very Low,XGBoost
Uttar Pradesh,2011,6,No Alert,8.22,Very Low,XGBoost
Uttar Pradesh,2011,7,No Alert,0.03,Very Low,XGBoost
Uttar Pradesh,2011,8,No Alert,0.03,Very Low,XGBoost
Uttar Pradesh,2011,9,No Alert,0.02,Very Low,XGBoost
Uttar Pradesh,2011,10,No Alert,0.02,Very Low,XGBoost
Uttar Pradesh,2011,11,No Alert,0.02,Very Low,XGBoost
Uttar Pradesh,2011,12,No Alert,0.01,Very Low,XGBoost
Uttar Pradesh,2012,1,No Alert,0.02,Very Low,XGBoost
Uttar Pradesh,2012,2,No Alert,0.03,Very Low,XGBoost
Uttar Pradesh,2012,3,No Alert,0.02,Very Low,XGBoost
Uttar Pradesh,2012,4,No Alert,0.02,Very Low,XGBoost
Uttar Pradesh,2012,5,Alert,98.96,High,XGBoost
Uttar Pradesh,2012,6,Alert,96.97,High,XGBoost
Uttar Pradesh,2012,7,Alert,99.82,High,XGBoost
Uttar Pradesh,2012,8,No Alert,0.03,Very Low,XGBoost
Uttar Pradesh,2012,9,No Alert,0.01,Very Low,XGBoost
Uttar Pradesh,2012,10,No Alert,0.03,Very Low,XGBoost
Uttar Pradesh,2012,11,No Alert,0.03,Very Low,XGBoost
Uttar Pradesh,2012,12,No Alert,0.01,Very Low,XGBoost
Uttar Pradesh,2013,1,No Alert,0.02,Very Low,XGBoost
Uttar Pradesh,2013,2,No Alert,0.01,Very Low,XGBoost
Uttar Pradesh,2013,3,No Alert,0.04,Very Low,XGBoost
Uttar Pradesh,2013,4,Alert,99.89,High,XGBoost
Uttar Pradesh,2013,5,No Alert,7.9,Very Low,XGBoost
Uttar Pradesh,2013,6,No Alert,0.04,Very Low,XGBoost
Uttar Pradesh,2013,7,No Alert,0.04,Very Low,XGBoost
Uttar Pradesh,2013,8,No Alert,0.03,Very Low,XGBoost
Uttar Pradesh,2013,9,No Alert,0.02,Very Low,XGBoost
Uttar Pradesh,2013,10,No Alert,0.0,Very Low,XGBoost
Uttar Pradesh,2013,11,No Alert,0.03,Very Low,XGBoost
Uttar Pradesh,2013,12,No Alert,0.01,Very Low,XGBoost
Uttar Pradesh,2014,1,No Alert,0.01,Very Low,XGBoost
Uttar Pradesh,2014,2,No Alert,0.01,Very Low,XGBoost
Uttar Pradesh,2014,3,No Alert,0.02,Very Low,XGBoost
Uttar Pradesh,2014,4,Alert,99.93,High,XGBoost
Uttar Pradesh,2014,5,Alert,99.73,High,XGBoost
Uttar Pradesh,2014,6,Alert,99.98,High,XGBoost
Uttar Pradesh,2014,7,No Alert,0.09,Very Low,XGBoost
Uttar Pradesh,2014,8,No Alert,0.29,Very Low,XGBoost
Uttar Pradesh,2014,9,No Alert,0.01,Very Low,XGBoost
Uttar Pradesh,2014,10,No Alert,0.01,Very Low,XGBoost
Uttar Pradesh,2014,11,No Alert,0.02,Very Low,XGBoost
Uttar Pradesh,2014,12,No Alert,0.02,Very Low,XGBoost
Uttar Pradesh,2015,1,No Alert,0.01,Very Low,XGBoost
Uttar Pradesh,2015,2,No Alert,0.01,Very Low,XGBoost
Uttar Pradesh,2015,3,No Alert,0.01,Very Low,XGBoost
Uttar Pradesh,2015,4,No Alert,0.08,Very Low,XGBoost
Uttar Pradesh,2015,5,Alert,99.74,High,XGBoost
Uttar Pradesh,2015,6,Alert,99.99,High,XGBoost
Uttar Pradesh,2015,7,No Alert,0.17,Very Low,XGBoost
Uttar Pradesh,2015,8,No Alert,0.09,Very Low,XGBoost
Uttar Pradesh,2015,9,No Alert,0.01,Very Low,XGBoost
Uttar Pradesh,2015,10,No Alert,0.02,Very Low,XGBoost
Uttar Pradesh,2015,11,No Alert,0.03,Very Low,XGBoost
Uttar Pradesh,2015,12,No Alert,0.02,Very Low,XGBoost
Uttar Pradesh,2016,1,No Alert,0.02,Very Low,XGBoost
Uttar Pradesh,2016,2,No Alert,0.01,Very Low,XGBoost
Uttar Pradesh,2016,3,No Alert,0.08,Very Low,XGBoost
Uttar Pradesh,2016,4,Alert,99.64,High,XGBoost
Uttar Pradesh,2016,5,Alert,99.97,High,XGBoost
Uttar Pradesh,2016,6,No Alert,14.67,Very Low,XGBoost
Uttar Pradesh,2016,7,No Alert,0.05,Very Low,XGBoost
Uttar Pradesh,2016,8,No Alert,0.07,Very Low,XGBoost
Uttar Pradesh,2016,9,No Alert,0.02,Very Low,XGBoost
Uttar Pradesh,2016,10,No Alert,0.01,Very Low,XGBoost
Uttar Pradesh,2016,11,No Alert,0.03,Very Low,XGBoost
Uttar Pradesh,2016,12,No Alert,0.03,Very Low,XGBoost
Uttar Pradesh,2017,1,No Alert,0.01,Very Low,XGBoost
Uttar Pradesh,2017,2,No Alert,0.04,Very Low,XGBoost
Uttar Pradesh,2017,3,No Alert,0.1,Very Low,XGBoost
Uttar Pradesh,2017,4,No Alert,35.86,Low,XGBoost
Uttar Pradesh,2017,5,Alert,78.22,Moderate,XGBoost
Uttar Pradesh,2017,6,Alert,99.99,High,XGBoost
Uttar Pradesh,2017,7,No Alert,0.05,Very Low,XGBoost
Uttar Pradesh,2017,8,No Alert,0.09,Very Low,XGBoost
Uttar Pradesh,2017,9,No Alert,0.06,Very Low,XGBoost
Uttar Pradesh,2017,10,No Alert,0.02,Very Low,XGBoost
Uttar Pradesh,2017,11,No Alert,0.03,Very Low,XGBoost
Uttar Pradesh,2017,12,No Alert,0.03,Very Low,XGBoost
Uttar Pradesh,2018,1,No Alert,0.02,Very Low,XGBoost
Uttar Pradesh,2018,2,No Alert,0.02,Very Low,XGBoost
Uttar Pradesh,2018,3,No Alert,0.16,Very Low,XGBoost
Uttar Pradesh,2018,4,No Alert,37.65,Low,XGBoost
Uttar Pradesh,2018,5,Alert,99.28,High,XGBoost
Uttar Pradesh,2018,6,Alert,99.64,High,XGBoost
Uttar Pradesh,2018,7,No Alert,0.17,Very Low,XGBoost
Uttar Pradesh,2018,8,No Alert,0.09,Very Low,XGBoost
Uttar Pradesh,2018,9,No Alert,0.03,Very Low,XGBoost
Uttar Pradesh,2018,10,No Alert,0.04,Very Low,XGBoost
Uttar Pradesh,2018,11,No Alert,0.03,Very Low,XGBoost
Uttar Pradesh,2018,12,No Alert,0.02,Very Low,XGBoost
Uttar Pradesh,2019,1,No Alert,0.01,Very Low,XGBoost
Uttar Pradesh,2019,2,No Alert,0.01,Very Low,XGBoost
Uttar Pradesh,2019,3,No Alert,0.05,Very Low,XGBoost
Uttar Pradesh,2019,4,Alert,99.99,High,XGBoost
Uttar Pradesh,2019,5,Alert,99.98,High,XGBoost
Uttar Pradesh,2019,6,Alert,99.97,High,XGBoost
Uttar Pradesh,2019,7,No Alert,0.16,Very Low,XGBoost
Uttar Pradesh,2019,8,No Alert,0.12,Very Low,XGBoost
Uttar Pradesh,2019,9,No Alert,0.01,Very Low,XGBoost
Uttar Pradesh,2019,10,No Alert,0.02,Very Low,XGBoost
Uttar Pradesh,2019,11,No Alert,0.03,Very Low,XGBoost
Uttar Pradesh,2019,12,No Alert,0.02,Very Low,XGBoost
Uttar Pradesh,2020,1,No Alert,0.01,Very Low,XGBoost
Uttar Pradesh,2020,2,No Alert,0.01,Very Low,XGBoost
Uttar Pradesh,2020,3,No Alert,0.02,Very Low,XGBoost
Uttar Pradesh,2020,4,No Alert,0.19,Very Low,XGBoost
Uttar Pradesh,2020,5,Alert,99.82,High,XGBoost
Uttar Pradesh,2020,6,No Alert,0.02,Very Low,XGBoost
Uttar Pradesh,2020,7,No Alert,0.04,Very Low,XGBoost
Uttar Pradesh,2020,8,No Alert,0.12,Very Low,XGBoost
Uttar Pradesh,2020,9,No Alert,0.05,Very Low,XGBoost
Uttar Pradesh,2020,10,No Alert,0.01,Very Low,XGBoost
Uttar Pradesh,2020,11,No Alert,0.02,Very Low,XGBoost
Uttar Pradesh,2020,12,No Alert,0.02,Very Low,XGBoost
Uttar Pradesh,2021,1,No Alert,0.01,Very Low,XGBoost
Uttar Pradesh,2021,2,No Alert,0.02,Very Low,XGBoost
Uttar Pradesh,2021,3,Alert,99.81,High,XGBoost
Uttar Pradesh,2021,4,Alert,99.91,High,XGBoost
Uttar Pradesh,2021,5,No Alert,1.81,Very Low,XGBoost
Uttar Pradesh,2021,6,No Alert,13.53,Very Low,XGBoost
Uttar Pradesh,2021,7,No Alert,0.08,Very Low,XGBoost
Uttar Pradesh,2021,8,No Alert,0.05,Very Low,XGBoost
Uttar Pradesh,2021,9,No Alert,0.02,Very Low,XGBoost
Uttar Pradesh,2021,10,No Alert,0.01,Very Low,XGBoost
Uttar Pradesh,2021,11,No Alert,0.04,Very Low,XGBoost
Uttar Pradesh,2021,12,No Alert,0.02,Very Low,XGBoost
Uttar Pradesh,2022,1,No Alert,0.01,Very Low,XGBoost
Uttar Pradesh,2022,2,No Alert,0.02,Very Low,XGBoost
Uttar Pradesh,2022,3,No Alert,0.07,Very Low,XGBoost
Uttar Pradesh,2022,4,Alert,99.64,High,XGBoost
Uttar Pradesh,2022,5,Alert,98.55,High,XGBoost
Uttar Pradesh,2022,6,Alert,99.72,High,XGBoost
Uttar Pradesh,2022,7,No Alert,0.04,Very Low,XGBoost
Uttar Pradesh,2022,8,No Alert,0.09,Very Low,XGBoost
Uttar Pradesh,2022,9,No Alert,0.03,Very Low,XGBoost
Uttar Pradesh,2022,10,No Alert,0.01,Very Low,XGBoost
Uttar Pradesh,2022,11,No Alert,0.03,Very Low,XGBoost
Uttar Pradesh,2022,12,No Alert,0.03,Very Low,XGBoost
Uttar Pradesh,2023,1,No Alert,0.01,Very Low,XGBoost
Uttar Pradesh,2023,2,No Alert,0.02,Very Low,XGBoost
Uttar Pradesh,2023,3,No Alert,0.02,Very Low,XGBoost
Uttar Pradesh,2023,4,Alert,99.98,High,XGBoost
Uttar Pradesh,2023,5,Alert,99.83,High,XGBoost
Uttar Pradesh,2023,6,Alert,99.73,High,XGBoost
Uttar Pradesh,2023,7,No Alert,0.04,Very Low,XGBoost
Uttar Pradesh,2023,8,No Alert,0.11,Very Low,XGBoost
Uttar Pradesh,2023,9,No Alert,0.01,Very Low,XGBoost
Uttar Pradesh,2023,10,No Alert,0.02,Very Low,XGBoost
Uttar Pradesh,2023,11,No Alert,0.02,Very Low,XGBoost
Uttar Pradesh,2023,12,No Alert,0.03,Very Low,XGBoost
Uttar Pradesh,2024,1,No Alert,0.03,Very Low,XGBoost
Uttar Pradesh,2024,2,No Alert,0.01,Very Low,XGBoost
Uttar Pradesh,2024,3,No Alert,0.03,Very Low,XGBoost
Uttar Pradesh,2024,4,Alert,89.75,High,XGBoost
Uttar Pradesh,2024,5,Alert,99.88,High,XGBoost
Uttar Pradesh,2024,6,Alert,99.97,High,XGBoost
Uttar Pradesh,2024,7,No Alert,0.05,Very Low,XGBoost
Uttar Pradesh,2024,8,No Alert,0.01,Very Low,XGBoost
Uttar Pradesh,2024,9,No Alert,0.01,Very Low,XGBoost
Uttar Pradesh,2024,10,No Alert,0.01,Very Low,XGBoost
Uttar Pradesh,2024,11,No Alert,0.04,Very Low,XGBoost
Uttar Pradesh,2024,12,No Alert,0.02,Very Low,XGBoost
Uttar Pradesh,2025,1,No Alert,0.02,Very Low,XGBoost
Uttar Pradesh,2025,2,No Alert,0.02,Very Low,XGBoost
Uttar Pradesh,2025,3,No Alert,0.1,Very Low,XGBoost
Uttar Pradesh,2025,4,Alert,80.22,High,XGBoost
Uttar Pradesh,2025,5,Alert,99.39,High,XGBoost
Uttar Pradesh,2025,6,Alert,99.88,High,XGBoost
Uttar Pradesh,2025,7,No Alert,0.05,Very Low,XGBoost
Uttar Pradesh,2025,8,No Alert,0.03,Very Low,XGBoost
Uttar Pradesh,2025,9,No Alert,0.02,Very Low,XGBoost
Uttar Pradesh,2025,10,No Alert,0.01,Very Low,XGBoost
Uttar Pradesh,2025,11,No Alert,0.04,Very Low,XGBoost
Uttar Pradesh,2025,12,No Alert,0.03,Very Low,XGBoost
Uttarakhand,2011,1,No Alert,0.01,Very Low,XGBoost
Uttarakhand,2011,2,No Alert,0.0,Very Low,XGBoost
Uttarakhand,2011,3,No Alert,0.01,Very Low,XGBoost
Uttarakhand,2011,4,No Alert,0.03,Very Low,XGBoost
Uttarakhand,2011,5,No Alert,0.01,Very Low,XGBoost
Uttarakhand,2011,6,No Alert,0.01,Very Low,XGBoost
Uttarakhand,2011,7,No Alert,0.01,Very Low,XGBoost
Uttarakhand,2011,8,No Alert,0.01,Very Low,XGBoost
Uttarakhand,2011,9,No Alert,0.01,Very Low,XGBoost
Uttarakhand,2011,10,No Alert,0.02,Very Low,XGBoost
Uttarakhand,2011,11,No Alert,0.02,Very Low,XGBoost
Uttarakhand,2011,12,No Alert,0.02,Very Low,XGBoost
Uttarakhand,2012,1,No Alert,0.01,Very Low,XGBoost
Uttarakhand,2012,2,No Alert,0.01,Very Low,XGBoost
Uttarakhand,2012,3,No Alert,0.02,Very Low,XGBoost
Uttarakhand,2012,4,No Alert,0.03,Very Low,XGBoost
Uttarakhand,2012,5,No Alert,0.01,Very Low,XGBoost
Uttarakhand,2012,6,No Alert,0.07,Very Low,XGBoost
Uttarakhand,2012,7,No Alert,0.02,Very Low,XGBoost
Uttarakhand,2012,8,No Alert,0.01,Very Low,XGBoost
Uttarakhand,2012,9,No Alert,0.02,Very Low,XGBoost
Uttarakhand,2012,10,No Alert,0.01,Very Low,XGBoost
Uttarakhand,2012,11,No Alert,0.01,Very Low,XGBoost
Uttarakhand,2012,12,No Alert,0.01,Very Low,XGBoost
Uttarakhand,2013,1,No Alert,0.01,Very Low,XGBoost
Uttarakhand,2013,2,No Alert,0.0,Very Low,XGBoost
Uttarakhand,2013,3,No Alert,0.02,Very Low,XGBoost
Uttarakhand,2013,4,No Alert,0.05,Very Low,XGBoost
Uttarakhand,2013,5,No Alert,0.02,Very Low,XGBoost
Uttarakhand,2013,6,No Alert,0.01,Very Low,XGBoost
Uttarakhand,2013,7,No Alert,0.01,Very Low,XGBoost
Uttarakhand,2013,8,No Alert,0.01,Very Low,XGBoost
Uttarakhand,2013,9,No Alert,0.01,Very Low,XGBoost
Uttarakhand,2013,10,No Alert,0.01,Very Low,XGBoost
Uttarakhand,2013,11,No Alert,0.01,Very Low,XGBoost
Uttarakhand,2013,12,No Alert,0.01,Very Low,XGBoost
Uttarakhand,2014,1,No Alert,0.01,Very Low,XGBoost
Uttarakhand,2014,2,No Alert,0.01,Very Low,XGBoost
Uttarakhand,2014,3,No Alert,0.01,Very Low,XGBoost
Uttarakhand,2014,4,No Alert,0.07,Very Low,XGBoost
Uttarakhand,2014,5,No Alert,0.02,Very Low,XGBoost
Uttarakhand,2014,6,No Alert,0.04,Very Low,XGBoost
Uttarakhand,2014,7,No Alert,0.01,Very Low,XGBoost
Uttarakhand,2014,8,No Alert,0.01,Very Low,XGBoost
Uttarakhand,2014,9,No Alert,0.01,Very Low,XGBoost
Uttarakhand,2014,10,No Alert,0.02,Very Low,XGBoost
Uttarakhand,2014,11,No Alert,0.02,Very Low,XGBoost
Uttarakhand,2014,12,No Alert,0.01,Very Low,XGBoost
Uttarakhand,2015,1,No Alert,0.01,Very Low,XGBoost
Uttarakhand,2015,2,No Alert,0.01,Very Low,XGBoost
Uttarakhand,2015,3,No Alert,0.01,Very Low,XGBoost
Uttarakhand,2015,4,No Alert,0.03,Very Low,XGBoost
Uttarakhand,2015,5,No Alert,0.02,Very Low,XGBoost
Uttarakhand,2015,6,No Alert,0.01,Very Low,XGBoost
Uttarakhand,2015,7,No Alert,0.01,Very Low,XGBoost
Uttarakhand,2015,8,No Alert,0.01,Very Low,XGBoost
Uttarakhand,2015,9,No Alert,0.01,Very Low,XGBoost
Uttarakhand,2015,10,No Alert,0.02,Very Low,XGBoost
Uttarakhand,2015,11,No Alert,0.02,Very Low,XGBoost
Uttarakhand,2015,12,No Alert,0.02,Very Low,XGBoost
Uttarakhand,2016,1,No Alert,0.02,Very Low,XGBoost
Uttarakhand,2016,2,No Alert,0.01,Very Low,XGBoost
Uttarakhand,2016,3,No Alert,0.02,Very Low,XGBoost
Uttarakhand,2016,4,No Alert,0.14,Very Low,XGBoost
Uttarakhand,2016,5,No Alert,0.01,Very Low,XGBoost
Uttarakhand,2016,6,No Alert,0.01,Very Low,XGBoost
Uttarakhand,2016,7,No Alert,0.01,Very Low,XGBoost
Uttarakhand,2016,8,No Alert,0.01,Very Low,XGBoost
Uttarakhand,2016,9,No Alert,0.02,Very Low,XGBoost
Uttarakhand,2016,10,No Alert,0.02,Very Low,XGBoost
Uttarakhand,2016,11,No Alert,0.03,Very Low,XGBoost
Uttarakhand,2016,12,No Alert,0.02,Very Low,XGBoost
Uttarakhand,2017,1,No Alert,0.01,Very Low,XGBoost
Uttarakhand,2017,2,No Alert,0.01,Very Low,XGBoost
Uttarakhand,2017,3,No Alert,0.02,Very Low,XGBoost
Uttarakhand,2017,4,No Alert,0.07,Very Low,XGBoost
Uttarakhand,2017,5,No Alert,0.01,Very Low,XGBoost
Uttarakhand,2017,6,No Alert,0.02,Very Low,XGBoost
Uttarakhand,2017,7,No Alert,0.01,Very Low,XGBoost
Uttarakhand,2017,8,No Alert,0.01,Very Low,XGBoost
Uttarakhand,2017,9,No Alert,0.02,Very Low,XGBoost
Uttarakhand,2017,10,No Alert,0.02,Very Low,XGBoost
Uttarakhand,2017,11,No Alert,0.02,Very Low,XGBoost
Uttarakhand,2017,12,No Alert,0.01,Very Low,XGBoost
Uttarakhand,2018,1,No Alert,0.03,Very Low,XGBoost
Uttarakhand,2018,2,No Alert,0.01,Very Low,XGBoost
Uttarakhand,2018,3,No Alert,0.03,Very Low,XGBoost
Uttarakhand,2018,4,No Alert,0.03,Very Low,XGBoost
Uttarakhand,2018,5,No Alert,0.02,Very Low,XGBoost
Uttarakhand,2018,6,No Alert,0.01,Very Low,XGBoost
Uttarakhand,2018,7,No Alert,0.02,Very Low,XGBoost
Uttarakhand,2018,8,No Alert,0.01,Very Low,XGBoost
Uttarakhand,2018,9,No Alert,0.01,Very Low,XGBoost
Uttarakhand,2018,10,No Alert,0.03,Very Low,XGBoost
Uttarakhand,2018,11,No Alert,0.02,Very Low,XGBoost
Uttarakhand,2018,12,No Alert,0.02,Very Low,XGBoost
Uttarakhand,2019,1,No Alert,0.01,Very Low,XGBoost
Uttarakhand,2019,2,No Alert,0.01,Very Low,XGBoost
Uttarakhand,2019,3,No Alert,0.01,Very Low,XGBoost
Uttarakhand,2019,4,No Alert,0.05,Very Low,XGBoost
Uttarakhand,2019,5,No Alert,0.02,Very Low,XGBoost
Uttarakhand,2019,6,No Alert,0.01,Very Low,XGBoost
Uttarakhand,2019,7,No Alert,0.01,Very Low,XGBoost
Uttarakhand,2019,8,No Alert,0.01,Very Low,XGBoost
Uttarakhand,2019,9,No Alert,0.02,Very Low,XGBoost
Uttarakhand,2019,10,No Alert,0.01,Very Low,XGBoost
Uttarakhand,2019,11,No Alert,0.02,Very Low,XGBoost
Uttarakhand,2019,12,No Alert,0.02,Very Low,XGBoost
Uttarakhand,2020,1,No Alert,0.01,Very Low,XGBoost
Uttarakhand,2020,2,No Alert,0.01,Very Low,XGBoost
Uttarakhand,2020,3,No Alert,0.01,Very Low,XGBoost
Uttarakhand,2020,4,No Alert,0.04,Very Low,XGBoost
Uttarakhand,2020,5,No Alert,0.01,Very Low,XGBoost
Uttarakhand,2020,6,No Alert,0.01,Very Low,XGBoost
Uttarakhand,2020,7,No Alert,0.0,Very Low,XGBoost
Uttarakhand,2020,8,No Alert,0.01,Very Low,XGBoost
Uttarakhand,2020,9,No Alert,0.01,Very Low,XGBoost
Uttarakhand,2020,10,No Alert,0.02,Very Low,XGBoost
Uttarakhand,2020,11,No Alert,0.01,Very Low,XGBoost
Uttarakhand,2020,12,No Alert,0.02,Very Low,XGBoost
Uttarakhand,2021,1,No Alert,0.01,Very Low,XGBoost
Uttarakhand,2021,2,No Alert,0.02,Very Low,XGBoost
Uttarakhand,2021,3,No Alert,0.03,Very Low,XGBoost
Uttarakhand,2021,4,No Alert,0.07,Very Low,XGBoost
Uttarakhand,2021,5,No Alert,0.01,Very Low,XGBoost
Uttarakhand,2021,6,No Alert,0.01,Very Low,XGBoost
Uttarakhand,2021,7,No Alert,0.0,Very Low,XGBoost
Uttarakhand,2021,8,No Alert,0.01,Very Low,XGBoost
Uttarakhand,2021,9,No Alert,0.01,Very Low,XGBoost
Uttarakhand,2021,10,No Alert,0.02,Very Low,XGBoost
Uttarakhand,2021,11,No Alert,0.03,Very Low,XGBoost
Uttarakhand,2021,12,No Alert,0.01,Very Low,XGBoost
Uttarakhand,2022,1,No Alert,0.01,Very Low,XGBoost
Uttarakhand,2022,2,No Alert,0.01,Very Low,XGBoost
Uttarakhand,2022,3,No Alert,0.02,Very Low,XGBoost
Uttarakhand,2022,4,No Alert,0.14,Very Low,XGBoost
Uttarakhand,2022,5,No Alert,0.01,Very Low,XGBoost
Uttarakhand,2022,6,No Alert,0.01,Very Low,XGBoost
Uttarakhand,2022,7,No Alert,0.0,Very Low,XGBoost
Uttarakhand,2022,8,No Alert,0.01,Very Low,XGBoost
Uttarakhand,2022,9,No Alert,0.01,Very Low,XGBoost
Uttarakhand,2022,10,No Alert,0.02,Very Low,XGBoost
Uttarakhand,2022,11,No Alert,0.03,Very Low,XGBoost
Uttarakhand,2022,12,No Alert,0.02,Very Low,XGBoost
Uttarakhand,2023,1,No Alert,0.01,Very Low,XGBoost
Uttarakhand,2023,2,No Alert,0.02,Very Low,XGBoost
Uttarakhand,2023,3,No Alert,0.02,Very Low,XGBoost
Uttarakhand,2023,4,No Alert,0.07,Very Low,XGBoost
Uttarakhand,2023,5,No Alert,0.03,Very Low,XGBoost
Uttarakhand,2023,6,No Alert,0.0,Very Low,XGBoost
Uttarakhand,2023,7,No Alert,0.0,Very Low,XGBoost
Uttarakhand,2023,8,No Alert,0.01,Very Low,XGBoost
Uttarakhand,2023,9,No Alert,0.01,Very Low,XGBoost
Uttarakhand,2023,10,No Alert,0.01,Very Low,XGBoost
Uttarakhand,2023,11,No Alert,0.02,Very Low,XGBoost
Uttarakhand,2023,12,No Alert,0.02,Very Low,XGBoost
Uttarakhand,2024,1,No Alert,0.02,Very Low,XGBoost
Uttarakhand,2024,2,No Alert,0.01,Very Low,XGBoost
Uttarakhand,2024,3,No Alert,0.02,Very Low,XGBoost
Uttarakhand,2024,4,No Alert,0.09,Very Low,XGBoost
Uttarakhand,2024,5,No Alert,0.03,Very Low,XGBoost
Uttarakhand,2024,6,No Alert,0.01,Very Low,XGBoost
Uttarakhand,2024,7,No Alert,0.01,Very Low,XGBoost
Uttarakhand,2024,8,No Alert,0.01,Very Low,XGBoost
Uttarakhand,2024,9,No Alert,0.02,Very Low,XGBoost
Uttarakhand,2024,10,No Alert,0.03,Very Low,XGBoost
Uttarakhand,2024,11,No Alert,0.03,Very Low,XGBoost
Uttarakhand,2024,12,No Alert,0.03,Very Low,XGBoost
Uttarakhand,2025,1,No Alert,0.03,Very Low,XGBoost
Uttarakhand,2025,2,No Alert,0.02,Very Low,XGBoost
Uttarakhand,2025,3,No Alert,0.04,Very Low,XGBoost
Uttarakhand,2025,4,No Alert,0.08,Very Low,XGBoost
Uttarakhand,2025,5,No Alert,0.01,Very Low,XGBoost
Uttarakhand,2025,6,No Alert,0.0,Very Low,XGBoost
Uttarakhand,2025,7,No Alert,0.0,Very Low,XGBoost
Uttarakhand,2025,8,No Alert,0.01,Very Low,XGBoost
Uttarakhand,2025,9,No Alert,0.01,Very Low,XGBoost
Uttarakhand,2025,10,No Alert,0.02,Very Low,XGBoost
Uttarakhand,2025,11,No Alert,0.03,Very Low,XGBoost
Uttarakhand,2025,12,No Alert,0.05,Very Low,XGBoost
West Bengal,2011,1,No Alert,0.02,Very Low,XGBoost
West Bengal,2011,2,No Alert,0.02,Very Low,XGBoost
West Bengal,2011,3,No Alert,0.02,Very Low,XGBoost
West Bengal,2011,4,No Alert,0.04,Very Low,XGBoost
West Bengal,2011,5,No Alert,0.03,Very Low,XGBoost
West Bengal,2011,6,Alert,96.54,High,XGBoost
West Bengal,2011,7,No Alert,0.06,Very Low,XGBoost
West Bengal,2011,8,No Alert,0.06,Very Low,XGBoost
West Bengal,2011,9,No Alert,0.02,Very Low,XGBoost
West Bengal,2011,10,No Alert,0.03,Very Low,XGBoost
West Bengal,2011,11,No Alert,0.02,Very Low,XGBoost
West Bengal,2011,12,No Alert,0.02,Very Low,XGBoost
West Bengal,2012,1,No Alert,0.02,Very Low,XGBoost
West Bengal,2012,2,No Alert,0.03,Very Low,XGBoost
West Bengal,2012,3,No Alert,0.05,Very Low,XGBoost
West Bengal,2012,4,Alert,99.79,High,XGBoost
West Bengal,2012,5,Alert,99.92,High,XGBoost
West Bengal,2012,6,Alert,99.98,High,XGBoost
West Bengal,2012,7,No Alert,0.07,Very Low,XGBoost
West Bengal,2012,8,No Alert,0.08,Very Low,XGBoost
West Bengal,2012,9,No Alert,0.03,Very Low,XGBoost
West Bengal,2012,10,No Alert,0.02,Very Low,XGBoost
West Bengal,2012,11,No Alert,0.02,Very Low,XGBoost
West Bengal,2012,12,No Alert,0.02,Very Low,XGBoost
West Bengal,2013,1,No Alert,0.02,Very Low,XGBoost
West Bengal,2013,2,No Alert,0.03,Very Low,XGBoost
West Bengal,2013,3,No Alert,0.05,Very Low,XGBoost
West Bengal,2013,4,Alert,99.93,High,XGBoost
West Bengal,2013,5,Alert,99.94,High,XGBoost
West Bengal,2013,6,No Alert,0.06,Very Low,XGBoost
West Bengal,2013,7,No Alert,0.05,Very Low,XGBoost
West Bengal,2013,8,No Alert,0.04,Very Low,XGBoost
West Bengal,2013,9,No Alert,0.04,Very Low,XGBoost
West Bengal,2013,10,No Alert,0.01,Very Low,XGBoost
West Bengal,2013,11,No Alert,0.03,Very Low,XGBoost
West Bengal,2013,12,No Alert,0.03,Very Low,XGBoost
West Bengal,2014,1,No Alert,0.03,Very Low,XGBoost
West Bengal,2014,2,No Alert,0.02,Very Low,XGBoost
West Bengal,2014,3,No Alert,0.04,Very Low,XGBoost
West Bengal,2014,4,Alert,99.76,High,XGBoost
West Bengal,2014,5,Alert,99.63,High,XGBoost
West Bengal,2014,6,Alert,98.1,High,XGBoost
West Bengal,2014,7,No Alert,0.1,Very Low,XGBoost
West Bengal,2014,8,No Alert,0.19,Very Low,XGBoost
West Bengal,2014,9,No Alert,0.03,Very Low,XGBoost
West Bengal,2014,10,No Alert,0.02,Very Low,XGBoost
West Bengal,2014,11,No Alert,0.03,Very Low,XGBoost
West Bengal,2014,12,No Alert,0.03,Very Low,XGBoost
West Bengal,2015,1,No Alert,0.03,Very Low,XGBoost
West Bengal,2015,2,No Alert,0.01,Very Low,XGBoost
West Bengal,2015,3,No Alert,0.06,Very Low,XGBoost
West Bengal,2015,4,Alert,99.7,High,XGBoost
West Bengal,2015,5,Alert,99.54,High,XGBoost
West Bengal,2015,6,No Alert,0.23,Very Low,XGBoost
West Bengal,2015,7,No Alert,0.09,Very Low,XGBoost
West Bengal,2015,8,No Alert,0.24,Very Low,XGBoost
West Bengal,2015,9,No Alert,0.1,Very Low,XGBoost
West Bengal,2015,10,No Alert,0.01,Very Low,XGBoost
West Bengal,2015,11,No Alert,0.02,Very Low,XGBoost
West Bengal,2015,12,No Alert,0.03,Very Low,XGBoost
West Bengal,2016,1,No Alert,0.02,Very Low,XGBoost
West Bengal,2016,2,No Alert,0.01,Very Low,XGBoost
West Bengal,2016,3,No Alert,0.05,Very Low,XGBoost
West Bengal,2016,4,Alert,99.97,High,XGBoost
West Bengal,2016,5,Alert,99.24,High,XGBoost
West Bengal,2016,6,No Alert,0.08,Very Low,XGBoost
West Bengal,2016,7,No Alert,0.09,Very Low,XGBoost
West Bengal,2016,8,No Alert,0.16,Very Low,XGBoost
West Bengal,2016,9,No Alert,0.05,Very Low,XGBoost
West Bengal,2016,10,No Alert,0.01,Very Low,XGBoost
West Bengal,2016,11,No Alert,0.04,Very Low,XGBoost
West Bengal,2016,12,No Alert,0.04,Very Low,XGBoost
West Bengal,2017,1,No Alert,0.04,Very Low,XGBoost
West Bengal,2017,2,No Alert,0.03,Very Low,XGBoost
West Bengal,2017,3,Alert,99.98,High,XGBoost
West Bengal,2017,4,Alert,99.85,High,XGBoost
West Bengal,2017,5,No Alert,0.04,Very Low,XGBoost
West Bengal,2017,6,No Alert,0.17,Very Low,XGBoost
West Bengal,2017,7,No Alert,0.05,Very Low,XGBoost
West Bengal,2017,8,No Alert,0.13,Very Low,XGBoost
West Bengal,2017,9,No Alert,0.07,Very Low,XGBoost
West Bengal,2017,10,No Alert,0.01,Very Low,XGBoost
West Bengal,2017,11,No Alert,0.03,Very Low,XGBoost
West Bengal,2017,12,No Alert,0.03,Very Low,XGBoost
West Bengal,2018,1,No Alert,0.03,Very Low,XGBoost
West Bengal,2018,2,No Alert,0.03,Very Low,XGBoost
West Bengal,2018,3,No Alert,0.06,Very Low,XGBoost
West Bengal,2018,4,No Alert,0.05,Very Low,XGBoost
West Bengal,2018,5,No Alert,0.02,Very Low,XGBoost
West Bengal,2018,6,No Alert,0.35,Very Low,XGBoost
West Bengal,2018,7,No Alert,0.12,Very Low,XGBoost
West Bengal,2018,8,No Alert,0.18,Very Low,XGBoost
West Bengal,2018,9,No Alert,0.1,Very Low,XGBoost
West Bengal,2018,10,No Alert,0.03,Very Low,XGBoost
West Bengal,2018,11,No Alert,0.04,Very Low,XGBoost
West Bengal,2018,12,No Alert,0.03,Very Low,XGBoost
West Bengal,2019,1,No Alert,0.03,Very Low,XGBoost
West Bengal,2019,2,No Alert,0.02,Very Low,XGBoost
West Bengal,2019,3,No Alert,0.03,Very Low,XGBoost
West Bengal,2019,4,Alert,59.24,Moderate,XGBoost
West Bengal,2019,5,No Alert,0.15,Very Low,XGBoost
West Bengal,2019,6,No Alert,0.1,Very Low,XGBoost
West Bengal,2019,7,No Alert,0.23,Very Low,XGBoost
West Bengal,2019,8,No Alert,0.14,Very Low,XGBoost
West Bengal,2019,9,No Alert,0.02,Very Low,XGBoost
West Bengal,2019,10,No Alert,0.02,Very Low,XGBoost
West Bengal,2019,11,No Alert,0.03,Very Low,XGBoost
West Bengal,2019,12,No Alert,0.03,Very Low,XGBoost
West Bengal,2020,1,No Alert,0.02,Very Low,XGBoost
West Bengal,2020,2,No Alert,0.02,Very Low,XGBoost
West Bengal,2020,3,No Alert,0.04,Very Low,XGBoost
West Bengal,2020,4,No Alert,23.04,Low,XGBoost
West Bengal,2020,5,No Alert,0.01,Very Low,XGBoost
West Bengal,2020,6,No Alert,0.04,Very Low,XGBoost
West Bengal,2020,7,No Alert,0.14,Very Low,XGBoost
West Bengal,2020,8,No Alert,0.21,Very Low,XGBoost
West Bengal,2020,9,No Alert,0.05,Very Low,XGBoost
West Bengal,2020,10,No Alert,0.01,Very Low,XGBoost
West Bengal,2020,11,No Alert,0.03,Very Low,XGBoost
West Bengal,2020,12,No Alert,0.04,Very Low,XGBoost
West Bengal,2021,1,No Alert,0.02,Very Low,XGBoost
West Bengal,2021,2,No Alert,0.04,Very Low,XGBoost
West Bengal,2021,3,No Alert,0.09,Very Low,XGBoost
West Bengal,2021,4,No Alert,43.61,Low,XGBoost
West Bengal,2021,5,No Alert,0.01,Very Low,XGBoost
West Bengal,2021,6,No Alert,0.07,Very Low,XGBoost
West Bengal,2021,7,No Alert,0.09,Very Low,XGBoost
West Bengal,2021,8,No Alert,0.1,Very Low,XGBoost
West Bengal,2021,9,No Alert,0.02,Very Low,XGBoost
West Bengal,2021,10,No Alert,0.01,Very Low,XGBoost
West Bengal,2021,11,No Alert,0.02,Very Low,XGBoost
West Bengal,2021,12,No Alert,0.03,Very Low,XGBoost
West Bengal,2022,1,No Alert,0.04,Very Low,XGBoost
West Bengal,2022,2,No Alert,0.02,Very Low,XGBoost
West Bengal,2022,3,No Alert,0.03,Very Low,XGBoost
West Bengal,2022,4,Alert,85.51,High,XGBoost
West Bengal,2022,5,No Alert,0.05,Very Low,XGBoost
West Bengal,2022,6,No Alert,0.15,Very Low,XGBoost
West Bengal,2022,7,No Alert,0.03,Very Low,XGBoost
West Bengal,2022,8,No Alert,0.08,Very Low,XGBoost
West Bengal,2022,9,No Alert,0.03,Very Low,XGBoost
West Bengal,2022,10,No Alert,0.01,Very Low,XGBoost
West Bengal,2022,11,No Alert,0.03,Very Low,XGBoost
West Bengal,2022,12,No Alert,0.04,Very Low,XGBoost
West Bengal,2023,1,No Alert,0.03,Very Low,XGBoost
West Bengal,2023,2,No Alert,0.03,Very Low,XGBoost
West Bengal,2023,3,No Alert,0.02,Very Low,XGBoost
West Bengal,2023,4,Alert,95.45,High,XGBoost
West Bengal,2023,5,No Alert,0.04,Very Low,XGBoost
West Bengal,2023,6,No Alert,21.13,Low,XGBoost
West Bengal,2023,7,No Alert,0.05,Very Low,XGBoost
West Bengal,2023,8,No Alert,0.13,Very Low,XGBoost
West Bengal,2023,9,No Alert,0.03,Very Low,XGBoost
West Bengal,2023,10,No Alert,0.01,Very Low,XGBoost
West Bengal,2023,11,No Alert,0.03,Very Low,XGBoost
West Bengal,2023,12,No Alert,0.03,Very Low,XGBoost
West Bengal,2024,1,No Alert,0.02,Very Low,XGBoost
West Bengal,2024,2,No Alert,0.02,Very Low,XGBoost
West Bengal,2024,3,No Alert,0.02,Very Low,XGBoost
West Bengal,2024,4,Alert,99.81,High,XGBoost
West Bengal,2024,5,Alert,98.42,High,XGBoost
West Bengal,2024,6,No Alert,0.13,Very Low,XGBoost
West Bengal,2024,7,No Alert,0.06,Very Low,XGBoost
West Bengal,2024,8,No Alert,0.03,Very Low,XGBoost
West Bengal,2024,9,No Alert,0.04,Very Low,XGBoost
West Bengal,2024,10,No Alert,0.01,Very Low,XGBoost
West Bengal,2024,11,No Alert,0.03,Very Low,XGBoost
West Bengal,2024,12,No Alert,0.03,Very Low,XGBoost
West Bengal,2025,1,No Alert,0.03,Very Low,XGBoost
West Bengal,2025,2,No Alert,0.02,Very Low,XGBoost
West Bengal,2025,3,No Alert,0.04,Very Low,XGBoost
West Bengal,2025,4,Alert,98.19,High,XGBoost
West Bengal,2025,5,No Alert,23.34,Low,XGBoost
West Bengal,2025,6,No Alert,0.06,Very Low,XGBoost
West Bengal,2025,7,No Alert,0.03,Very Low,XGBoost
West Bengal,2025,8,No Alert,0.02,Very Low,XGBoost
West Bengal,2025,9,No Alert,0.02,Very Low,XGBoost
West Bengal,2025,10,No Alert,0.03,Very Low,XGBoost
West Bengal,2025,11,No Alert,0.03,Very Low,XGBoost
West Bengal,2025,12,No Alert,0.03,Very Low,XGBoost
